{"type":"FeatureCollection","features":[{"type":"Feature","geometry":{"type":"Point","coordinates":[-5.728640556335449,36.46123959369657]},"properties":{"id":"0646e55ca638c179","tipo":"colegio_publico","nombre":"Colegio de Educación Infantil y Primaria Al-Kalat","direccion":"Avda. San Antonio, s/n","municipio":"Alcalá de los Gazules","provincia":"Cádiz","cp":"11180","telefono":"956418500","email":"11000010.edu@juntadeandalucia.es","web":null,"etapas":"EI,EP,EE","fuente":"junta_andalucia","confianza":"alta"}},{"type":"Feature","geometry":{"type":"Point","coordinates":[-5.7242149114608765,36.462503697279686]},"properties":{"id":"663106b02201469f","tipo":"colegio_privado","nombre":"Centro Docente Privado Escuelas Profesionales de la Sagrada Familia","direccion":"C/ Sánchez Aguayo, 2","municipio":"Alcalá de los Gazules","provincia":"Cádiz","cp":"11180","telefono":"956413061","email":"11000022.edu@juntadeandalucia.es","web":null,"etapas":"EP,ESO,FP","fuente":"junta_andalucia","confianza":"alta"}},{"type":"Feature","geometry":{"type":"Point","coordinates":[-5.723074729,36.46321768]},"properties":{"id":"64509a1ecd534824","tipo":"colegio_privado","nombre":"Centro Docente Privado Jesús, María y José","direccion":"C/ Ángel de Viera, 1","municipio":"Alcalá de los Gazules","provincia":"Cádiz","cp":"11180","telefono":"956413383","email":"11000034.edu@juntadeandalucia.es","web":null,"etapas":"EI,EP","fuente":"junta_andalucia","confianza":"alta"}},{"type":"Feature","geometry":{"type":"Point","coordinates":[-5.171065916,36.903255065]},"properties":{"id":"9cf2453fd7ecce8b","tipo":"colegio_publico","nombre":"Colegio de Educación Infantil y Primaria Maestro José Arenas Pulido","direccion":"Avda. de la Libertad, s/n","municipio":"Alcalá del Valle","provincia":"Cádiz","cp":"11693","telefono":"956128636","email":"11000071.edu@juntadeandalucia.es","web":null,"etapas":"EI,EP","fuente":"junta_andalucia","confianza":"alta"}},{"type":"Feature","geometry":{"type":"Point","coordinates":[-5.25869607925415,36.934289663586405]},"properties":{"id":"9334b11abf97aa27","tipo":"colegio_publico","nombre":"Escuela Infantil Gloria Fuertes","direccion":"C/ Juan Acevedo, s/n","municipio":"Olvera","provincia":"Cádiz","cp":"11690","telefono":"956128655","email":"11000083.edu@juntadeandalucia.es","web":null,"etapas":"EI","fuente":"junta_andalucia","confianza":"alta"}},{"type":"Feature","geometry":{"type":"Point","coordinates":[-5.657052867,36.656023152]},"properties":{"id":"29d457ff1e18db4c","tipo":"colegio_publico","nombre":"Colegio de Educación Infantil y Primaria Sierra de Cádiz","direccion":"Avda. Diputación, s/n","municipio":"Algar","provincia":"Cádiz","cp":"11639","telefono":"697952438","email":"11000095.edu@juntadeandalucia.es","web":null,"etapas":"EI,EP","fuente":"junta_andalucia","confianza":"alta"}},{"type":"Feature","geometry":{"type":"Point","coordinates":[-5.454068183898926,36.12054358403022]},"properties":{"id":"d1851952a1a8eff8","tipo":"colegio_publico","nombre":"Colegio de Educación Infantil y Primaria Alfonso XI","direccion":"Paseo Adaja, s/n. Bda. Piñera y Guadalmina","municipio":"Algeciras","provincia":"Cádiz","cp":"11206","telefono":"956670700","email":"11000113.edu@juntadeandalucia.es","web":null,"etapas":"EI,EP","fuente":"junta_andalucia","confianza":"alta"}},{"type":"Feature","geometry":{"type":"Point","coordinates":[-5.4468101263046265,36.11921001134127]},"properties":{"id":"091c26d9be5064b4","tipo":"colegio_publico","nombre":"Colegio de Educación Primaria Juan Sebastián Elcano","direccion":"C/ General Marina, s/n","municipio":"Algeciras","provincia":"Cádiz","cp":"11207","telefono":"671567523","email":"11000137.edu@juntadeandalucia.es","web":null,"etapas":"EP","fuente":"junta_andalucia","confianza":"alta"}},{"type":"Feature","geometry":{"type":"Point","coordinates":[-5.554339075,36.788045127]},"properties":{"id":"1f4d6a6c9e679ddd","tipo":"colegio_publico","nombre":"Escuela Infantil Azahar","direccion":"C/ Escuela, s/n","municipio":"Prado del Rey","provincia":"Cádiz","cp":"11660","telefono":"956709622","email":"11000149.edu@juntadeandalucia.es","web":null,"etapas":"EI","fuente":"junta_andalucia","confianza":"alta"}},{"type":"Feature","geometry":{"type":"Point","coordinates":[-5.451038819,36.133077379]},"properties":{"id":"b520da4b43959ab5","tipo":"colegio_publico","nombre":"Colegio de Educación Infantil y Primaria General Castaños","direccion":"Avda. Virgen de Europa, 2","municipio":"Algeciras","provincia":"Cádiz","cp":"11201","telefono":"956670709","email":"11000150.edu@juntadeandalucia.es","web":null,"etapas":"EI,EP","fuente":"junta_andalucia","confianza":"alta"}},{"type":"Feature","geometry":{"type":"Point","coordinates":[-5.451997518539429,36.13892312926426]},"properties":{"id":"9ef3a23d2a933880","tipo":"colegio_publico","nombre":"Colegio de Educación Infantil y Primaria Santa Teresa de Jesús","direccion":"Avda. Príncipes de España, s/n. Bda. Reconquista","municipio":"Algeciras","provincia":"Cádiz","cp":"11202","telefono":"956670711","email":"11000162.edu@juntadeandalucia.es","web":null,"etapas":"EI,EP,EE","fuente":"junta_andalucia","confianza":"alta"}},{"type":"Feature","geometry":{"type":"Point","coordinates":[-6.162064075469971,36.417984488126486]},"properties":{"id":"ad273d0ea955afd9","tipo":"colegio_publico","nombre":"Colegio de Educación Infantil y Primaria Sancti Petri","direccion":"C/ Mistral, s/n","municipio":"Chiclana de la Frontera","provincia":"Cádiz","cp":"11130","telefono":"956243293","email":"11000186.edu@juntadeandalucia.es","web":null,"etapas":"EI,EP","fuente":"junta_andalucia","confianza":"alta"}},{"type":"Feature","geometry":{"type":"Point","coordinates":[-5.447866229,36.140388734]},"properties":{"id":"5f15eda9850d5354","tipo":"colegio_publico","nombre":"Colegio de Educación Infantil y Primaria Virgen del Mar","direccion":"C/ Manuel de Falla, s/n","municipio":"Algeciras","provincia":"Cádiz","cp":"11204","telefono":"956670119","email":"11000198.edu@juntadeandalucia.es","web":null,"etapas":"EI,EP,EE","fuente":"junta_andalucia","confianza":"alta"}},{"type":"Feature","geometry":{"type":"Point","coordinates":[-5.452331863,36.134997699]},"properties":{"id":"79e98cf4a14aeeb0","tipo":"colegio_publico","nombre":"Centro Específico de Educación Especial Virgen de la Esperanza","direccion":"Avda. Europa, s/n. Urb. Bernabé","municipio":"Algeciras","provincia":"Cádiz","cp":"11204","telefono":"956670625","email":"11000204.edu@juntadeandalucia.es","web":null,"etapas":"EE","fuente":"junta_andalucia","confianza":"alta"}},{"type":"Feature","geometry":{"type":"Point","coordinates":[-5.454233701,36.131849246]},"properties":{"id":"2117871be6b6085a","tipo":"colegio_privado","nombre":"Centro Docente Privado Maestro Isidoro Visuara","direccion":"C/ San José, 6 y San Francisco, 14","municipio":"Algeciras","provincia":"Cádiz","cp":"11203","telefono":"956661594","email":"sanfrancisco1936@gmail.com","web":null,"etapas":"EI,EP","fuente":"junta_andalucia","confianza":"alta"}},{"type":"Feature","geometry":{"type":"Point","coordinates":[-5.453694725,36.152707276]},"properties":{"id":"04fd7c3d69336668","tipo":"colegio_privado","nombre":"Centro Docente Privado La Inmaculada","direccion":"C/ Misioneras Concepcionistas s/n","municipio":"Algeciras","provincia":"Cádiz","cp":"11205","telefono":"956660900","email":"colegio@lainmaculadaalgeciras.com","web":null,"etapas":"EI,EP,ESO,BACH","fuente":"junta_andalucia","confianza":"alta"}},{"type":"Feature","geometry":{"type":"Point","coordinates":[-5.449776649475098,36.14702401350324]},"properties":{"id":"9571774d0bec0b8b","tipo":"colegio_publico","nombre":"Instituto de Educación Secundaria Bahía de Algeciras","direccion":"Avda. Holanda, s/n","municipio":"Algeciras","provincia":"Cádiz","cp":"11205","telefono":"956670752","email":"11000231.edu@juntadeandalucia.es","web":null,"etapas":"ESO,EE","fuente":"junta_andalucia","confianza":"alta"}},{"type":"Feature","geometry":{"type":"Point","coordinates":[-5.454543150533205,36.129977907527525]},"properties":{"id":"97f89baf01938afd","tipo":"colegio_privado","nombre":"Centro Docente Privado Huerta de la Cruz","direccion":"C/ San Vicente de Paúl, 7","municipio":"Algeciras","provincia":"Cádiz","cp":"11203","telefono":"956660550","email":"secretaria@cevhuertadelacruzesur.es","web":null,"etapas":"EI,EP,ESO","fuente":"junta_andalucia","confianza":"alta"}},{"type":"Feature","geometry":{"type":"Point","coordinates":[-5.453435182571411,36.12975555842015]},"properties":{"id":"f7a9d0fae52db165","tipo":"colegio_privado","nombre":"Centro Docente Privado María Auxiliadora","direccion":"Avda. María Auxiliadora, 19","municipio":"Algeciras","provincia":"Cádiz","cp":"11203","telefono":"956660500","email":"direcciontitular.algeciras@salesianos.edu","web":null,"etapas":"EP,ESO,BACH,FP","fuente":"junta_andalucia","confianza":"alta"}},{"type":"Feature","geometry":{"type":"Point","coordinates":[-5.4894304275512695,36.1799041436916]},"properties":{"id":"8bb5f25d7b02e942","tipo":"colegio_publico","nombre":"Instituto de Educación Secundaria Carlos Cano","direccion":"Avda. Carlos Cano, s/n","municipio":"Los Barrios","provincia":"Cádiz","cp":"11370","telefono":"956670558","email":"11000289.edu@juntadeandalucia.es","web":null,"etapas":"ESO,BACH,EE","fuente":"junta_andalucia","confianza":"alta"}},{"type":"Feature","geometry":{"type":"Point","coordinates":[-5.444682414,36.125519275]},"properties":{"id":"809217ecfd007e17","tipo":"colegio_privado","nombre":"Centro Docente Privado San José Virgen de la Palma","direccion":"C/ San Nicolás, 4","municipio":"Algeciras","provincia":"Cádiz","cp":"11207","telefono":"956602304","email":"sjosevpalma@colegiosfec.com","web":null,"etapas":"EI,EP,ESO","fuente":"junta_andalucia","confianza":"alta"}},{"type":"Feature","geometry":{"type":"Point","coordinates":[-5.461835861206055,36.154578308849594]},"properties":{"id":"834b99abdbb0aa22","tipo":"colegio_privado","nombre":"Centro Docente Privado Los Pinos","direccion":"C/ Tamarindo, s/n. Colonia San Miguel","municipio":"Algeciras","provincia":"Cádiz","cp":"11205","telefono":"956639451","email":"colegiolospinos@colegiolospinos.eu","web":null,"etapas":"EI,EP,ESO,BACH","fuente":"junta_andalucia","confianza":"alta"}},{"type":"Feature","geometry":{"type":"Point","coordinates":[-5.45189794,36.123911608]},"properties":{"id":"12dc02f93b69fc7f","tipo":"colegio_publico","nombre":"Colegio de Educación Infantil y Primaria Virgen del Pilar","direccion":"C/ Segre, s/n. Bda. La Piñera","municipio":"Algeciras","provincia":"Cádiz","cp":"11206","telefono":"956670759","email":"11000332.edu@juntadeandalucia.es","web":null,"etapas":"EI,EP,EE","fuente":"junta_andalucia","confianza":"alta"}},{"type":"Feature","geometry":{"type":"Point","coordinates":[-5.456401344,36.137942615]},"properties":{"id":"209ee20a3c7ad820","tipo":"colegio_publico","nombre":"Instituto de Educación Secundaria Isla Verde","direccion":"Ctra. de Cádiz-Málaga, s/n","municipio":"Algeciras","provincia":"Cádiz","cp":"11203","telefono":"956660970","email":"11000368.edu@juntadeandalucia.es","web":null,"etapas":"ESO,BACH,FP","fuente":"junta_andalucia","confianza":"alta"}},{"type":"Feature","geometry":{"type":"Point","coordinates":[-5.451722123,36.133613178]},"properties":{"id":"eb6f0e590fa13095","tipo":"colegio_publico","nombre":"Instituto de Educación Secundaria Kursaal","direccion":"Avda. Virgen de Europa, 4","municipio":"Algeciras","provincia":"Cádiz","cp":"11201","telefono":"956670767","email":"11000371.edu@juntadeandalucia.es","web":null,"etapas":"ESO,BACH,FP,EE,ADUL","fuente":"junta_andalucia","confianza":"alta"}},{"type":"Feature","geometry":{"type":"Point","coordinates":[-5.448585748672485,36.127346510523786]},"properties":{"id":"5848348a58774eb4","tipo":"colegio_publico","nombre":"Instituto de Educación Secundaria Ventura Morón","direccion":"Plaza Joaquín Ibáñez, 3","municipio":"Algeciras","provincia":"Cádiz","cp":"11203","telefono":"956663200","email":"11000381.edu@juntadeandalucia.es","web":null,"etapas":"ESO,FP","fuente":"junta_andalucia","confianza":"alta"}},{"type":"Feature","geometry":{"type":"Point","coordinates":[-5.460485825,36.11182927]},"properties":{"id":"f79c8bb0464d2903","tipo":"colegio_publico","nombre":"Colegio de Educación Infantil y Primaria Ntra. Sra. de Europa","direccion":"C/ Maestro Luis Cano Toba, s/n. Los  Pastores","municipio":"Algeciras","provincia":"Cádiz","cp":"11206","telefono":"956670769","email":"11000393.edu@juntadeandalucia.es","web":null,"etapas":"EI,EP","fuente":"junta_andalucia","confianza":"alta"}},{"type":"Feature","geometry":{"type":"Point","coordinates":[-5.457007884979248,36.137216205251654]},"properties":{"id":"b7f79e4692ee9c1a","tipo":"colegio_publico","nombre":"Colegio de Educación Infantil y Primaria Puerta del Mar","direccion":"Ctra. Málaga. Urb. Parque Bolonia","municipio":"Algeciras","provincia":"Cádiz","cp":"11204","telefono":"956670585","email":"11000435.edu@juntadeandalucia.es","web":null,"etapas":"EI,EP,EE","fuente":"junta_andalucia","confianza":"alta"}},{"type":"Feature","geometry":{"type":"Point","coordinates":[-5.448281737,36.136955305]},"properties":{"id":"ad073e54df69949d","tipo":"colegio_publico","nombre":"Escuela de Arte Algeciras","direccion":"C/ Fray Tomás del Valle, 2","municipio":"Algeciras","provincia":"Cádiz","cp":"11202","telefono":"956670112","email":"11000447.edu@juntadeandalucia.es","web":null,"etapas":"BACH,ART","fuente":"junta_andalucia","confianza":"alta"}},{"type":"Feature","geometry":{"type":"Point","coordinates":[-5.501993894577026,36.08213716218144]},"properties":{"id":"dfec7a415d2ad530","tipo":"colegio_publico","nombre":"Colegio de Educación Infantil y Primaria Pelayo","direccion":"C/ Cabeza de Manzaneda, 2","municipio":"Algeciras","provincia":"Cádiz","cp":"11390","telefono":"956670134","email":"11000496.edu@juntadeandalucia.es","web":null,"etapas":"EI,EP","fuente":"junta_andalucia","confianza":"alta"}},{"type":"Feature","geometry":{"type":"Point","coordinates":[-5.466426017,36.148308647]},"properties":{"id":"920e2ae947980243","tipo":"colegio_publico","nombre":"Colegio de Educación Infantil y Primaria Adalides","direccion":"C/ Adalides, s/n","municipio":"Algeciras","provincia":"Cádiz","cp":"11204","telefono":"956670100","email":"11000502.edu@juntadeandalucia.es","web":null,"etapas":"EI,EP,EE","fuente":"junta_andalucia","confianza":"alta"}},{"type":"Feature","geometry":{"type":"Point","coordinates":[-5.446142859,36.157521569]},"properties":{"id":"117275baca1dc6d2","tipo":"colegio_privado","nombre":"Centro Docente Privado Nuestra Señora de los Milagros","direccion":"Avda. de la Diputación, 93","municipio":"Algeciras","provincia":"Cádiz","cp":"11205","telefono":"956660087","email":"nsmilagrosa@planalfa.es","web":null,"etapas":"EI,EP,ESO,FP","fuente":"junta_andalucia","confianza":"alta"}},{"type":"Feature","geometry":{"type":"Point","coordinates":[-5.405409371,36.878939792]},"properties":{"id":"13fc7ece9858d6d2","tipo":"colegio_publico","nombre":"Colegio de Educación Primaria Miguel de Cervantes","direccion":"C/ Arco, 27","municipio":"Algodonales","provincia":"Cádiz","cp":"11680","telefono":"956128658","email":"11000551.edu@juntadeandalucia.es","web":null,"etapas":"EP","fuente":"junta_andalucia","confianza":"alta"}},{"type":"Feature","geometry":{"type":"Point","coordinates":[-5.409446954727173,36.879509039252994]},"properties":{"id":"83d38975c424bf09","tipo":"colegio_privado","nombre":"Centro Docente Privado San José","direccion":"C/ Arrabalería, 3","municipio":"Algodonales","provincia":"Cádiz","cp":"11680","telefono":"956138184","email":"11000563.edu@juntadeandalucia.es","web":null,"etapas":"EI,EP","fuente":"junta_andalucia","confianza":"alta"}},{"type":"Feature","geometry":{"type":"Point","coordinates":[-5.928452141,36.191353206]},"properties":{"id":"41956778dbccd597","tipo":"colegio_publico","nombre":"Instituto de Educación Secundaria Torre del Tajo","direccion":"Bda. Jarillo, s/n","municipio":"Barbate","provincia":"Cádiz","cp":"11160","telefono":"956459509","email":"11000605.edu@juntadeandalucia.es","web":null,"etapas":"ESO,BACH,FP","fuente":"junta_andalucia","confianza":"alta"}},{"type":"Feature","geometry":{"type":"Point","coordinates":[-5.813441276550293,36.74980251060249]},"properties":{"id":"ecb2b5f488c309ed","tipo":"colegio_publico","nombre":"Colegio de Educación Infantil y Primaria San Miguel","direccion":"Avda. Duque de Arcos, 27","municipio":"Arcos de la Frontera","provincia":"Cádiz","cp":"11630","telefono":"956709635","email":"11000629.edu@juntadeandalucia.es","web":null,"etapas":"EI,EP","fuente":"junta_andalucia","confianza":"alta"}},{"type":"Feature","geometry":{"type":"Point","coordinates":[-5.25608628988266,36.930880695384985]},"properties":{"id":"fe66149661f54107","tipo":"colegio_publico","nombre":"Instituto de Educación Secundaria Sierra de Líjar","direccion":"Avda. Manuel de Falla, s/n","municipio":"Olvera","provincia":"Cádiz","cp":"11690","telefono":"956128934","email":"11000630.edu@juntadeandalucia.es","web":null,"etapas":"ESO,FP,EE","fuente":"junta_andalucia","confianza":"alta"}},{"type":"Feature","geometry":{"type":"Point","coordinates":[-5.796317229,36.741362331]},"properties":{"id":"e25135c0cb78655d","tipo":"colegio_publico","nombre":"Colegio de Educación Infantil y Primaria Alfonso X El Sabio","direccion":"Avda. Alfonso X El Sabio, 10","municipio":"Arcos de la Frontera","provincia":"Cádiz","cp":"11630","telefono":"671531125","email":"11000642.edu@juntadeandalucia.es","web":null,"etapas":"EI,EP","fuente":"junta_andalucia","confianza":"alta"}},{"type":"Feature","geometry":{"type":"Point","coordinates":[-5.816250657360229,36.754277027108216]},"properties":{"id":"8ddc99eb6c19d026","tipo":"colegio_privado","nombre":"Centro Docente Privado La Salle-Fundación Moreno Bachiller","direccion":"C/ San Francisco, 30","municipio":"Arcos de la Frontera","provincia":"Cádiz","cp":"11630","telefono":"956700611","email":null,"web":null,"etapas":"EI,EP,ESO,BACH,FP","fuente":"junta_andalucia","confianza":"alta"}},{"type":"Feature","geometry":{"type":"Point","coordinates":[-6.3546788692474365,36.775106558783904]},"properties":{"id":"a51500b827d22471","tipo":"colegio_privado","nombre":"Centro Docente Privado Nuestra Señora de la Caridad","direccion":"C/ Monte de Piedad, 15","municipio":"Sanlúcar de Barrameda","provincia":"Cádiz","cp":"11540","telefono":"956360436","email":"11000678.edu@juntadeandalucia.es","web":null,"etapas":"EI","fuente":"junta_andalucia","confianza":"alta"}},{"type":"Feature","geometry":{"type":"Point","coordinates":[-5.810292363166809,36.75181837343658]},"properties":{"id":"440aed722fa2905a","tipo":"colegio_publico","nombre":"Colegio de Educación Infantil y Primaria San Francisco","direccion":"C/ Torre Alhaquime, 8","municipio":"Arcos de la Frontera","provincia":"Cádiz","cp":"11630","telefono":"956709937","email":"11000691.edu@juntadeandalucia.es","web":null,"etapas":"EI,EP,EE","fuente":"junta_andalucia","confianza":"alta"}},{"type":"Feature","geometry":{"type":"Point","coordinates":[-5.817017972,36.756914121]},"properties":{"id":"6930092ebc1701aa","tipo":"colegio_publico","nombre":"Instituto de Educación Secundaria Alminares","direccion":"Avda. de la Constitución, s/n","municipio":"Arcos de la Frontera","provincia":"Cádiz","cp":"11630","telefono":"956709910","email":"11000711.edu@juntadeandalucia.es","web":null,"etapas":"ESO,BACH,FP,ADUL","fuente":"junta_andalucia","confianza":"alta"}},{"type":"Feature","geometry":{"type":"Point","coordinates":[-5.804976224899292,36.747644747989234]},"properties":{"id":"833e79f2926c329c","tipo":"colegio_publico","nombre":"Colegio de Educación Infantil y Primaria Ntra. Sra. de las Nieves","direccion":"C/ Boticas, 8","municipio":"Arcos de la Frontera","provincia":"Cádiz","cp":"11630","telefono":"956709947","email":"11000721.edu@juntadeandalucia.es","web":null,"etapas":"EI,EP","fuente":"junta_andalucia","confianza":"alta"}},{"type":"Feature","geometry":{"type":"Point","coordinates":[-5.931184887886047,36.720835292147385]},"properties":{"id":"a248ede0b6a6889b","tipo":"colegio_publico","nombre":"Colegio de Educación Infantil y Primaria Juan XXIII","direccion":"C/ Juan XXIII, s/n","municipio":"Arcos de la Frontera","provincia":"Cádiz","cp":"11620","telefono":"956709949","email":"11000757.edu@juntadeandalucia.es","web":null,"etapas":"EI,EP","fuente":"junta_andalucia","confianza":"alta"}},{"type":"Feature","geometry":{"type":"Point","coordinates":[-5.919613838195801,36.187715044334986]},"properties":{"id":"0ac9b0834ca1e0b0","tipo":"colegio_publico","nombre":"Colegio de Educación Infantil y Primaria Juan XXIII","direccion":"C/ Tierno Galván, 10","municipio":"Barbate","provincia":"Cádiz","cp":"11160","telefono":"956459923","email":"11000769.edu@juntadeandalucia.es","web":null,"etapas":"EI,EP","fuente":"junta_andalucia","confianza":"alta"}},{"type":"Feature","geometry":{"type":"Point","coordinates":[-5.925568747,36.190648755]},"properties":{"id":"492fd3bdc80cfb4d","tipo":"colegio_publico","nombre":"Colegio de Educación Infantil y Primaria Bahía de Barbate","direccion":"C/ Madrid, 2","municipio":"Barbate","provincia":"Cádiz","cp":"11160","telefono":"956459517","email":"11000770.edu@juntadeandalucia.es","web":null,"etapas":"EI,EP,EE","fuente":"junta_andalucia","confianza":"alta"}},{"type":"Feature","geometry":{"type":"Point","coordinates":[-5.922866234,36.193012853]},"properties":{"id":"1670e36432585f25","tipo":"colegio_publico","nombre":"Colegio de Educación Infantil y Primaria Maestra Áurea López","direccion":"C/ Antonio Pedrosa, 34","municipio":"Barbate","provincia":"Cádiz","cp":"11160","telefono":"956459607","email":"11000782.edu@juntadeandalucia.es","web":null,"etapas":"EI,EP","fuente":"junta_andalucia","confianza":"alta"}},{"type":"Feature","geometry":{"type":"Point","coordinates":[-5.919227600097656,36.19210508667588]},"properties":{"id":"1f6c2b3a9dde7db6","tipo":"colegio_publico","nombre":"Colegio de Educación Infantil y Primaria Estrella del Mar","direccion":"Plaza de la Inmaculada, 4","municipio":"Barbate","provincia":"Cádiz","cp":"11160","telefono":"956459524","email":"11000794.edu@juntadeandalucia.es","web":null,"etapas":"EI,EP","fuente":"junta_andalucia","confianza":"alta"}},{"type":"Feature","geometry":{"type":"Point","coordinates":[-5.922223939680407,36.18912082320622]},"properties":{"id":"3655ddcca03dd9a4","tipo":"colegio_publico","nombre":"Colegio de Educación Infantil y Primaria Baessipo","direccion":"Avda. de la Mar, 84","municipio":"Barbate","provincia":"Cádiz","cp":"11160","telefono":"956459925","email":"11000812.edu@juntadeandalucia.es","web":null,"etapas":"EI,EP,EE","fuente":"junta_andalucia","confianza":"alta"}},{"type":"Feature","geometry":{"type":"Point","coordinates":[-5.92538595199585,36.19113964482478]},"properties":{"id":"f5a47f4abb283125","tipo":"colegio_publico","nombre":"Instituto de Educación Secundaria Trafalgar","direccion":"C/ Madrid, 4","municipio":"Barbate","provincia":"Cádiz","cp":"11160","telefono":"956459579","email":"11000824.edu@juntadeandalucia.es","web":null,"etapas":"ESO,BACH,ADUL","fuente":"junta_andalucia","confianza":"alta"}},{"type":"Feature","geometry":{"type":"Point","coordinates":[-5.843750238418579,36.13533594648182]},"properties":{"id":"1df9f23b11ff9105","tipo":"colegio_publico","nombre":"Colegio de Educación Infantil y Primaria Miguel de Cervantes","direccion":"C/ Cervantes, 12","municipio":"Barbate","provincia":"Cádiz","cp":"11393","telefono":"956459674","email":"11000851.edu@juntadeandalucia.es","web":null,"etapas":"EI,EP","fuente":"junta_andalucia","confianza":"alta"}},{"type":"Feature","geometry":{"type":"Point","coordinates":[-5.489623546600342,36.18496140107185]},"properties":{"id":"74b6ffc7fe6fd52b","tipo":"colegio_publico","nombre":"Colegio de Educación Infantil y Primaria San Isidro Labrador","direccion":"Avda. Don Juan Rodríguez, 4","municipio":"Los Barrios","provincia":"Cádiz","cp":"11370","telefono":"956670908","email":"11000885.edu@juntadeandalucia.es","web":null,"etapas":"EI,EP","fuente":"junta_andalucia","confianza":"alta"}},{"type":"Feature","geometry":{"type":"Point","coordinates":[-5.435707226,36.190559616]},"properties":{"id":"3f4198ff936469d6","tipo":"colegio_publico","nombre":"Colegio de Educación Infantil y Primaria Los Cortijillos","direccion":"C/ Tarifa, s/n","municipio":"Los Barrios","provincia":"Cádiz","cp":"11379","telefono":"956670910","email":"11000939.edu@juntadeandalucia.es","web":null,"etapas":"EI,EP","fuente":"junta_andalucia","confianza":"alta"}},{"type":"Feature","geometry":{"type":"Point","coordinates":[-5.433415174484253,36.17485955061551]},"properties":{"id":"b722c9056378ddd9","tipo":"colegio_publico","nombre":"Colegio de Educación Infantil y Primaria Ntra. Sra. de Guadalupe","direccion":"Avda. Andalucía, s/n","municipio":"Los Barrios","provincia":"Cádiz","cp":"11379","telefono":"956670912","email":"11000952.edu@juntadeandalucia.es","web":null,"etapas":"EI,EP","fuente":"junta_andalucia","confianza":"alta"}},{"type":"Feature","geometry":{"type":"Point","coordinates":[-6.098643172,36.693769874]},"properties":{"id":"eeecbe942028f947","tipo":"colegio_privado","nombre":"Centro Docente Privado de Educación Especial U.P.A.C.E.","direccion":"Avda. Puerta del Sur, 13","municipio":"Jerez de la Frontera","provincia":"Cádiz","cp":"11408","telefono":"647954215","email":"11000964.edu@juntadeandalucia.es","web":null,"etapas":"EE","fuente":"junta_andalucia","confianza":"alta"}},{"type":"Feature","geometry":{"type":"Point","coordinates":[-5.421315348,36.700255754]},"properties":{"id":"1789349145f960d0","tipo":"colegio_publico","nombre":"Colegio de Educación Infantil y Primaria Abardela","direccion":"C/ Peñón Chico, s/n","municipio":"Benaocaz","provincia":"Cádiz","cp":"11612","telefono":"956128936","email":"11000976.edu@juntadeandalucia.es","web":null,"etapas":"EI,EP","fuente":"junta_andalucia","confianza":"alta"}},{"type":"Feature","geometry":{"type":"Point","coordinates":[-5.74235200881958,36.81833789396554]},"properties":{"id":"39445b831577f716","tipo":"colegio_publico","nombre":"Colegio de Educación Infantil y Primaria San Juan de Ribera","direccion":"C/ Blas Infante, s/n","municipio":"Bornos","provincia":"Cádiz","cp":"11640","telefono":"956709951","email":"11000988.edu@juntadeandalucia.es","web":null,"etapas":"EI,EP","fuente":"junta_andalucia","confianza":"alta"}},{"type":"Feature","geometry":{"type":"Point","coordinates":[-5.748325403,36.814051117]},"properties":{"id":"566dc9f30f370739","tipo":"colegio_publico","nombre":"Colegio de Educación Infantil y Primaria San Fernando","direccion":"Plaza Maestro Don José de la Vega del Barrio, 1","municipio":"Bornos","provincia":"Cádiz","cp":"11640","telefono":"956709954","email":"11000991.edu@juntadeandalucia.es","web":null,"etapas":"EI,EP","fuente":"junta_andalucia","confianza":"alta"}},{"type":"Feature","geometry":{"type":"Point","coordinates":[-5.693376826,36.851508991]},"properties":{"id":"512f5015a4ce1518","tipo":"colegio_publico","nombre":"Colegio de Educación Infantil y Primaria San Isidro Labrador","direccion":"Plaza San Juan de Ribera, s/n","municipio":"Bornos","provincia":"Cádiz","cp":"11649","telefono":"956709957","email":"11001026.edu@juntadeandalucia.es","web":null,"etapas":"EI,EP","fuente":"junta_andalucia","confianza":"alta"}},{"type":"Feature","geometry":{"type":"Point","coordinates":[-5.505479995,36.758894527]},"properties":{"id":"c775645238fdc4d6","tipo":"colegio_publico","nombre":"Colegio de Educación Infantil y Primaria Albarracín","direccion":"C/ Huerta del Duque, s/n","municipio":"El Bosque","provincia":"Cádiz","cp":"11670","telefono":"956709541","email":"11001038.edu@juntadeandalucia.es","web":null,"etapas":"EI,EP","fuente":"junta_andalucia","confianza":"alta"}},{"type":"Feature","geometry":{"type":"Point","coordinates":[-6.287033932,36.523433651]},"properties":{"id":"745730b9186696d0","tipo":"colegio_privado","nombre":"Centro Docente Privado María Inmaculada","direccion":"C/ Santa Cruz de Tenerife, 1","municipio":"Cádiz","provincia":"Cádiz","cp":"11006","telefono":"956279646","email":"ce.cadiz.es@religiosasmariainmaculada.org","web":null,"etapas":null,"fuente":"junta_andalucia","confianza":"alta"}},{"type":"Feature","geometry":{"type":"Point","coordinates":[-6.279080336,36.510100888]},"properties":{"id":"07cdb3aabe131cc9","tipo":"colegio_publico","nombre":"Colegio de Educación Infantil y Primaria Reyes Católicos","direccion":"Avda. Ana de Viya, 36","municipio":"Cádiz","provincia":"Cádiz","cp":"11009","telefono":"956243143","email":"11001099.edu@juntadeandalucia.es","web":null,"etapas":"EI,EP","fuente":"junta_andalucia","confianza":"alta"}},{"type":"Feature","geometry":{"type":"Point","coordinates":[-6.304744918,36.534044658]},"properties":{"id":"b34f6a1e436a4af1","tipo":"colegio_publico","nombre":"Colegio de Educación Infantil y Primaria Josefina Pascual","direccion":"C/ Felipe Abarzuza, s/n","municipio":"Cádiz","provincia":"Cádiz","cp":"11002","telefono":"956243221","email":"11001129.edu@juntadeandalucia.es","web":null,"etapas":"EI,EP,EE","fuente":"junta_andalucia","confianza":"alta"}},{"type":"Feature","geometry":{"type":"Point","coordinates":[-6.268563866615295,36.4931033822068]},"properties":{"id":"0b11f54f6ced5e93","tipo":"colegio_publico","nombre":"Colegio de Educación Infantil y Primaria La Inmaculada","direccion":"Otros Fuerte Cortadura, s/n","municipio":"Cádiz","provincia":"Cádiz","cp":"11011","telefono":"956243423","email":"11001154.edu@juntadeandalucia.es","web":null,"etapas":"EI,EP","fuente":"junta_andalucia","confianza":"alta"}},{"type":"Feature","geometry":{"type":"Point","coordinates":[-6.281002600907868,36.517479865747084]},"properties":{"id":"b1f9fe67bb26a522","tipo":"colegio_publico","nombre":"Colegio de Educación Infantil y Primaria María Valle","direccion":"Avda. de la Constitución de 1812, s/n","municipio":"Cádiz","provincia":"Cádiz","cp":"11008","telefono":"956243223","email":"11001166.edu@juntadeandalucia.es","web":null,"etapas":"EI,EP","fuente":"junta_andalucia","confianza":"alta"}},{"type":"Feature","geometry":{"type":"Point","coordinates":[-6.292110961,36.527059883]},"properties":{"id":"19ae0ae4d3354ce9","tipo":"colegio_publico","nombre":"Colegio de Educación Infantil y Primaria Campo del Sur","direccion":"C/ Concepción Arenal, s/n","municipio":"Cádiz","provincia":"Cádiz","cp":"11006","telefono":"956243285","email":"11001178.edu@juntadeandalucia.es","web":null,"etapas":"EI,EP","fuente":"junta_andalucia","confianza":"alta"}},{"type":"Feature","geometry":{"type":"Point","coordinates":[-5.4512786865234375,36.11763157800336]},"properties":{"id":"74c911ae38a728ef","tipo":"colegio_publico","nombre":"Instituto de Educación Secundaria Ciudad de Algeciras","direccion":"C/ Juan Ramón Jiménez, s/n","municipio":"Algeciras","provincia":"Cádiz","cp":"11207","telefono":"956670777","email":"11001208.edu@juntadeandalucia.es","web":null,"etapas":"ESO,FP,EE","fuente":"junta_andalucia","confianza":"alta"}},{"type":"Feature","geometry":{"type":"Point","coordinates":[-6.274897338,36.51704596]},"properties":{"id":"69247b96de7c82b7","tipo":"colegio_privado","nombre":"Centro Docente Privado de Educación Especial Instituto Psicopedagógico Constitución de 1812 Cádiz","direccion":"C/ José Cadalso, 4","municipio":"Cádiz","provincia":"Cádiz","cp":"11012","telefono":"956250484","email":"centroescolar@afanascadiz.com","web":null,"etapas":"EE","fuente":"junta_andalucia","confianza":"alta"}},{"type":"Feature","geometry":{"type":"Point","coordinates":[-6.172460317611694,36.39941684595338]},"properties":{"id":"6a139f1fae1379d4","tipo":"guarderia","nombre":"Centro de Educación Infantil Churumbel","direccion":"C/ Gran Vía Los Gallos, 50. Urb. Cortijo los Gallos","municipio":"Chiclana de la Frontera","provincia":"Cádiz","cp":"11130","telefono":"956536401","email":"casechurumbel@yahoo.es","web":null,"etapas":"EI","fuente":"junta_andalucia","confianza":"alta"}},{"type":"Feature","geometry":{"type":"Point","coordinates":[-6.141933,36.685082]},"properties":{"id":"6737c30345c1b63a","tipo":"guarderia","nombre":"Centro de Educación Infantil El Salvador","direccion":"Plaza Ponce de León, 1","municipio":"Jerez de la Frontera","provincia":"Cádiz","cp":"11403","telefono":"956341688","email":"elsalvadorjf@planalfa.es","web":null,"etapas":"EI","fuente":"junta_andalucia","confianza":"alta"}},{"type":"Feature","geometry":{"type":"Point","coordinates":[-6.282226442,36.515609846]},"properties":{"id":"e5e3a42bc19e7403","tipo":"colegio_privado","nombre":"Centro Docente Privado San Felipe Neri","direccion":"Avda. Andalucía, 82","municipio":"Cádiz","provincia":"Cádiz","cp":"11008","telefono":"956261753","email":"info@sanfelipeneri.es","web":null,"etapas":"EI,EP,ESO,BACH","fuente":"junta_andalucia","confianza":"alta"}},{"type":"Feature","geometry":{"type":"Point","coordinates":[-6.082531213760376,36.27883365928448]},"properties":{"id":"a7ef382ccc479832","tipo":"colegio_publico","nombre":"Colegio de Educación Primaria Tomás Iglesias Pérez","direccion":"C/ Prado del Rey, s/n","municipio":"Conil de la Frontera","provincia":"Cádiz","cp":"11140","telefono":"956459697","email":"11001324.edu@juntadeandalucia.es","web":null,"etapas":"EP,EE","fuente":"junta_andalucia","confianza":"alta"}},{"type":"Feature","geometry":{"type":"Point","coordinates":[-6.281699758,36.522427341]},"properties":{"id":"acd5d7c237682c38","tipo":"colegio_privado","nombre":"Centro Docente Privado Argantonio","direccion":"C/ 24 de Julio, 6-10","municipio":"Cádiz","provincia":"Cádiz","cp":"11007","telefono":"956258107","email":"colegioargantonio@colegioargantonio.es","web":null,"etapas":"EI,EP,ESO,BACH","fuente":"junta_andalucia","confianza":"alta"}},{"type":"Feature","geometry":{"type":"Point","coordinates":[-6.2826859,36.516444183]},"properties":{"id":"d4d96340c6487114","tipo":"colegio_privado","nombre":"Centro Docente Privado María Auxiliadora","direccion":"Avda. Andalucía, 70","municipio":"Cádiz","provincia":"Cádiz","cp":"11008","telefono":"956251607","email":"titularcadiz@salesianas.org","web":null,"etapas":"EI,EP,ESO","fuente":"junta_andalucia","confianza":"alta"}},{"type":"Feature","geometry":{"type":"Point","coordinates":[-5.776877403259277,36.76240400751806]},"properties":{"id":"6be09a643f166882","tipo":"colegio_publico","nombre":"Colegio de Educación Infantil y Primaria El Santiscal","direccion":"Avda. del Corregidor s/n. Urb.  Santiscal","municipio":"Arcos de la Frontera","provincia":"Cádiz","cp":"11630","telefono":"956709959","email":"11001361.edu@juntadeandalucia.es","web":null,"etapas":"EI,EP,EE","fuente":"junta_andalucia","confianza":"alta"}},{"type":"Feature","geometry":{"type":"Point","coordinates":[-6.29217803478241,36.53611832163508]},"properties":{"id":"512e0002faeb0f98","tipo":"colegio_privado","nombre":"Centro Docente Privado Nuestra Señora del Carmen","direccion":"C/ Fernando el Católico, 2","municipio":"Cádiz","provincia":"Cádiz","cp":"11004","telefono":"956212293","email":"11001385.edu@juntadeandalucia.es","web":null,"etapas":"EI,EP,ESO","fuente":"junta_andalucia","confianza":"alta"}},{"type":"Feature","geometry":{"type":"Point","coordinates":[-6.2777745723724365,36.51129398342979]},"properties":{"id":"79902273cbdeace2","tipo":"colegio_privado","nombre":"Centro Docente Privado San Francisco de Asís","direccion":"C/ Trille, 13","municipio":"Cádiz","provincia":"Cádiz","cp":"11009","telefono":"956260823","email":"11001403.edu@juntadeandalucia.es","web":null,"etapas":"EI,EP,ESO","fuente":"junta_andalucia","confianza":"alta"}},{"type":"Feature","geometry":{"type":"Point","coordinates":[-6.275119185447693,36.50832539322476]},"properties":{"id":"29636772f021103e","tipo":"colegio_privado","nombre":"Centro Docente Privado Amor de Dios","direccion":"Avda. Marconi, 9","municipio":"Cádiz","provincia":"Cádiz","cp":"11010","telefono":"956255013","email":"11001476.edu@juntadeandalucia.es","web":null,"etapas":"EI,EP,ESO,BACH","fuente":"junta_andalucia","confianza":"alta"}},{"type":"Feature","geometry":{"type":"Point","coordinates":[-6.277700999,36.519996428]},"properties":{"id":"6381a7513c3364f8","tipo":"colegio_privado","nombre":"Centro Docente Privado Escuelas Profesionales de la Sagrada Familia","direccion":"Avda. San Severiano, 9","municipio":"Cádiz","provincia":"Cádiz","cp":"11007","telefono":"956266677","email":"cadiz@safa.edu","web":null,"etapas":"EI,EP,ESO","fuente":"junta_andalucia","confianza":"alta"}},{"type":"Feature","geometry":{"type":"Point","coordinates":[-6.278864185,36.512647824]},"properties":{"id":"b964d6069527aade","tipo":"colegio_privado","nombre":"Centro Docente Privado San Ignacio","direccion":"Avda. María Auxiliadora, 7","municipio":"Cádiz","provincia":"Cádiz","cp":"11009","telefono":"956261553","email":"direcciontitular.cadiz@salesianos.edu","web":null,"etapas":"EI,EP,ESO,BACH,FP","fuente":"junta_andalucia","confianza":"alta"}},{"type":"Feature","geometry":{"type":"Point","coordinates":[-6.284233384,36.519248881]},"properties":{"id":"0f54ffdf8107ca1b","tipo":"colegio_privado","nombre":"Centro Docente Privado Esclavas S.C.J.","direccion":"Avda. Andalucía, 50","municipio":"Cádiz","provincia":"Cádiz","cp":"11008","telefono":"956261106","email":"secretaria@cadiz.esclavasscj.com","web":null,"etapas":"EI,EP,ESO,BACH","fuente":"junta_andalucia","confianza":"alta"}},{"type":"Feature","geometry":{"type":"Point","coordinates":[-6.285102367401123,36.521423413349815]},"properties":{"id":"a7ab19b25437f8bc","tipo":"colegio_privado","nombre":"Centro Docente Privado San Vicente de Paúl","direccion":"C/ Granja de San Ildefonso, 8","municipio":"Cádiz","provincia":"Cádiz","cp":"11007","telefono":"956253474","email":"csvpcadiz@colegiosanvicentedepaul.org","web":null,"etapas":"EI,EP,ESO,BACH","fuente":"junta_andalucia","confianza":"alta"}},{"type":"Feature","geometry":{"type":"Point","coordinates":[-6.292523243,36.528093713]},"properties":{"id":"1a8f87b3befa89b0","tipo":"colegio_privado","nombre":"Centro Docente Privado La Salle-Mirandilla","direccion":"C/ San Juan Bautista de la Salle, 3","municipio":"Cádiz","provincia":"Cádiz","cp":"11002","telefono":"956266879","email":"dirmirandilla@lasalleandalucia.net","web":null,"etapas":"EI,EP","fuente":"junta_andalucia","confianza":"alta"}},{"type":"Feature","geometry":{"type":"Point","coordinates":[-6.292591094970703,36.53570885042024]},"properties":{"id":"4ebd04fa18c7a513","tipo":"colegio_publico","nombre":"Colegio de Educación Infantil y Primaria José Celestino Mutis","direccion":"C/ República El Salvador, s/n","municipio":"Cádiz","provincia":"Cádiz","cp":"11004","telefono":"956243328","email":"11001610.edu@juntadeandalucia.es","web":null,"etapas":"EI,EP,EE","fuente":"junta_andalucia","confianza":"alta"}},{"type":"Feature","geometry":{"type":"Point","coordinates":[-6.303268024,36.532923264]},"properties":{"id":"6e2a175e92dff656","tipo":"colegio_publico","nombre":"Colegio de Educación Infantil y Primaria San Rafael","direccion":"C/ San Rafael, s/n","municipio":"Cádiz","provincia":"Cádiz","cp":"11002","telefono":"956243229","email":"11001646.edu@juntadeandalucia.es","web":null,"etapas":"EI,EP","fuente":"junta_andalucia","confianza":"alta"}},{"type":"Feature","geometry":{"type":"Point","coordinates":[-6.0826921463012695,36.28156670120518]},"properties":{"id":"1d3f66a808fe9b31","tipo":"colegio_publico","nombre":"Instituto de Educación Secundaria Los Molinos","direccion":"C/ Puerto Real, 1","municipio":"Conil de la Frontera","provincia":"Cádiz","cp":"11140","telefono":"956459613","email":"11001661.edu@juntadeandalucia.es","web":null,"etapas":"ESO,EE","fuente":"junta_andalucia","confianza":"alta"}},{"type":"Feature","geometry":{"type":"Point","coordinates":[-6.303784693,36.531422202]},"properties":{"id":"6655d36bd3a13bb1","tipo":"colegio_publico","nombre":"Centro de Convenio Institución Provincial Fernando Quiñones","direccion":"C/ Recinto Interior Zona Franca. Edificio Europa, local 2, planta 1ª","municipio":"Cádiz","provincia":"Cádiz","cp":"11011","telefono":"956224101","email":"11001749.edu@juntadeandalucia.es","web":null,"etapas":null,"fuente":"junta_andalucia","confianza":"alta"}},{"type":"Feature","geometry":{"type":"Point","coordinates":[-6.288707256317139,36.524794566016645]},"properties":{"id":"432586a9ed0062e3","tipo":"colegio_publico","nombre":"Instituto de Educación Secundaria Columela","direccion":"C/ Barcelona, 2","municipio":"Cádiz","provincia":"Cádiz","cp":"11006","telefono":"956243233","email":"11001762.edu@juntadeandalucia.es","web":null,"etapas":"ESO,BACH,EE,ADUL","fuente":"junta_andalucia","confianza":"alta"}},{"type":"Feature","geometry":{"type":"Point","coordinates":[-6.274869034,36.51319921]},"properties":{"id":"7ad091207359559e","tipo":"colegio_publico","nombre":"Instituto de Educación Secundaria Rafael Alberti","direccion":"C/ Amiel, s/n","municipio":"Cádiz","provincia":"Cádiz","cp":"11012","telefono":"956243317","email":"11001828.edu@juntadeandalucia.es","web":null,"etapas":"ESO,BACH,FP","fuente":"junta_andalucia","confianza":"alta"}},{"type":"Feature","geometry":{"type":"Point","coordinates":[-6.301817893981934,36.52966566522664]},"properties":{"id":"d1347cb46e90df47","tipo":"colegio_privado","nombre":"Centro Docente Privado Juan Pablo II-María Milagrosa","direccion":"C/ Virgen de la Palma, 1","municipio":"Cádiz","provincia":"Cádiz","cp":"11002","telefono":"956221114","email":"colegio@juanpablosegundocadiz.es","web":null,"etapas":"EI,EP,ESO","fuente":"junta_andalucia","confianza":"alta"}},{"type":"Feature","geometry":{"type":"Point","coordinates":[-6.114921569824219,36.67692083371673]},"properties":{"id":"40d435c25f06b417","tipo":"colegio_publico","nombre":"Instituto de Educación Secundaria Fernando Savater","direccion":"C/ Parque Torcal de Antequera, s/n. Bda. Nazaret","municipio":"Jerez de la Frontera","provincia":"Cádiz","cp":"11406","telefono":"856811951","email":"11001890.edu@juntadeandalucia.es","web":null,"etapas":"ESO,BACH,EE","fuente":"junta_andalucia","confianza":"alta"}},{"type":"Feature","geometry":{"type":"Point","coordinates":[-6.220493316650391,36.56976944035483]},"properties":{"id":"db43ea8127cecf67","tipo":"colegio_publico","nombre":"Instituto de Educación Secundaria Valdelagrana","direccion":"C/ del Litoral, s/n","municipio":"El Puerto de Santa María","provincia":"Cádiz","cp":"11500","telefono":"956243921","email":"11001919.edu@juntadeandalucia.es","web":null,"etapas":"ESO","fuente":"junta_andalucia","confianza":"alta"}},{"type":"Feature","geometry":{"type":"Point","coordinates":[-6.279008388519287,36.52236321236436]},"properties":{"id":"27410a57a1cbd0bc","tipo":"colegio_publico","nombre":"Escuela de Arte y Superior de Diseño","direccion":"Avda. de las Cortes, nº 3","municipio":"Cádiz","provincia":"Cádiz","cp":"11012","telefono":"956243100","email":"11001932.edu@juntadeandalucia.es","web":null,"etapas":"BACH,ART","fuente":"junta_andalucia","confianza":"alta"}},{"type":"Feature","geometry":{"type":"Point","coordinates":[-6.086295248,36.276227326]},"properties":{"id":"f0a3a43b3b39c67e","tipo":"colegio_privado","nombre":"Centro Docente Privado Jesús, María y José","direccion":"C/ Pascual Junquera, 7","municipio":"Conil de la Frontera","provincia":"Cádiz","cp":"11140","telefono":"956440175","email":"11001993.edu@juntadeandalucia.es","web":null,"etapas":"EI,EP,ESO,EE","fuente":"junta_andalucia","confianza":"alta"}},{"type":"Feature","geometry":{"type":"Point","coordinates":[-6.086822748184204,36.27836661090159]},"properties":{"id":"5a7cda341d1a76ab","tipo":"colegio_publico","nombre":"Escuela Infantil Menéndez Pidal","direccion":"C/ Laguna, s/n","municipio":"Conil de la Frontera","provincia":"Cádiz","cp":"11140","telefono":"956459634","email":"11002018.edu@juntadeandalucia.es","web":null,"etapas":"EI","fuente":"junta_andalucia","confianza":"alta"}},{"type":"Feature","geometry":{"type":"Point","coordinates":[-6.279287338256836,36.61710353130551]},"properties":{"id":"84e9a5efeeef08b5","tipo":"colegio_publico","nombre":"Instituto de Educación Secundaria Francisco Javier de Uriarte","direccion":"C/ Almirante Suanzes, s/n. Poblado Naval,  Zona 11","municipio":"El Puerto de Santa María","provincia":"Cádiz","cp":"11500","telefono":"956243434","email":"11002079.edu@juntadeandalucia.es","web":null,"etapas":"ESO,BACH","fuente":"junta_andalucia","confianza":"alta"}},{"type":"Feature","geometry":{"type":"Point","coordinates":[-6.133031845092773,36.36006615980026]},"properties":{"id":"eac949cadda57781","tipo":"colegio_privado","nombre":"Centro Docente Privado San Juan Bosco","direccion":"Ctra. Cádiz-Málaga, Km. 3","municipio":"Chiclana de la Frontera","provincia":"Cádiz","cp":"11130","telefono":"956401062","email":"direccioncolegio.campano@salesianos.edu","web":null,"etapas":"ESO,FP","fuente":"junta_andalucia","confianza":"alta"}},{"type":"Feature","geometry":{"type":"Point","coordinates":[-6.146024412,36.41980246]},"properties":{"id":"db3fca9baa774a56","tipo":"colegio_publico","nombre":"Colegio de Educación Infantil y Primaria Alameda","direccion":"C/ Fierro, 21","municipio":"Chiclana de la Frontera","provincia":"Cádiz","cp":"11130","telefono":"956243523","email":"11002109.edu@juntadeandalucia.es","web":null,"etapas":"EI,EP","fuente":"junta_andalucia","confianza":"alta"}},{"type":"Feature","geometry":{"type":"Point","coordinates":[-6.150487661361694,36.41520442730446]},"properties":{"id":"677bd692c8bc7b79","tipo":"colegio_publico","nombre":"Colegio de Educación Infantil y Primaria Ntra. Sra. de los Remedios","direccion":"C/ Carabela Santa María, s/n","municipio":"Chiclana de la Frontera","provincia":"Cádiz","cp":"11130","telefono":"956243667","email":"11002134.edu@juntadeandalucia.es","web":null,"etapas":"EI,EP","fuente":"junta_andalucia","confianza":"alta"}},{"type":"Feature","geometry":{"type":"Point","coordinates":[-6.150975823402405,36.424144299397035]},"properties":{"id":"b5000d6986c520bf","tipo":"colegio_publico","nombre":"Colegio de Educación Infantil y Primaria El Trovador","direccion":"C/ Cantabria, 1","municipio":"Chiclana de la Frontera","provincia":"Cádiz","cp":"11130","telefono":"956243901","email":"11002146.edu@juntadeandalucia.es","web":null,"etapas":"EI,EP,EE","fuente":"junta_andalucia","confianza":"alta"}},{"type":"Feature","geometry":{"type":"Point","coordinates":[-6.137533642540916,36.42499844167108]},"properties":{"id":"c2ced9f294347892","tipo":"colegio_publico","nombre":"Colegio de Educación Infantil y Primaria José de la Vega Barrios","direccion":"Plaza  de Panzacola, s/n","municipio":"Chiclana de la Frontera","provincia":"Cádiz","cp":"11130","telefono":"956243927","email":"11002158.edu@juntadeandalucia.es","web":null,"etapas":"EI,EP","fuente":"junta_andalucia","confianza":"alta"}},{"type":"Feature","geometry":{"type":"Point","coordinates":[-6.147193908691406,36.41910684473255]},"properties":{"id":"a0da58b84a825b45","tipo":"colegio_privado","nombre":"Centro Docente Privado Niño Jesús","direccion":"C/ Corredera Alta, 22","municipio":"Chiclana de la Frontera","provincia":"Cádiz","cp":"11130","telefono":"956400407","email":"direccion@cevnjesus.com","web":null,"etapas":"EI,EP","fuente":"junta_andalucia","confianza":"alta"}},{"type":"Feature","geometry":{"type":"Point","coordinates":[-6.148158528,36.421296053]},"properties":{"id":"7fe26c021183fc21","tipo":"colegio_privado","nombre":"Centro Docente Privado San Agustín","direccion":"C/ De La Plaza, 4","municipio":"Chiclana de la Frontera","provincia":"Cádiz","cp":"11130","telefono":"956400423","email":"secretaria@chiclanasanagustin.com","web":null,"etapas":"EI,EP","fuente":"junta_andalucia","confianza":"alta"}},{"type":"Feature","geometry":{"type":"Point","coordinates":[-6.1500853300094604,36.41693118486567]},"properties":{"id":"bb585e1b542a8815","tipo":"colegio_privado","nombre":"Centro Docente Privado La Salle San José","direccion":"C/ Hormaza 26","municipio":"Chiclana de la Frontera","provincia":"Cádiz","cp":"11130","telefono":"956400400","email":"secretaria@lasallechiclana.com","web":null,"etapas":"EI,EP,ESO","fuente":"junta_andalucia","confianza":"alta"}},{"type":"Feature","geometry":{"type":"Point","coordinates":[-6.143176229,36.422716021]},"properties":{"id":"9d5724cd9fc99934","tipo":"colegio_privado","nombre":"Centro Docente Privado Escuelas Profesionales de la Sagrada Familia-Sagrado Corazón de Jesús","direccion":"C/ Estébana Serrano, 5","municipio":"Chiclana de la Frontera","provincia":"Cádiz","cp":"11130","telefono":"956405631","email":"chiclanafrontera@safa.edu","web":null,"etapas":"EI,EP,ESO","fuente":"junta_andalucia","confianza":"alta"}},{"type":"Feature","geometry":{"type":"Point","coordinates":[-6.141861942,36.418326222]},"properties":{"id":"f0e50023eba1f56f","tipo":"colegio_publico","nombre":"Colegio de Educación Infantil y Primaria Isabel la Católica","direccion":"C/ Jardines, s/n","municipio":"Chiclana de la Frontera","provincia":"Cádiz","cp":"11130","telefono":"956243526","email":"11002201.edu@juntadeandalucia.es","web":null,"etapas":"EI,EP","fuente":"junta_andalucia","confianza":"alta"}},{"type":"Feature","geometry":{"type":"Point","coordinates":[-6.149382591247559,36.4149281425321]},"properties":{"id":"1a4aa3899f85ea7f","tipo":"colegio_publico","nombre":"Instituto de Educación Secundaria Poeta García Gutiérrez","direccion":"C/ Santa Ana, s/n","municipio":"Chiclana de la Frontera","provincia":"Cádiz","cp":"11130","telefono":"956243670","email":"11002213.edu@juntadeandalucia.es","web":null,"etapas":"ESO,BACH,ADUL","fuente":"junta_andalucia","confianza":"alta"}},{"type":"Feature","geometry":{"type":"Point","coordinates":[-6.148717403411865,36.41304592636765]},"properties":{"id":"d768d85299760d7a","tipo":"colegio_publico","nombre":"Colegio de Educación Infantil y Primaria Serafina Andrades","direccion":"Callej de Palmaretes, 17","municipio":"Chiclana de la Frontera","provincia":"Cádiz","cp":"11130","telefono":"956243530","email":"11002225.edu@juntadeandalucia.es","web":null,"etapas":"EI,EP","fuente":"junta_andalucia","confianza":"alta"}},{"type":"Feature","geometry":{"type":"Point","coordinates":[-6.284909614,36.522302844]},"properties":{"id":"12e705f72af22f37","tipo":"colegio_privado","nombre":"Centro Docente Privado Staff Formación","direccion":"C/ Ecuador, 2","municipio":"Cádiz","provincia":"Cádiz","cp":"11007","telefono":"956265496","email":"gerencia@stafformacion.es","web":null,"etapas":null,"fuente":"junta_andalucia","confianza":"alta"}},{"type":"Feature","geometry":{"type":"Point","coordinates":[-6.4375269412994385,36.738686375520636]},"properties":{"id":"b6aecbc1e66159f9","tipo":"colegio_privado","nombre":"Centro Docente Privado Divina Pastora","direccion":"C/ Ladislao Carrascosa, 8","municipio":"Chipiona","provincia":"Cádiz","cp":"11550","telefono":"956370287","email":"11002250.edu@juntadeandalucia.es","web":null,"etapas":"EI,EP,ESO","fuente":"junta_andalucia","confianza":"alta"}},{"type":"Feature","geometry":{"type":"Point","coordinates":[-6.435699487,36.730984721]},"properties":{"id":"7cd483c1c5fd5a64","tipo":"colegio_privado","nombre":"Centro Docente Privado Virgen de Regla","direccion":"Avda. de Huelva, 9","municipio":"Chipiona","provincia":"Cádiz","cp":"11550","telefono":"956371595","email":"virgenderegla@colegiosfec.com","web":null,"etapas":"EI,EP,ESO","fuente":"junta_andalucia","confianza":"alta"}},{"type":"Feature","geometry":{"type":"Point","coordinates":[-6.429312625,36.730835771]},"properties":{"id":"fcae69ae960cd133","tipo":"colegio_publico","nombre":"Colegio de Educación Infantil y Primaria Lapachar","direccion":"Avda. Hispanidad, s/n","municipio":"Chipiona","provincia":"Cádiz","cp":"11550","telefono":"956372889","email":"11002274.edu@juntadeandalucia.es","web":null,"etapas":"EI,EP","fuente":"junta_andalucia","confianza":"alta"}},{"type":"Feature","geometry":{"type":"Point","coordinates":[-6.431345957,36.737030013]},"properties":{"id":"899a85fc26639440","tipo":"colegio_publico","nombre":"Colegio de Educación Infantil y Primaria Cristo de las Misericordias","direccion":"C/ Antonio Machado, 7-17","municipio":"Chipiona","provincia":"Cádiz","cp":"11550","telefono":"956386912","email":"11002286.edu@juntadeandalucia.es","web":null,"etapas":"EI,EP","fuente":"junta_andalucia","confianza":"alta"}},{"type":"Feature","geometry":{"type":"Point","coordinates":[-6.438095569610596,36.727551432333605]},"properties":{"id":"c82edcf20546449a","tipo":"colegio_publico","nombre":"Colegio de Educación Infantil y Primaria Los Argonautas","direccion":"Avda. Cristo de la Sentencia, 40","municipio":"Chipiona","provincia":"Cádiz","cp":"11550","telefono":"956386559","email":"11002298.edu@juntadeandalucia.es -  11002298@g.educaand.es","web":null,"etapas":"EI,EP","fuente":"junta_andalucia","confianza":"alta"}},{"type":"Feature","geometry":{"type":"Point","coordinates":[-5.802493111,36.872432241]},"properties":{"id":"2a0bcc02a6e4bcc0","tipo":"colegio_publico","nombre":"Colegio de Educación Infantil y Primaria Antonio Machado","direccion":"C/ Madroños, 11","municipio":"Espera","provincia":"Cádiz","cp":"11648","telefono":"956709590","email":"11002328.edu@juntadeandalucia.es","web":null,"etapas":"EI,EP","fuente":"junta_andalucia","confianza":"alta"}},{"type":"Feature","geometry":{"type":"Point","coordinates":[-5.325434078,36.855938001]},"properties":{"id":"932b46342978959d","tipo":"colegio_publico","nombre":"Colegio de Educación Infantil y Primaria Ntra. Sra. del Rosario","direccion":"C/ Ramón y Cajal, 5","municipio":"El Gastor","provincia":"Cádiz","cp":"11687","telefono":"956128660","email":"11002353.edu@juntadeandalucia.es","web":null,"etapas":"EI,EP,ESO","fuente":"junta_andalucia","confianza":"alta"}},{"type":"Feature","geometry":{"type":"Point","coordinates":[-5.369977107,36.75993301]},"properties":{"id":"8d020640228fa724","tipo":"colegio_publico","nombre":"Colegio de Educación Infantil y Primaria Antonio Machado","direccion":"C/ Emigrantes Grazalemeños, s/n","municipio":"Grazalema","provincia":"Cádiz","cp":"11610","telefono":"956128591","email":"11002407.edu@juntadeandalucia.es","web":null,"etapas":"EI,EP","fuente":"junta_andalucia","confianza":"alta"}},{"type":"Feature","geometry":{"type":"Point","coordinates":[-5.935653448104858,36.64871805996236]},"properties":{"id":"a0e6287976b9d7ce","tipo":"colegio_publico","nombre":"Colegio de Educación Infantil y Primaria Barca de la Florida","direccion":"C/ Ancha, s/n","municipio":"Jerez de la Frontera","provincia":"Cádiz","cp":"11570","telefono":"856811899","email":"11002444.edu@juntadeandalucia.es","web":null,"etapas":"EI,EP,EE","fuente":"junta_andalucia","confianza":"alta"}},{"type":"Feature","geometry":{"type":"Point","coordinates":[-6.07794463634491,36.68494860129822]},"properties":{"id":"7ea7a24b9dac921c","tipo":"colegio_publico","nombre":"Colegio de Educación Infantil y Primaria Pablo Picasso","direccion":"C/ Maestra Pilar Chamorro","municipio":"Jerez de la Frontera","provincia":"Cádiz","cp":"11593","telefono":"856811960","email":"11002471.edu@juntadeandalucia.es","web":null,"etapas":"EI,EP,ESO","fuente":"junta_andalucia","confianza":"alta"}},{"type":"Feature","geometry":{"type":"Point","coordinates":[-5.399437147,36.880953146]},"properties":{"id":"9d0df33aaf02c56e","tipo":"colegio_publico","nombre":"Escuela Municipal de Música Luis Ortiz Toribio","direccion":"Avda. de Andalucía, 61","municipio":"Algodonales","provincia":"Cádiz","cp":"11680","telefono":"956137011","email":null,"web":null,"etapas":"ART","fuente":"junta_andalucia","confianza":"alta"}},{"type":"Feature","geometry":{"type":"Point","coordinates":[-6.087777614593506,36.71393795312489]},"properties":{"id":"86d0c7c8b4d6a8f0","tipo":"colegio_publico","nombre":"Colegio de Educación Infantil y Primaria Tomasa Pinilla","direccion":"Plaza Artesanía, s/n","municipio":"Jerez de la Frontera","provincia":"Cádiz","cp":"11591","telefono":"856811962","email":"11002493.edu@juntadeandalucia.es","web":null,"etapas":"EI,EP","fuente":"junta_andalucia","confianza":"alta"}},{"type":"Feature","geometry":{"type":"Point","coordinates":[-6.133876488,36.677222104]},"properties":{"id":"57f9777cd1046381","tipo":"colegio_publico","nombre":"Colegio de Educación Infantil y Primaria Al Ándalus","direccion":"Plaza Cristo de la Expiración, s/n","municipio":"Jerez de la Frontera","provincia":"Cádiz","cp":"11401","telefono":"856811965","email":"11002523.edu@juntadeandalucia.es","web":null,"etapas":"EI,EP","fuente":"junta_andalucia","confianza":"alta"}},{"type":"Feature","geometry":{"type":"Point","coordinates":[-6.143374443054199,36.69273464931228]},"properties":{"id":"28b8c04f69459c90","tipo":"colegio_publico","nombre":"Colegio de Educación Infantil y Primaria Isabel La Católica","direccion":"Plaza Constitución, s/n","municipio":"Jerez de la Frontera","provincia":"Cádiz","cp":"11404","telefono":"856811967","email":"11002547.edu@juntadeandalucia.es","web":null,"etapas":"EI,EP","fuente":"junta_andalucia","confianza":"alta"}},{"type":"Feature","geometry":{"type":"Point","coordinates":[-6.133825799,36.671564659]},"properties":{"id":"d52a45295610b8ca","tipo":"colegio_publico","nombre":"Colegio de Educación Infantil y Primaria Federico Mayo","direccion":"C/ Pedro Sepúlveda, s/n","municipio":"Jerez de la Frontera","provincia":"Cádiz","cp":"11408","telefono":"856811970","email":"11002560.edu@juntadeandalucia.es","web":null,"etapas":"EI,EP","fuente":"junta_andalucia","confianza":"alta"}},{"type":"Feature","geometry":{"type":"Point","coordinates":[-6.1329299211502075,36.670273414671705]},"properties":{"id":"1d8dd7d074af7573","tipo":"colegio_publico","nombre":"Colegio de Educación Infantil y Primaria San Vicente de Paúl","direccion":"C/ González de Mendoza, 2","municipio":"Jerez de la Frontera","provincia":"Cádiz","cp":"11408","telefono":"856811972","email":"11002572.edu@juntadeandalucia.es","web":null,"etapas":"EI,EP","fuente":"junta_andalucia","confianza":"alta"}},{"type":"Feature","geometry":{"type":"Point","coordinates":[-6.138675212860107,36.681076792267966]},"properties":{"id":"cab6db8d01e0798d","tipo":"colegio_publico","nombre":"Colegio de Educación Infantil y Primaria Miguel de Cervantes","direccion":"Plaza Monti,1","municipio":"Jerez de la Frontera","provincia":"Cádiz","cp":"11403","telefono":"856811974","email":"11002602.edu@juntadeandalucia.es","web":null,"etapas":"EI,EP","fuente":"junta_andalucia","confianza":"alta"}},{"type":"Feature","geometry":{"type":"Point","coordinates":[-6.107472498,36.706019543]},"properties":{"id":"8be0eaab3ceb771c","tipo":"colegio_publico","nombre":"Colegio de Educación Infantil y Primaria San José Obrero","direccion":"C/ Camino de Espera, s/n","municipio":"Jerez de la Frontera","provincia":"Cádiz","cp":"11405","telefono":"856811977","email":"11002626.edu@juntadeandalucia.es","web":null,"etapas":"EI,EP","fuente":"junta_andalucia","confianza":"alta"}},{"type":"Feature","geometry":{"type":"Point","coordinates":[-6.201430972399976,36.46992803566767]},"properties":{"id":"81b3454f38b8d52a","tipo":"colegio_publico","nombre":"Instituto de Educación Secundaria Botánico","direccion":"C/ Drago, s/n. Bda. Cayetano Roldán","municipio":"San Fernando","provincia":"Cádiz","cp":"11100","telefono":"600141697","email":"11002651.edu@juntadeandalucia.es","web":null,"etapas":"ESO,BACH,FP","fuente":"junta_andalucia","confianza":"alta"}},{"type":"Feature","geometry":{"type":"Point","coordinates":[-6.131443977355957,36.68752969903873]},"properties":{"id":"c7a1925184009907","tipo":"colegio_publico","nombre":"Colegio de Educación Infantil y Primaria Gloria Fuertes","direccion":"Plaza Francisco Germá Alsina, s/n","municipio":"Jerez de la Frontera","provincia":"Cádiz","cp":"11405","telefono":"856811911","email":"11002663.edu@juntadeandalucia.es","web":null,"etapas":"EI,EP,EE","fuente":"junta_andalucia","confianza":"alta"}},{"type":"Feature","geometry":{"type":"Point","coordinates":[-6.115554571151733,36.68521531874455]},"properties":{"id":"62e892023e29dfe0","tipo":"colegio_publico","nombre":"Colegio de Educación Infantil y Primaria Ntra. Sra. de la Paz","direccion":"C/ Paz, 1. Bda. Asunción","municipio":"Jerez de la Frontera","provincia":"Cádiz","cp":"11406","telefono":"856811531","email":"11002675.edu@juntadeandalucia.es","web":null,"etapas":"EI,EP,EE","fuente":"junta_andalucia","confianza":"alta"}},{"type":"Feature","geometry":{"type":"Point","coordinates":[-6.114020347595215,36.68629938658699]},"properties":{"id":"e3238c3fdd23dff1","tipo":"colegio_privado","nombre":"Centro Docente Privado Jesús María-Asunción","direccion":"C/ Albadalejos, 10. Bda. La Asunción","municipio":"Jerez de la Frontera","provincia":"Cádiz","cp":"11406","telefono":"956337118","email":"11002717.edu@juntadeandalucia.es","web":null,"etapas":"EI,EP,ESO","fuente":"junta_andalucia","confianza":"alta"}},{"type":"Feature","geometry":{"type":"Point","coordinates":[-6.140255208,36.682505419]},"properties":{"id":"820dda31e0db0c5f","tipo":"colegio_privado","nombre":"Centro Docente Privado Nuestra Señora del Rosario","direccion":"C/ Beaterio, 3","municipio":"Jerez de la Frontera","provincia":"Cádiz","cp":"11403","telefono":"956341337","email":"dps.jerez@fesd.es","web":null,"etapas":"EI,EP,ESO","fuente":"junta_andalucia","confianza":"alta"}},{"type":"Feature","geometry":{"type":"Point","coordinates":[-6.126398742198944,36.67708432287106]},"properties":{"id":"c1174e2e5f9218bf","tipo":"colegio_privado","nombre":"Centro Docente Privado Sagrado Corazón de Jesús","direccion":"C/ Ventura Misa, 20","municipio":"Jerez de la Frontera","provincia":"Cádiz","cp":"11401","telefono":"956342739","email":"dirsagradocorazon@lasalleandalucia.net","web":null,"etapas":"EI,EP,ESO,BACH,FP","fuente":"junta_andalucia","confianza":"alta"}},{"type":"Feature","geometry":{"type":"Point","coordinates":[-6.139714182,36.695603332]},"properties":{"id":"0a9ff93c2d6884ca","tipo":"colegio_privado","nombre":"Centro Docente Privado Colegio San José","direccion":"Avda. Marianistas, 4","municipio":"Jerez de la Frontera","provincia":"Cádiz","cp":"11407","telefono":"956305325","email":"sanjose@fundacionxafer.org","web":null,"etapas":"EI,EP,ESO","fuente":"junta_andalucia","confianza":"alta"}},{"type":"Feature","geometry":{"type":"Point","coordinates":[-6.138584079,36.686802607]},"properties":{"id":"428b3f4ed1bf56df","tipo":"colegio_privado","nombre":"Centro Docente Privado San José","direccion":"C/ Porvera, 21","municipio":"Jerez de la Frontera","provincia":"Cádiz","cp":"11403","telefono":"956342352","email":"secretariasanjose@lasalleandalucia.net","web":null,"etapas":"EI,EP","fuente":"junta_andalucia","confianza":"alta"}},{"type":"Feature","geometry":{"type":"Point","coordinates":[-6.1337292194366455,36.70326391752108]},"properties":{"id":"efdcc0f71e215771","tipo":"colegio_privado","nombre":"Centro Docente Privado María Auxiliadora","direccion":"Avda. María Auxiliadora, 14","municipio":"Jerez de la Frontera","provincia":"Cádiz","cp":"11407","telefono":"956311036","email":"titularjerezma@salesianas.org","web":null,"etapas":"EI,EP,ESO","fuente":"junta_andalucia","confianza":"alta"}},{"type":"Feature","geometry":{"type":"Point","coordinates":[-6.13293973,36.681427786]},"properties":{"id":"a5132323fd21d898","tipo":"colegio_privado","nombre":"Centro Docente Privado Colegio Esclavas S.C.J.","direccion":"C/ Santísima Trinidad, 6","municipio":"Jerez de la Frontera","provincia":"Cádiz","cp":"11402","telefono":"956347662","email":"direccion@esclavasjerez.com","web":null,"etapas":"EP,ESO","fuente":"junta_andalucia","confianza":"alta"}},{"type":"Feature","geometry":{"type":"Point","coordinates":[-6.141793311,36.695278109]},"properties":{"id":"c5f3b86a40a41580","tipo":"colegio_privado","nombre":"Centro Docente Privado Nuestra Señora del Pilar","direccion":"Avda. Marianista, 1","municipio":"Jerez de la Frontera","provincia":"Cádiz","cp":"11407","telefono":"956308258","email":"secretaria@marianistasjerez.org","web":null,"etapas":"EI,EP,ESO,BACH","fuente":"junta_andalucia","confianza":"alta"}},{"type":"Feature","geometry":{"type":"Point","coordinates":[-6.130735874176025,36.69885109095927]},"properties":{"id":"ef09540f94b9a451","tipo":"colegio_privado","nombre":"Centro Docente Privado Jesús María-El Cuco","direccion":"C/ Marqués de Bonanza, 19","municipio":"Jerez de la Frontera","provincia":"Cádiz","cp":"11407","telefono":"956313548","email":"jmelcuco@jesus-maria.net","web":null,"etapas":"EI,EP,ESO,BACH","fuente":"junta_andalucia","confianza":"alta"}},{"type":"Feature","geometry":{"type":"Point","coordinates":[-6.127216815948486,36.70479501451316]},"properties":{"id":"85799b759d2433f1","tipo":"colegio_privado","nombre":"Centro Docente Privado Albariza","direccion":"C/ Sierra del Pinar, s/n. Ceret Alto","municipio":"Jerez de la Frontera","provincia":"Cádiz","cp":"11407","telefono":"956310812","email":"secretaria@colegioalbariza.es","web":null,"etapas":"EI,EP,ESO","fuente":"junta_andalucia","confianza":"alta"}},{"type":"Feature","geometry":{"type":"Point","coordinates":[-6.134512796,36.686279203]},"properties":{"id":"93f3e5c2784f50c6","tipo":"colegio_privado","nombre":"Centro Docente Privado La Salle","direccion":"C/ Antona de Dios, 18","municipio":"Jerez de la Frontera","provincia":"Cádiz","cp":"11402","telefono":"956330808","email":"lsallej@planalfa.es","web":null,"etapas":"EI,EP,ESO,BACH,FP","fuente":"junta_andalucia","confianza":"alta"}},{"type":"Feature","geometry":{"type":"Point","coordinates":[-6.12744731992079,36.6774554920543]},"properties":{"id":"8ada06742087663b","tipo":"colegio_privado","nombre":"Centro Docente Privado Oratorio Padre Torres Silva","direccion":"C/ Juana Jugán, 14","municipio":"Jerez de la Frontera","provincia":"Cádiz","cp":"11401","telefono":"956342320","email":"direcciontitular.jereztor@salesianos.edu","web":null,"etapas":"EI,EP,ESO","fuente":"junta_andalucia","confianza":"alta"}},{"type":"Feature","geometry":{"type":"Point","coordinates":[-6.147623062133789,36.69651984639973]},"properties":{"id":"52fa2a6711bcf00b","tipo":"colegio_publico","nombre":"Colegio de Educación Infantil y Primaria Sagrada Familia","direccion":"Avda. de la Soleá, 26","municipio":"Jerez de la Frontera","provincia":"Cádiz","cp":"11404","telefono":"856811919","email":"11002951.edu@juntadeandalucia.es","web":null,"etapas":"EI,EP,EE","fuente":"junta_andalucia","confianza":"alta"}},{"type":"Feature","geometry":{"type":"Point","coordinates":[-6.149412,36.4191532]},"properties":{"id":"cec2ad29454532ff","tipo":"colegio_privado","nombre":"Centro Docente Privado El Campito","direccion":"Ctra. de la Barrosa - Complejo Residencial Las Palomas. Parce. Comer.1","municipio":"Chiclana de la Frontera","provincia":"Cádiz","cp":"11130","telefono":"956535453","email":"marianafernandez@elcampitoschool.com","web":null,"etapas":"EI","fuente":"junta_andalucia","confianza":"alta"}},{"type":"Feature","geometry":{"type":"Point","coordinates":[-6.146667375,36.69681625]},"properties":{"id":"64fb67f0be9295ac","tipo":"colegio_publico","nombre":"Colegio de Educación Infantil y Primaria Alfonso X El Sabio","direccion":"Bda. Sagrada Familia, s/n","municipio":"Jerez de la Frontera","provincia":"Cádiz","cp":"11404","telefono":"856811521","email":"11002997.edu@juntadeandalucia.es","web":null,"etapas":"EI,EP","fuente":"junta_andalucia","confianza":"alta"}},{"type":"Feature","geometry":{"type":"Point","coordinates":[-6.139936782,36.701346318]},"properties":{"id":"8e5fdd09332bd1ae","tipo":"colegio_privado","nombre":"Centro Docente Privado Escuelas Profesionales de la Sagrada Familia","direccion":"C/ Doctor Arruga, s/n. Polígono San Benito","municipio":"Jerez de la Frontera","provincia":"Cádiz","cp":"11407","telefono":"956304589","email":"jerez@safa.edu","web":null,"etapas":"EI,EP,EE","fuente":"junta_andalucia","confianza":"alta"}},{"type":"Feature","geometry":{"type":"Point","coordinates":[-6.130508413,36.676923317]},"properties":{"id":"b1ec8bac6bab6a53","tipo":"colegio_privado","nombre":"Centro Docente Privado Madre de Dios","direccion":"C/ Cañameros, 15","municipio":"Jerez de la Frontera","provincia":"Cádiz","cp":"11401","telefono":"956349086","email":"anavazquezhc@gmail.com","web":null,"etapas":"EI,EP,ESO","fuente":"junta_andalucia","confianza":"alta"}},{"type":"Feature","geometry":{"type":"Point","coordinates":[-6.134576797485352,36.689069712760514]},"properties":{"id":"5f4f5435b498030a","tipo":"colegio_privado","nombre":"Centro Docente Privado Montaigne","direccion":"C/ Compañía de María, 1","municipio":"Jerez de la Frontera","provincia":"Cádiz","cp":"11402","telefono":"956341264","email":"colegio@colegiomontaignejerez.com","web":null,"etapas":"EI,EP,ESO","fuente":"junta_andalucia","confianza":"alta"}},{"type":"Feature","geometry":{"type":"Point","coordinates":[-6.143387998,36.684711412]},"properties":{"id":"fa61d77ae6505bb4","tipo":"colegio_privado","nombre":"Centro Docente Privado San Juan Bosco","direccion":"C/ Cabezas, 3","municipio":"Jerez de la Frontera","provincia":"Cádiz","cp":"11403","telefono":"956341055","email":"titularjerezsjb@salesianas.org","web":null,"etapas":"EI,EP,ESO,FP","fuente":"junta_andalucia","confianza":"alta"}},{"type":"Feature","geometry":{"type":"Point","coordinates":[-6.138475406,36.70090732]},"properties":{"id":"951ba99440dfeda8","tipo":"colegio_publico","nombre":"Colegio de Educación Infantil y Primaria Andrés de Ribera","direccion":"C/ California, s/n","municipio":"Jerez de la Frontera","provincia":"Cádiz","cp":"11407","telefono":"856811900","email":"11003059.edu@juntadeandalucia.es","web":null,"etapas":"EI,EP","fuente":"junta_andalucia","confianza":"alta"}},{"type":"Feature","geometry":{"type":"Point","coordinates":[-6.121573448181152,36.6807412263078]},"properties":{"id":"1b67954bab157410","tipo":"colegio_publico","nombre":"Colegio de Educación Infantil y Primaria El Retiro","direccion":"Paseo de las Delicias, s/n","municipio":"Jerez de la Frontera","provincia":"Cádiz","cp":"11406","telefono":"856811504","email":"11003084.edu@juntadeandalucia.es","web":null,"etapas":"EI,EP,EE","fuente":"junta_andalucia","confianza":"alta"}},{"type":"Feature","geometry":{"type":"Point","coordinates":[-6.125317318,36.675527965]},"properties":{"id":"fc9aa181436f1054","tipo":"colegio_publico","nombre":"Colegio de Educación Infantil y Primaria Vallesequillo","direccion":"Bda. Vallesequillo, s/n","municipio":"Jerez de la Frontera","provincia":"Cádiz","cp":"11401","telefono":"856811924","email":"11003187.edu@juntadeandalucia.es","web":null,"etapas":"EI,EP,EE","fuente":"junta_andalucia","confianza":"alta"}},{"type":"Feature","geometry":{"type":"Point","coordinates":[-6.132216453552246,36.691994793564476]},"properties":{"id":"4be867d0f205456a","tipo":"colegio_publico","nombre":"Instituto de Educación Secundaria Padre Luis Coloma","direccion":"Avda. Alvaro Domecq, 10","municipio":"Jerez de la Frontera","provincia":"Cádiz","cp":"11405","telefono":"856811550","email":"11003205.edu@juntadeandalucia.es","web":null,"etapas":"ESO,BACH,ADUL","fuente":"junta_andalucia","confianza":"alta"}},{"type":"Feature","geometry":{"type":"Point","coordinates":[-6.136379241943359,36.6908591871721]},"properties":{"id":"ca46121b86e2b948","tipo":"colegio_publico","nombre":"Instituto de Educación Secundaria Alvar Núñez","direccion":"C/ Sancho Dávila, s/n","municipio":"Jerez de la Frontera","provincia":"Cádiz","cp":"11407","telefono":"856811926","email":"11003217.edu@juntadeandalucia.es","web":null,"etapas":"ESO,BACH,FP","fuente":"junta_andalucia","confianza":"alta"}},{"type":"Feature","geometry":{"type":"Point","coordinates":[-6.10490083694458,36.698171510362364]},"properties":{"id":"16826342e3d8f842","tipo":"colegio_publico","nombre":"Instituto de Educación Secundaria La Granja","direccion":"Avda. de Europa, s/n","municipio":"Jerez de la Frontera","provincia":"Cádiz","cp":"11405","telefono":"856811933","email":"11003230.edu@juntadeandalucia.es","web":null,"etapas":"ESO,BACH,FP,ADUL","fuente":"junta_andalucia","confianza":"alta"}},{"type":"Feature","geometry":{"type":"Point","coordinates":[-6.147185468,36.691414119]},"properties":{"id":"6de924a9a6a3cb17","tipo":"colegio_privado","nombre":"Centro Docente Privado Manuel Lora Tamayo","direccion":"Avda. San Juan Bosco, 6","municipio":"Jerez de la Frontera","provincia":"Cádiz","cp":"11408","telefono":"956184300","email":"direccioncolegio.jerezmlt@salesianos.edu","web":null,"etapas":"EI,EP,ESO,BACH,FP","fuente":"junta_andalucia","confianza":"alta"}},{"type":"Feature","geometry":{"type":"Point","coordinates":[-6.137124922,36.669621489]},"properties":{"id":"15b2e499fb3582c7","tipo":"colegio_publico","nombre":"Colegio de Educación Infantil y Primaria Juventud","direccion":"C/ Liberación, s/n","municipio":"Jerez de la Frontera","provincia":"Cádiz","cp":"11408","telefono":"856811940","email":"11003254.edu@juntadeandalucia.es","web":null,"etapas":"EI,EP","fuente":"junta_andalucia","confianza":"alta"}},{"type":"Feature","geometry":{"type":"Point","coordinates":[-6.13802565,36.68682635]},"properties":{"id":"25e5a690b4acfd7b","tipo":"colegio_privado","nombre":"Centro Docente Privado Rumasa","direccion":"C/ San Juan de Dios, 2-8","municipio":"Jerez de la Frontera","provincia":"Cádiz","cp":"11403","telefono":"956332563","email":"direccion@cfprumasa.com","web":null,"etapas":"FP","fuente":"junta_andalucia","confianza":"alta"}},{"type":"Feature","geometry":{"type":"Point","coordinates":[-6.1474111676216125,36.68575735457584]},"properties":{"id":"0423db9cb610bcb4","tipo":"colegio_publico","nombre":"Colegio de Educación Infantil y Primaria Luis Vives","direccion":"C/ Muro, s/n. Bda. Picadueña Alta","municipio":"Jerez de la Frontera","provincia":"Cádiz","cp":"11404","telefono":"856811942","email":"11003278.edu@juntadeandalucia.es","web":null,"etapas":"EI,EP","fuente":"junta_andalucia","confianza":"alta"}},{"type":"Feature","geometry":{"type":"Point","coordinates":[-6.150842073,36.693281654]},"properties":{"id":"3f0a5e1f74993cd9","tipo":"colegio_publico","nombre":"Colegio de Educación Infantil y Primaria San Juan de Dios","direccion":"Bda. San Valentín, s/n","municipio":"Jerez de la Frontera","provincia":"Cádiz","cp":"11408","telefono":"856811654","email":"11003281.edu@juntadeandalucia.es","web":null,"etapas":"EI,EP","fuente":"junta_andalucia","confianza":"alta"}},{"type":"Feature","geometry":{"type":"Point","coordinates":[-6.127354842,36.671978225]},"properties":{"id":"d9816a15773aeaa0","tipo":"colegio_publico","nombre":"Colegio de Educación Infantil y Primaria Federico García Lorca","direccion":"C/ San Telmo, s/n","municipio":"Jerez de la Frontera","provincia":"Cádiz","cp":"11408","telefono":"856811945","email":"11003321.edu@juntadeandalucia.es","web":null,"etapas":"EI,EP","fuente":"junta_andalucia","confianza":"alta"}},{"type":"Feature","geometry":{"type":"Point","coordinates":[-6.126905679702759,36.6772349046795]},"properties":{"id":"b0a0ff578f1e69ed","tipo":"guarderia","nombre":"Centro de Educación Infantil Mundo Nuevo","direccion":"C/ Ventura Misa, 18","municipio":"Jerez de la Frontera","provincia":"Cádiz","cp":"11401","telefono":"656913893","email":"11003333.edu@juntadeandalucia.es","web":null,"etapas":"EI","fuente":"junta_andalucia","confianza":"alta"}},{"type":"Feature","geometry":{"type":"Point","coordinates":[-6.192415952682495,36.46524755086236]},"properties":{"id":"3c65cb031d11cd34","tipo":"guarderia","nombre":"Centro de Educación Infantil La Sirenita","direccion":"C/ San Juan Bosco, 32","municipio":"San Fernando","provincia":"Cádiz","cp":"11100","telefono":"956899361","email":"11003357.edu@juntadeandalucia.es","web":null,"etapas":"EI","fuente":"junta_andalucia","confianza":"alta"}},{"type":"Feature","geometry":{"type":"Point","coordinates":[-6.26457098423,36.5061999984]},"properties":{"id":"c0861672ca71eb10","tipo":"guarderia","nombre":"Centro de Educación Infantil Zona Franca","direccion":"C/ Vía de Andorra , s/n. Edif. Heracles (Interior Zona Franca)","municipio":"Cádiz","provincia":"Cádiz","cp":"11011","telefono":"956200402","email":"elpatiozf@live.com","web":null,"etapas":"EI","fuente":"junta_andalucia","confianza":"alta"}},{"type":"Feature","geometry":{"type":"Point","coordinates":[-6.140778064727783,36.688364235442165]},"properties":{"id":"5a0940c5f9f6975c","tipo":"colegio_publico","nombre":"Escuela de Arte y Superior de Diseño Jerez","direccion":"C/ Porvera,  54","municipio":"Jerez de la Frontera","provincia":"Cádiz","cp":"11403","telefono":"856811523","email":"11003382.edu@juntadeandalucia.es","web":null,"etapas":"BACH,ART","fuente":"junta_andalucia","confianza":"alta"}},{"type":"Feature","geometry":{"type":"Point","coordinates":[-5.55439634,36.787070605]},"properties":{"id":"9cbceb4d0cdc3841","tipo":"colegio_publico","nombre":"Escuela Municipal de Música José Toro Doblas","direccion":"C/ San Antonio, 51","municipio":"Prado del Rey","provincia":"Cádiz","cp":"11660","telefono":"956724022","email":"edmjosetorodoblas@gmail.com","web":null,"etapas":"ART","fuente":"junta_andalucia","confianza":"alta"}},{"type":"Feature","geometry":{"type":"Point","coordinates":[-6.1746275424957275,36.78971446864302]},"properties":{"id":"6af7ab966164e08b","tipo":"colegio_publico","nombre":"Colegio de Educación Infantil y Primaria Mesas de Asta","direccion":"C/ Padre Fidel, s/n. Bda. Mesas de Asta","municipio":"Jerez de la Frontera","provincia":"Cádiz","cp":"11590","telefono":"856811529","email":"11003412.edu@juntadeandalucia.es","web":null,"etapas":"EI,EP","fuente":"junta_andalucia","confianza":"alta"}},{"type":"Feature","geometry":{"type":"Point","coordinates":[-6.137413147,36.706152574]},"properties":{"id":"224d2b4ebfc964e7","tipo":"colegio_privado","nombre":"Centro Docente Privado Montealto","direccion":"Avda. Nuestra Señora del Sagrado Corazón, 26","municipio":"Jerez de la Frontera","provincia":"Cádiz","cp":"11407","telefono":"956311003","email":"11003451.edu@juntadeandalucia.es","web":null,"etapas":"EI,EP,ESO,BACH,FP","fuente":"junta_andalucia","confianza":"alta"}},{"type":"Feature","geometry":{"type":"Point","coordinates":[-6.03398323059082,36.75930969798529]},"properties":{"id":"d3f29f3b34ee7a8c","tipo":"colegio_publico","nombre":"Colegio de Educación Infantil y Primaria Nueva Jarilla","direccion":"Cmo. de la Parra, s/n","municipio":"Jerez de la Frontera","provincia":"Cádiz","cp":"11592","telefono":"856811947","email":"11003461.edu@juntadeandalucia.es","web":null,"etapas":"EI,EP,ESO","fuente":"junta_andalucia","confianza":"alta"}},{"type":"Feature","geometry":{"type":"Point","coordinates":[-6.133439540863037,36.63872369209692]},"properties":{"id":"05cd703a640cbe85","tipo":"colegio_publico","nombre":"Colegio de Educación Infantil y Primaria Virgen del Mar","direccion":"Bda. El Portal","municipio":"Jerez de la Frontera","provincia":"Cádiz","cp":"11596","telefono":"856811533","email":"11003473.edu@juntadeandalucia.es","web":null,"etapas":"EI,EP,ESO","fuente":"junta_andalucia","confianza":"alta"}},{"type":"Feature","geometry":{"type":"Point","coordinates":[-5.988749354,36.643650328]},"properties":{"id":"6612ba59d104f00c","tipo":"colegio_publico","nombre":"Colegio de Educación Infantil y Primaria La Arboleda","direccion":"C/ Norte, s/n","municipio":"Jerez de la Frontera","provincia":"Cádiz","cp":"11594","telefono":"856811535","email":"11003503.edu@juntadeandalucia.es","web":null,"etapas":"EI,EP","fuente":"junta_andalucia","confianza":"alta"}},{"type":"Feature","geometry":{"type":"Point","coordinates":[-5.799708366394043,36.60750123676451]},"properties":{"id":"22e97abc751b3a18","tipo":"colegio_publico","nombre":"Colegio de Educación Infantil y Primaria Ernesto Olivares","direccion":"C/ Merced, 7","municipio":"San José del Valle","provincia":"Cádiz","cp":"11580","telefono":"856811500","email":"11003515.edu@juntadeandalucia.es","web":null,"etapas":"EI,EP","fuente":"junta_andalucia","confianza":"alta"}},{"type":"Feature","geometry":{"type":"Point","coordinates":[-5.795652866363525,36.601989065713504]},"properties":{"id":"8ec07b2e9599d9be","tipo":"colegio_privado","nombre":"Centro Docente Privado San Rafael y San Vicente","direccion":"C/ San Juan Bosco, 9","municipio":"San José del Valle","provincia":"Cádiz","cp":"11580","telefono":"956160120","email":"direccioncolegio.elvalle@salesianos.edu","web":null,"etapas":"EI,EP,ESO,FP","fuente":"junta_andalucia","confianza":"alta"}},{"type":"Feature","geometry":{"type":"Point","coordinates":[-5.972920060157776,36.622661981339284]},"properties":{"id":"6f56dcd92a75f10a","tipo":"colegio_publico","nombre":"Colegio de Educación Infantil y Primaria Guadalete","direccion":"C/ Pozo, s/n","municipio":"Jerez de la Frontera","provincia":"Cádiz","cp":"11594","telefono":"856811949","email":"11003588.edu@juntadeandalucia.es","web":null,"etapas":"EI,EP,ESO","fuente":"junta_andalucia","confianza":"alta"}},{"type":"Feature","geometry":{"type":"Point","coordinates":[-5.942401885986328,36.60817731187415]},"properties":{"id":"6a84f4936e163d58","tipo":"colegio_publico","nombre":"Colegio de Educación Infantil y Primaria Torrecera","direccion":"C/ Artesanía y Toriles, s/n","municipio":"Jerez de la Frontera","provincia":"Cádiz","cp":"11595","telefono":"856811605","email":"11003591.edu@juntadeandalucia.es","web":null,"etapas":"EI,EP,ESO","fuente":"junta_andalucia","confianza":"alta"}},{"type":"Feature","geometry":{"type":"Point","coordinates":[-5.450625632,36.431229092]},"properties":{"id":"b1e5cec6daa353c3","tipo":"colegio_publico","nombre":"Colegio de Educación Infantil y Primaria Ntra. Sra. Reina de los Ángeles","direccion":"Avda. de los Deportes, 1","municipio":"Jimena de la Frontera","provincia":"Cádiz","cp":"11330","telefono":"956670914","email":"11003621.edu@juntadeandalucia.es","web":null,"etapas":"EI,EP","fuente":"junta_andalucia","confianza":"alta"}},{"type":"Feature","geometry":{"type":"Point","coordinates":[-5.320708751678467,36.34203237242074]},"properties":{"id":"ce1a4f3063892932","tipo":"colegio_publico","nombre":"Colegio de Educación Infantil y Primaria José Luis Sánchez","direccion":"C/ Túnel, 23","municipio":"San Martín del Tesorillo","provincia":"Cádiz","cp":"11340","telefono":"956670918","email":"11003655.edu@juntadeandalucia.es","web":null,"etapas":"EI,EP","fuente":"junta_andalucia","confianza":"alta"}},{"type":"Feature","geometry":{"type":"Point","coordinates":[-5.4126012325286865,36.46825014727805]},"properties":{"id":"c1260090b3c99e80","tipo":"colegio_publico","nombre":"Colegio de Educación Infantil y Primaria Cristo Rey","direccion":"Cmo. Cerejana, s/n","municipio":"Jimena de la Frontera","provincia":"Cádiz","cp":"11320","telefono":"956670138","email":"11003667.edu@juntadeandalucia.es","web":null,"etapas":"EI,EP,ESO","fuente":"junta_andalucia","confianza":"alta"}},{"type":"Feature","geometry":{"type":"Point","coordinates":[-5.35058856010437,36.17165076062006]},"properties":{"id":"d1f1e9cf871c2866","tipo":"colegio_publico","nombre":"Colegio de Educación Infantil y Primaria Isabel La Católica","direccion":"C/ Gabriel Miró, 42","municipio":"La Línea de la Concepción","provincia":"Cádiz","cp":"11300","telefono":"956670921","email":"11003692.edu@juntadeandalucia.es","web":null,"etapas":"EI,EP","fuente":"junta_andalucia","confianza":"alta"}},{"type":"Feature","geometry":{"type":"Point","coordinates":[-5.345771312713623,36.17166808237626]},"properties":{"id":"a45a6ba3d0fe6c5b","tipo":"colegio_publico","nombre":"Colegio de Educación Infantil y Primaria Ntra. Sra. de las Mercedes","direccion":"C/ Málaga, 55","municipio":"La Línea de la Concepción","provincia":"Cádiz","cp":"11300","telefono":"956670691","email":"11003709.edu@juntadeandalucia.es","web":null,"etapas":"EI,EP","fuente":"junta_andalucia","confianza":"alta"}},{"type":"Feature","geometry":{"type":"Point","coordinates":[-5.349140167236328,36.1661595709251]},"properties":{"id":"7e039d5195473dd7","tipo":"colegio_publico","nombre":"Colegio de Educación Infantil y Primaria Velada","direccion":"Paseo de la Velada, s/n","municipio":"La Línea de la Concepción","provincia":"Cádiz","cp":"11300","telefono":"671533096","email":"11003710.edu@juntadeandalucia.es","web":null,"etapas":"EI,EP","fuente":"junta_andalucia","confianza":"alta"}},{"type":"Feature","geometry":{"type":"Point","coordinates":[-5.35467565,36.166855117]},"properties":{"id":"a0c9fa7e4f37e5d3","tipo":"colegio_privado","nombre":"Centro Docente Privado Juan Pablo II-San Pedro","direccion":"C/ Padre Andrades, 3","municipio":"La Línea de la Concepción","provincia":"Cádiz","cp":"11300","telefono":"956766679","email":"director@juanpablosegundolalinea.es","web":null,"etapas":"EP,ESO","fuente":"junta_andalucia","confianza":"alta"}},{"type":"Feature","geometry":{"type":"Point","coordinates":[-5.349923343,36.175213578]},"properties":{"id":"9a5ba969756c9057","tipo":"colegio_publico","nombre":"Centro Específico de Educación Especial Virgen del Amparo","direccion":"C/ Vía Parque, s/n","municipio":"La Línea de la Concepción","provincia":"Cádiz","cp":"11300","telefono":"956670801","email":"11003734.edu@juntadeandalucia.es","web":null,"etapas":"EE","fuente":"junta_andalucia","confianza":"alta"}},{"type":"Feature","geometry":{"type":"Point","coordinates":[-5.36306619644165,36.16696508497462]},"properties":{"id":"d7f350a4d13c9919","tipo":"colegio_publico","nombre":"Colegio de Educación Infantil y Primaria Carlos V","direccion":"Avda. España, 112","municipio":"La Línea de la Concepción","provincia":"Cádiz","cp":"11300","telefono":"956670928","email":"11003758.edu@juntadeandalucia.es","web":null,"etapas":"EI,EP","fuente":"junta_andalucia","confianza":"alta"}},{"type":"Feature","geometry":{"type":"Point","coordinates":[-5.353552401065826,36.16110976199042]},"properties":{"id":"6d008ed5e72e950e","tipo":"colegio_publico","nombre":"Colegio de Educación Infantil y Primaria Inmaculada Concepción","direccion":"Avda. España, 11","municipio":"La Línea de la Concepción","provincia":"Cádiz","cp":"11300","telefono":"671534135","email":"11003761.edu@juntadeandalucia.es","web":null,"etapas":"EI,EP,EE","fuente":"junta_andalucia","confianza":"alta"}},{"type":"Feature","geometry":{"type":"Point","coordinates":[-5.352934804,36.16997185]},"properties":{"id":"e54aa1208ea88eda","tipo":"colegio_publico","nombre":"Colegio de Educación Infantil y Primaria Pedro Simón Abril","direccion":"C/ Xauen, 20","municipio":"La Línea de la Concepción","provincia":"Cádiz","cp":"11300","telefono":"956670934","email":"11003783.edu@juntadeandalucia.es","web":null,"etapas":"EI,EP,EE","fuente":"junta_andalucia","confianza":"alta"}},{"type":"Feature","geometry":{"type":"Point","coordinates":[-5.33662071558615,36.1783753869101]},"properties":{"id":"09813cf88b31396a","tipo":"colegio_publico","nombre":"Colegio de Educación Infantil y Primaria La Atunara","direccion":"C/ Canarias, 87. Bda. La Atunara","municipio":"La Línea de la Concepción","provincia":"Cádiz","cp":"11300","telefono":"956670938","email":"11003795.edu@juntadeandalucia.es","web":null,"etapas":"EI,EP,EE","fuente":"junta_andalucia","confianza":"alta"}},{"type":"Feature","geometry":{"type":"Point","coordinates":[-5.344436784,36.163820426]},"properties":{"id":"b122c41a5caa3d1d","tipo":"colegio_privado","nombre":"Centro Docente Privado San Juan Bosco","direccion":"Avda. Menéndez y Pelayo, 5","municipio":"La Línea de la Concepción","provincia":"Cádiz","cp":"11300","telefono":"956177108","email":"direccioncolegio.lalinea@salesianos.edu","web":null,"etapas":"EI,EP,ESO,FP","fuente":"junta_andalucia","confianza":"alta"}},{"type":"Feature","geometry":{"type":"Point","coordinates":[-5.352067501,36.161038854]},"properties":{"id":"efe178a43a478c79","tipo":"colegio_privado","nombre":"Centro Docente Privado Providencia del Sagrado Corazón","direccion":"Avda. España, 9","municipio":"La Línea de la Concepción","provincia":"Cádiz","cp":"11300","telefono":"956763220","email":"prov.scorazon@colegiosfec.com","web":null,"etapas":"EI,EP,ESO","fuente":"junta_andalucia","confianza":"alta"}},{"type":"Feature","geometry":{"type":"Point","coordinates":[-5.3562211990356445,36.170862616662134]},"properties":{"id":"f9b642cb53ad56d1","tipo":"colegio_publico","nombre":"Colegio de Educación Infantil y Primaria Santa Ana","direccion":"C/ Pedreras, 174","municipio":"La Línea de la Concepción","provincia":"Cádiz","cp":"11300","telefono":"956670940","email":"11003825.edu@juntadeandalucia.es","web":null,"etapas":"EI,EP","fuente":"junta_andalucia","confianza":"alta"}},{"type":"Feature","geometry":{"type":"Point","coordinates":[-5.3439366817474365,36.16489498378279]},"properties":{"id":"2652d2bf9c19aae5","tipo":"colegio_publico","nombre":"Colegio de Educación Infantil y Primaria Huerta Fava","direccion":"C/ Pinzones, 20","municipio":"La Línea de la Concepción","provincia":"Cádiz","cp":"11300","telefono":"956670244","email":"11003837.edu@juntadeandalucia.es","web":null,"etapas":"EI,EP,EE","fuente":"junta_andalucia","confianza":"alta"}},{"type":"Feature","geometry":{"type":"Point","coordinates":[-5.341651439666748,36.16116173423654]},"properties":{"id":"a42879643b3e914e","tipo":"colegio_publico","nombre":"Instituto de Educación Secundaria Tolosa","direccion":"Avda. de la Banqueta, 12","municipio":"La Línea de la Concepción","provincia":"Cádiz","cp":"11300","telefono":"956176724","email":"11003862.edu@juntadeandalucia.es","web":null,"etapas":"ESO,BACH,EE,ADUL","fuente":"junta_andalucia","confianza":"alta"}},{"type":"Feature","geometry":{"type":"Point","coordinates":[-5.345320701599121,36.16493829189902]},"properties":{"id":"09a28f9c60a76162","tipo":"colegio_publico","nombre":"Instituto de Educación Secundaria Mediterráneo","direccion":"Avda. María Auxiliadora, 16","municipio":"La Línea de la Concepción","provincia":"Cádiz","cp":"11300","telefono":"956670957","email":"11003874.edu@juntadeandalucia.es","web":null,"etapas":"ESO,BACH,FP,ADUL","fuente":"junta_andalucia","confianza":"alta"}},{"type":"Feature","geometry":{"type":"Point","coordinates":[-5.343083123,36.1612872]},"properties":{"id":"368ba60282dd8a02","tipo":"colegio_publico","nombre":"Instituto de Educación Secundaria Virgen de la Esperanza","direccion":"Avda. La Banqueta, 10-12","municipio":"La Línea de la Concepción","provincia":"Cádiz","cp":"11300","telefono":"956670246","email":"11003886.edu@juntadeandalucia.es","web":null,"etapas":"ESO,BACH,FP","fuente":"junta_andalucia","confianza":"alta"}},{"type":"Feature","geometry":{"type":"Point","coordinates":[-5.352364935,36.15983426]},"properties":{"id":"01c82fed3020549c","tipo":"colegio_publico","nombre":"Instituto de Educación Secundaria Mar de Poniente","direccion":"Avda. del Mar, s/n","municipio":"La Línea de la Concepción","provincia":"Cádiz","cp":"11300","telefono":"956670970","email":"11003916.edu@juntadeandalucia.es","web":null,"etapas":"ESO,BACH,FP,EE","fuente":"junta_andalucia","confianza":"alta"}},{"type":"Feature","geometry":{"type":"Point","coordinates":[-5.814718008041382,36.34342372368649]},"properties":{"id":"05fffd52054a3844","tipo":"colegio_publico","nombre":"Colegio de Educación Infantil y Primaria Padre Muriel","direccion":"C/ Nueva, 58","municipio":"Benalup-Casas Viejas","provincia":"Cádiz","cp":"11190","telefono":"956418552","email":"11003953.edu@juntadeandalucia.es","web":null,"etapas":"EI,EP,EE","fuente":"junta_andalucia","confianza":"alta"}},{"type":"Feature","geometry":{"type":"Point","coordinates":[-5.927250645,36.460273256]},"properties":{"id":"f2b818bdd2a02458","tipo":"colegio_privado","nombre":"Centro Docente Privado Nuestra Señora de la Paz","direccion":"C/ San Agustín, 7","municipio":"Medina-Sidonia","provincia":"Cádiz","cp":"11170","telefono":"956410060","email":null,"web":null,"etapas":"EI,EP","fuente":"junta_andalucia","confianza":"alta"}},{"type":"Feature","geometry":{"type":"Point","coordinates":[-5.930968727,36.46598535]},"properties":{"id":"191dbf79e16e304a","tipo":"colegio_publico","nombre":"Colegio de Educación Infantil y Primaria Santiago El Mayor","direccion":"C/ Doctor Fléming, s/n","municipio":"Medina-Sidonia","provincia":"Cádiz","cp":"11170","telefono":"956418900","email":"11004015.edu@juntadeandalucia.es","web":null,"etapas":"EI,EP","fuente":"junta_andalucia","confianza":"alta"}},{"type":"Feature","geometry":{"type":"Point","coordinates":[-5.934848785400391,36.46704222017286]},"properties":{"id":"7050b85eeebe8b50","tipo":"colegio_publico","nombre":"Instituto de Educación Secundaria Sidón","direccion":"Avda. Azocarrem, s/n","municipio":"Medina-Sidonia","provincia":"Cádiz","cp":"11170","telefono":"956418902","email":"11004039.edu@juntadeandalucia.es","web":null,"etapas":"ESO,BACH,FP","fuente":"junta_andalucia","confianza":"alta"}},{"type":"Feature","geometry":{"type":"Point","coordinates":[-5.929193003,36.457639252]},"properties":{"id":"176e08b7c77f759c","tipo":"colegio_publico","nombre":"Colegio de Educación Infantil y Primaria Doctor Thebussem","direccion":"Plaza Ramón y Cajal, 7","municipio":"Medina-Sidonia","provincia":"Cádiz","cp":"11170","telefono":"956418546","email":"11004040.edu@juntadeandalucia.es","web":null,"etapas":"EI,EP","fuente":"junta_andalucia","confianza":"alta"}},{"type":"Feature","geometry":{"type":"Point","coordinates":[-5.264462828636169,36.93214138818414]},"properties":{"id":"e14df293bf7fa58b","tipo":"colegio_publico","nombre":"Colegio de Educación Infantil y Primaria Miguel de Cervantes","direccion":"C/ Caño Santo, 2","municipio":"Olvera","provincia":"Cádiz","cp":"11690","telefono":"671530597","email":"11004064.edu@juntadeandalucia.es","web":null,"etapas":"EI,EP,EE","fuente":"junta_andalucia","confianza":"alta"}},{"type":"Feature","geometry":{"type":"Point","coordinates":[-5.254007577896118,36.93392090205378]},"properties":{"id":"3772bd46b83a9ff1","tipo":"colegio_publico","nombre":"Colegio de Educación Primaria San José de Calasanz","direccion":"Plaza de la Emigración, 1","municipio":"Olvera","provincia":"Cádiz","cp":"11690","telefono":"956128560","email":"11004076.edu@juntadeandalucia.es","web":null,"etapas":"EP","fuente":"junta_andalucia","confianza":"alta"}},{"type":"Feature","geometry":{"type":"Point","coordinates":[-5.868411124,36.525199027]},"properties":{"id":"491c6a39b27ec330","tipo":"colegio_publico","nombre":"Escuela Infantil El Llano","direccion":"C/ Estrella, s/n","municipio":"Paterna de Rivera","provincia":"Cádiz","cp":"11178","telefono":"956418941","email":"11004106.edu@juntadeandalucia.es","web":null,"etapas":"EI","fuente":"junta_andalucia","confianza":"alta"}},{"type":"Feature","geometry":{"type":"Point","coordinates":[-5.555577992,36.786216106]},"properties":{"id":"e2e7db43fda945bc","tipo":"colegio_publico","nombre":"Colegio de Educación Primaria Pablo de Olavide","direccion":"C/ Gutiérrez Piñeres, s/n","municipio":"Prado del Rey","provincia":"Cádiz","cp":"11660","telefono":"956709940","email":"11004118.edu@juntadeandalucia.es","web":null,"etapas":"EP","fuente":"junta_andalucia","confianza":"alta"}},{"type":"Feature","geometry":{"type":"Point","coordinates":[-6.42849326133728,36.73532456672448]},"properties":{"id":"1762a185c717345d","tipo":"colegio_publico","nombre":"Instituto de Educación Secundaria Caepionis","direccion":"Avda. Doctor Félix Rodríguez de la Fuente, s/n","municipio":"Chipiona","provincia":"Cádiz","cp":"11550","telefono":"956386545","email":"11004131.edu@juntadeandalucia.es","web":null,"etapas":"ESO","fuente":"junta_andalucia","confianza":"alta"}},{"type":"Feature","geometry":{"type":"Point","coordinates":[-6.233324713,36.602422016]},"properties":{"id":"ac3ff187e99d894b","tipo":"colegio_publico","nombre":"Colegio de Educación Infantil y Primaria Cristóbal Colón","direccion":"Avda. Fuentebravía, 4","municipio":"El Puerto de Santa María","provincia":"Cádiz","cp":"11500","telefono":"956243531","email":"11004209.edu@juntadeandalucia.es","web":null,"etapas":"EI,EP,EE","fuente":"junta_andalucia","confianza":"alta"}},{"type":"Feature","geometry":{"type":"Point","coordinates":[-6.1891114711761475,36.47082124373136]},"properties":{"id":"386d64e8b144cc21","tipo":"colegio_publico","nombre":"Colegio de Educación Infantil y Primaria Juan Sebastián Elcano","direccion":"C/ Rías Bajas, s/n","municipio":"San Fernando","provincia":"Cádiz","cp":"11100","telefono":"956243147","email":"11004210.edu@juntadeandalucia.es","web":null,"etapas":"EI,EP,EE","fuente":"junta_andalucia","confianza":"alta"}},{"type":"Feature","geometry":{"type":"Point","coordinates":[-6.21589869260788,36.60831510989556]},"properties":{"id":"116b3a6f0ed03ce3","tipo":"colegio_publico","nombre":"Colegio de Educación Infantil y Primaria Sericícola","direccion":"Avda. de las Américas, 3","municipio":"El Puerto de Santa María","provincia":"Cádiz","cp":"11500","telefono":"956243929","email":"11004234.edu@juntadeandalucia.es","web":null,"etapas":"EI,EP,EE","fuente":"junta_andalucia","confianza":"alta"}},{"type":"Feature","geometry":{"type":"Point","coordinates":[-6.232295036315918,36.58894776806149]},"properties":{"id":"a3d76649bdc9181a","tipo":"colegio_publico","nombre":"Colegio de Educación Infantil y Primaria Sagrado Corazón de Jesús","direccion":"C/ Aurora, 69","municipio":"El Puerto de Santa María","provincia":"Cádiz","cp":"11500","telefono":"956243931","email":"11004246.edu@juntadeandalucia.es","web":null,"etapas":"EI,EP","fuente":"junta_andalucia","confianza":"alta"}},{"type":"Feature","geometry":{"type":"Point","coordinates":[-6.225446203,36.599743314]},"properties":{"id":"cd5445e55390a504","tipo":"colegio_privado","nombre":"Centro Docente Privado Nuestra Señora de la Merced","direccion":"C/ Ganado, 16","municipio":"El Puerto de Santa María","provincia":"Cádiz","cp":"11500","telefono":"956541755","email":"lamercedpuerto@gmail.com","web":null,"etapas":"EP","fuente":"junta_andalucia","confianza":"alta"}},{"type":"Feature","geometry":{"type":"Point","coordinates":[-6.240320205688477,36.594650376786554]},"properties":{"id":"d94b40fc5af8e454","tipo":"colegio_privado","nombre":"Centro Docente Privado Luisa de Marillac","direccion":"C/ Maestro Juan Pinto, 8","municipio":"El Puerto de Santa María","provincia":"Cádiz","cp":"11500","telefono":"956874445","email":"11004283.edu@juntadeandalucia.es","web":null,"etapas":"EI,EP,ESO","fuente":"junta_andalucia","confianza":"alta"}},{"type":"Feature","geometry":{"type":"Point","coordinates":[-6.361212730407715,36.62897771966425]},"properties":{"id":"ebdf1f9a8a7dc681","tipo":"guarderia","nombre":"Centro de Educación Infantil Madre de Dios","direccion":"Avda. Nuestra Señora de Guadalupe, s/n","municipio":"Rota","provincia":"Cádiz","cp":"11520","telefono":"856528939","email":"nuevaseducadoras@hotmail.com","web":null,"etapas":"EI","fuente":"junta_andalucia","confianza":"alta"}},{"type":"Feature","geometry":{"type":"Point","coordinates":[-6.227885484695435,36.5975553579546]},"properties":{"id":"0ed58e393bf04c2e","tipo":"colegio_privado","nombre":"Centro Docente Privado Sagrado Corazón","direccion":"C/ Pedro Muñoz Seca, 44","municipio":"El Puerto de Santa María","provincia":"Cádiz","cp":"11500","telefono":"956853332","email":"francisca.jimenez@vedruna.es","web":null,"etapas":"EI,EP,ESO,FP","fuente":"junta_andalucia","confianza":"alta"}},{"type":"Feature","geometry":{"type":"Point","coordinates":[-6.220160722732544,36.60258336559944]},"properties":{"id":"18fce1318af8be0a","tipo":"colegio_privado","nombre":"Centro Docente Privado Espíritu Santo","direccion":"C/ Albareda, 3","municipio":"El Puerto de Santa María","provincia":"Cádiz","cp":"11500","telefono":"956872056","email":"11004325.edu@juntadeandalucia.es","web":null,"etapas":"EI,EP,ESO","fuente":"junta_andalucia","confianza":"alta"}},{"type":"Feature","geometry":{"type":"Point","coordinates":[-6.223116517066956,36.603707355039305]},"properties":{"id":"8e1dee4f5ead06dd","tipo":"colegio_privado","nombre":"Centro Docente Privado La Salle-Santa Natalia","direccion":"C/ La Rosa, 6","municipio":"El Puerto de Santa María","provincia":"Cádiz","cp":"11500","telefono":"956859288","email":"dirsantanatalia@lasalleandalucia.net","web":null,"etapas":"EI,EP,ESO","fuente":"junta_andalucia","confianza":"alta"}},{"type":"Feature","geometry":{"type":"Point","coordinates":[-6.235109016,36.598589082]},"properties":{"id":"6cbba21b620a6d88","tipo":"colegio_privado","nombre":"Centro Docente Privado Escuelas Profesionales de la Sagrada Familia-San Luis","direccion":"Avda. San Luis Gonzaga, 1","municipio":"El Puerto de Santa María","provincia":"Cádiz","cp":"11500","telefono":"956851451","email":"informacion.elpuerto@fundacionsafa.es","web":null,"etapas":"EI,EP,ESO,BACH,FP","fuente":"junta_andalucia","confianza":"alta"}},{"type":"Feature","geometry":{"type":"Point","coordinates":[-6.226372718811035,36.59854375878127]},"properties":{"id":"88da0de8713e2b33","tipo":"colegio_privado","nombre":"Centro Docente Privado Esclavas S.C.J.","direccion":"C/ Misericordia, 16","municipio":"El Puerto de Santa María","provincia":"Cádiz","cp":"11500","telefono":"956871092","email":"direccion@esclavaspuerto.com","web":null,"etapas":"EI,EP,ESO","fuente":"junta_andalucia","confianza":"alta"}},{"type":"Feature","geometry":{"type":"Point","coordinates":[-6.228985251,36.600197029]},"properties":{"id":"49012f5d0066a0e4","tipo":"colegio_privado","nombre":"Centro Docente Privado de Educación Especial Mercedes Carbó","direccion":"C/ Doctor Alfredo Suar Muro, s/n","municipio":"El Puerto de Santa María","provincia":"Cádiz","cp":"11500","telefono":"956864649","email":"colegio@afanas.com","web":null,"etapas":"EE","fuente":"junta_andalucia","confianza":"alta"}},{"type":"Feature","geometry":{"type":"Point","coordinates":[-6.219350571,36.604990313]},"properties":{"id":"d95c4db1b61cfd2d","tipo":"colegio_publico","nombre":"Instituto de Educación Secundaria Pedro Muñoz Seca","direccion":"Avda. de la Estación, s/n","municipio":"El Puerto de Santa María","provincia":"Cádiz","cp":"11500","telefono":"956243945","email":"11004416.edu@juntadeandalucia.es","web":null,"etapas":"ESO,BACH,EE","fuente":"junta_andalucia","confianza":"alta"}},{"type":"Feature","geometry":{"type":"Point","coordinates":[-6.240304588,36.592699018]},"properties":{"id":"4c01b5b4613b2990","tipo":"colegio_publico","nombre":"Instituto de Educación Secundaria Mar de Cádiz","direccion":"Avda. Rafael Alberti, s/n","municipio":"El Puerto de Santa María","provincia":"Cádiz","cp":"11500","telefono":"956243128","email":"11004428.secretaria.edu@juntadeandalucia.es","web":null,"etapas":"ESO,BACH,FP","fuente":"junta_andalucia","confianza":"alta"}},{"type":"Feature","geometry":{"type":"Point","coordinates":[-6.232788562774658,36.590015962494135]},"properties":{"id":"e6c28a6933efe88a","tipo":"colegio_publico","nombre":"Colegio de Educación Infantil y Primaria José Luis Poullet","direccion":"Avda. Menesteo, 49","municipio":"El Puerto de Santa María","provincia":"Cádiz","cp":"11500","telefono":"956243952","email":"11004453.edu@juntadeandalucia.es","web":null,"etapas":"EI,EP","fuente":"junta_andalucia","confianza":"alta"}},{"type":"Feature","geometry":{"type":"Point","coordinates":[-6.220420411,36.572946473]},"properties":{"id":"1b654132944f59d6","tipo":"colegio_privado","nombre":"Centro Docente Privado Guadalete","direccion":"C/ Ubrique, 36","municipio":"El Puerto de Santa María","provincia":"Cádiz","cp":"11500","telefono":"956561646","email":"secretaria.guadalete@grazalema-guadalete.com","web":null,"etapas":"EP,ESO,BACH","fuente":"junta_andalucia","confianza":"alta"}},{"type":"Feature","geometry":{"type":"Point","coordinates":[-6.22207205,36.584723803]},"properties":{"id":"2d7f7ffa4486ae90","tipo":"colegio_privado","nombre":"Centro Docente Privado Grazalema","direccion":"C/ Caracola, 2. Urb. Valdelagrana","municipio":"El Puerto de Santa María","provincia":"Cádiz","cp":"11500","telefono":"956561542","email":"secretaria.grazalema@grazalema-guadalete.com","web":null,"etapas":"EI,EP,ESO,BACH","fuente":"junta_andalucia","confianza":"alta"}},{"type":"Feature","geometry":{"type":"Point","coordinates":[-6.298030614852905,36.53388990997423]},"properties":{"id":"dd429bc96efc24c6","tipo":"colegio_privado","nombre":"Centro Docente Privado María de Madariaga-Salus Infirmorum","direccion":"Plaza de la Catedral, s/n","municipio":"Cádiz","provincia":"Cádiz","cp":"11001","telefono":"956909057","email":"secretaria@salusinfirmorumcadiz.com","web":null,"etapas":null,"fuente":"junta_andalucia","confianza":"alta"}},{"type":"Feature","geometry":{"type":"Point","coordinates":[-6.290488243103027,36.53732948169461]},"properties":{"id":"7aef56a2b4f0055f","tipo":"colegio_publico","nombre":"Instituto de Educación Secundaria Cornelio Balbo","direccion":"C/ Nuevo Mundo, s/n","municipio":"Cádiz","provincia":"Cádiz","cp":"11004","telefono":"956243216","email":"11004556.edu@juntadeandalucia.es","web":null,"etapas":"ESO,BACH,EE","fuente":"junta_andalucia","confianza":"alta"}},{"type":"Feature","geometry":{"type":"Point","coordinates":[-6.165901836,36.617687166]},"properties":{"id":"410bc6ea210cd86a","tipo":"colegio_publico","nombre":"Colegio de Educación Infantil y Primaria Castillo de Doña Blanca","direccion":"Plaza Artesanía, s/n","municipio":"El Puerto de Santa María","provincia":"Cádiz","cp":"11500","telefono":"956243955","email":"11004568.edu@juntadeandalucia.es","web":null,"etapas":"EI,EP","fuente":"junta_andalucia","confianza":"alta"}},{"type":"Feature","geometry":{"type":"Point","coordinates":[-6.035050749778748,36.20028705311992]},"properties":{"id":"f27db9635b1e60b1","tipo":"colegio_publico","nombre":"Colegio Público Rural Almenara","direccion":"C/ Zahora, s/n","municipio":"Barbate","provincia":"Cádiz","cp":"11159","telefono":"956459811","email":"11004601.edu@juntadeandalucia.es","web":null,"etapas":"EI,EP","fuente":"junta_andalucia","confianza":"alta"}},{"type":"Feature","geometry":{"type":"Point","coordinates":[-6.188124418258667,36.528648363653744]},"properties":{"id":"9e7992705408b628","tipo":"colegio_privado","nombre":"Centro Docente Privado Bahía","direccion":"C/ San Fernando, 13-15","municipio":"Puerto Real","provincia":"Cádiz","cp":"11510","telefono":"956830628","email":"info@colegiobahia.es","web":null,"etapas":"EI,EP","fuente":"junta_andalucia","confianza":"alta"}},{"type":"Feature","geometry":{"type":"Point","coordinates":[-6.192140964,36.531041819]},"properties":{"id":"69220aac5d7434e5","tipo":"colegio_privado","nombre":"Centro Docente Privado La Salle Buen Consejo","direccion":"C/ Teresa de Calcuta, 70","municipio":"Puerto Real","provincia":"Cádiz","cp":"11510","telefono":"956830096","email":"dirpuertoreal@lasalleandalucia.net","web":null,"etapas":"EI,EP,ESO","fuente":"junta_andalucia","confianza":"alta"}},{"type":"Feature","geometry":{"type":"Point","coordinates":[-6.1935169994831085,36.52914192901161]},"properties":{"id":"f000338c90518898","tipo":"colegio_privado","nombre":"Centro Docente Privado Juan Pablo II-Santo Ángel","direccion":"C/ Santo Domingo, 38","municipio":"Puerto Real","provincia":"Cádiz","cp":"11510","telefono":"956830290","email":"colegio@juanpablosegundopuertoreal.es","web":null,"etapas":"EI,EP,ESO","fuente":"junta_andalucia","confianza":"alta"}},{"type":"Feature","geometry":{"type":"Point","coordinates":[-6.189411878585815,36.531829541869214]},"properties":{"id":"27ecf415af672170","tipo":"colegio_publico","nombre":"Colegio de Educación Infantil y Primaria Reggio","direccion":"C/ Virgen del Carmen, s/n","municipio":"Puerto Real","provincia":"Cádiz","cp":"11510","telefono":"956243149","email":"11004659.edu@juntadeandalucia.es","web":null,"etapas":"EI,EP","fuente":"junta_andalucia","confianza":"alta"}},{"type":"Feature","geometry":{"type":"Point","coordinates":[-6.182023812,36.532366721]},"properties":{"id":"2022c7fcae0ffdbb","tipo":"colegio_publico","nombre":"Colegio de Educación Infantil y Primaria Reyes Católicos","direccion":"Otros Huerta la Mediana, s/n","municipio":"Puerto Real","provincia":"Cádiz","cp":"11510","telefono":"956243734","email":"11004660.edu@juntadeandalucia.es","web":null,"etapas":"EI,EP,EE","fuente":"junta_andalucia","confianza":"alta"}},{"type":"Feature","geometry":{"type":"Point","coordinates":[-6.194765567779541,36.529743255475424]},"properties":{"id":"a69fbefce12d475c","tipo":"colegio_publico","nombre":"Instituto de Educación Secundaria Manuel de Falla","direccion":"Avda. Palestina, s/n","municipio":"Puerto Real","provincia":"Cádiz","cp":"11510","telefono":"671531227","email":"11004672.edu@juntadeandalucia.es","web":null,"etapas":"ESO,BACH,FP,ADUL","fuente":"junta_andalucia","confianza":"alta"}},{"type":"Feature","geometry":{"type":"Point","coordinates":[-6.181104823,36.532283132]},"properties":{"id":"8aec0fd52d746b30","tipo":"colegio_publico","nombre":"Colegio de Educación Infantil y Primaria Juan XXIII","direccion":"Urb. las Canteras, s/n","municipio":"Puerto Real","provincia":"Cádiz","cp":"11510","telefono":"956243736","email":"11004684.edu@juntadeandalucia.es","web":null,"etapas":"EI,EP","fuente":"junta_andalucia","confianza":"alta"}},{"type":"Feature","geometry":{"type":"Point","coordinates":[-6.185793509,36.532536305]},"properties":{"id":"c234833066349fc0","tipo":"colegio_publico","nombre":"Instituto de Educación Secundaria Virgen del Carmen","direccion":"Paseo  María Auxiliadora, s/n","municipio":"Puerto Real","provincia":"Cádiz","cp":"11510","telefono":"956243741","email":"11004696.edu@juntadeandalucia.es","web":null,"etapas":"ESO,BACH,FP","fuente":"junta_andalucia","confianza":"alta"}},{"type":"Feature","geometry":{"type":"Point","coordinates":[-5.544086974,36.919586423]},"properties":{"id":"26e08d3c2f632d9b","tipo":"colegio_publico","nombre":"Colegio de Educación Infantil y Primaria Blas Infante","direccion":"Avda. de las Escuelas, s/n","municipio":"Puerto Serrano","provincia":"Cádiz","cp":"11659","telefono":"956128549","email":"11004738.edu@juntadeandalucia.es","web":null,"etapas":"EI,EP","fuente":"junta_andalucia","confianza":"alta"}},{"type":"Feature","geometry":{"type":"Point","coordinates":[-6.356550090613837,36.626207573549365]},"properties":{"id":"08ca366fb3ce2fe2","tipo":"colegio_publico","nombre":"Colegio de Educación Infantil y Primaria Pedro Antonio de Alarcón","direccion":"C/ San Antonio, 4","municipio":"Rota","provincia":"Cádiz","cp":"11520","telefono":"956243545","email":"11004775.edu@juntadeandalucia.es","web":null,"etapas":"EI,EP","fuente":"junta_andalucia","confianza":"alta"}},{"type":"Feature","geometry":{"type":"Point","coordinates":[-6.354174613952637,36.627238467767185]},"properties":{"id":"61c10cff0e2abc08","tipo":"colegio_publico","nombre":"Colegio de Educación Infantil y Primaria Azorín","direccion":"C/ Crucero Baleares, 2","municipio":"Rota","provincia":"Cádiz","cp":"11520","telefono":"956243547","email":"11004805.edu@juntadeandalucia.es","web":null,"etapas":"EI,EP","fuente":"junta_andalucia","confianza":"alta"}},{"type":"Feature","geometry":{"type":"Point","coordinates":[-6.359263917,36.622388647]},"properties":{"id":"eb2bee377082da39","tipo":"colegio_publico","nombre":"Colegio de Educación Infantil y Primaria San José de Calasanz","direccion":"C/ Inmaculada Concepción, 6","municipio":"Rota","provincia":"Cádiz","cp":"11520","telefono":"956243905","email":"11004829.edu@juntadeandalucia.es","web":null,"etapas":"EI,EP","fuente":"junta_andalucia","confianza":"alta"}},{"type":"Feature","geometry":{"type":"Point","coordinates":[-6.360581436,36.620297111]},"properties":{"id":"cb967f078a25d49a","tipo":"colegio_privado","nombre":"Centro Docente Privado Nuestra Señora del Rosario","direccion":"Avda. María Auxiliadora, 2","municipio":"Rota","provincia":"Cádiz","cp":"11520","telefono":"956812071","email":"direccioncolegio.rota@salesianos.edu","web":null,"etapas":"EI,EP,ESO,FP","fuente":"junta_andalucia","confianza":"alta"}},{"type":"Feature","geometry":{"type":"Point","coordinates":[-6.371195787,36.625583277]},"properties":{"id":"8c14169d91ccbd71","tipo":"colegio_privado","nombre":"Centro Docente Privado Nuestra Señora del Perpetuo Socorro","direccion":"Avda. Príncipes de España, 122","municipio":"Rota","provincia":"Cádiz","cp":"11520","telefono":"956810079","email":"titularrota@salesianas.org;secretariarota@salesianas.org","web":null,"etapas":"EI,EP,ESO","fuente":"junta_andalucia","confianza":"alta"}},{"type":"Feature","geometry":{"type":"Point","coordinates":[-6.356921195983887,36.62668740947338]},"properties":{"id":"963e6b667357b38a","tipo":"colegio_publico","nombre":"Colegio de Educación Infantil y Primaria Luis Ponce de León","direccion":"C/ Juan Sebastián Elcano, 2","municipio":"Rota","provincia":"Cádiz","cp":"11520","telefono":"956243549","email":"11004854.edu@juntadeandalucia.es","web":null,"etapas":"EI,EP,EE","fuente":"junta_andalucia","confianza":"alta"}},{"type":"Feature","geometry":{"type":"Point","coordinates":[-6.361813545227051,36.63085469005078]},"properties":{"id":"475c3e971a243289","tipo":"colegio_publico","nombre":"Instituto de Educación Secundaria Castillo de Luna","direccion":"C/ Navalcán, s/n","municipio":"Rota","provincia":"Cádiz","cp":"11520","telefono":"956243552","email":"11004866.edu@juntadeandalucia.es","web":null,"etapas":"ESO,BACH,FP,ADUL","fuente":"junta_andalucia","confianza":"alta"}},{"type":"Feature","geometry":{"type":"Point","coordinates":[-6.199754476547241,36.45913846126037]},"properties":{"id":"2f6c613f0192c6cc","tipo":"colegio_publico","nombre":"Colegio de Educación Infantil y Primaria Manuel de Falla","direccion":"C/ Malaspina, s/n","municipio":"San Fernando","provincia":"Cádiz","cp":"11100","telefono":"956243559","email":"11004908.edu@juntadeandalucia.es","web":null,"etapas":"EI,EP","fuente":"junta_andalucia","confianza":"alta"}},{"type":"Feature","geometry":{"type":"Point","coordinates":[-6.198464433,36.478825774]},"properties":{"id":"a34d6cc39e3f51c0","tipo":"colegio_publico","nombre":"Colegio de Educación Infantil y Primaria Casería de Ossio","direccion":"C/ Magallanes, 21","municipio":"San Fernando","provincia":"Cádiz","cp":"11100","telefono":"956243561","email":"11004911.edu@juntadeandalucia.es","web":null,"etapas":"EI,EP","fuente":"junta_andalucia","confianza":"alta"}},{"type":"Feature","geometry":{"type":"Point","coordinates":[-6.203498840332031,36.455600491563175]},"properties":{"id":"22863dc3e16d29ce","tipo":"colegio_publico","nombre":"Colegio de Educación Infantil y Primaria Reina de la Paz","direccion":"C/ Candray, s/n","municipio":"San Fernando","provincia":"Cádiz","cp":"11100","telefono":"956243565","email":"11004970.edu@juntadeandalucia.es","web":null,"etapas":"EI,EP","fuente":"junta_andalucia","confianza":"alta"}},{"type":"Feature","geometry":{"type":"Point","coordinates":[-6.189514470691609,36.47516273239499]},"properties":{"id":"ed34d15eeb02ba72","tipo":"colegio_publico","nombre":"Colegio de Educación Infantil y Primaria Cecilio Pujazón","direccion":"C/ Felipe II, s/n. Bda. Carlos III","municipio":"San Fernando","provincia":"Cádiz","cp":"11100","telefono":"956243796","email":"secretariapujazon@gmail.com, 11004982.edu@juntadeandalucia.es","web":null,"etapas":"EI,EP","fuente":"junta_andalucia","confianza":"alta"}},{"type":"Feature","geometry":{"type":"Point","coordinates":[-6.196836242,36.46880433]},"properties":{"id":"f58cc2d08d8ff068","tipo":"colegio_privado","nombre":"Centro Docente Privado Nuestra Señora del Carmen","direccion":"C/ Colón, 37","municipio":"San Fernando","provincia":"Cádiz","cp":"11100","telefono":"956890216","email":"11005007.edu@juntadeandalucia.es","web":null,"etapas":"EI,EP,ESO","fuente":"junta_andalucia","confianza":"alta"}},{"type":"Feature","geometry":{"type":"Point","coordinates":[-6.203568792,36.457828619]},"properties":{"id":"0be3f55b3d4927b7","tipo":"colegio_privado","nombre":"Centro Docente Privado Liceo Sagrado Corazón","direccion":"C/ Real, 225","municipio":"San Fernando","provincia":"Cádiz","cp":"11100","telefono":"956881322","email":"secretaria@liceosc.com","web":null,"etapas":"EI,EP,ESO,BACH","fuente":"junta_andalucia","confianza":"alta"}},{"type":"Feature","geometry":{"type":"Point","coordinates":[-6.200356396,36.461357033]},"properties":{"id":"00acc8db4f8f556b","tipo":"colegio_privado","nombre":"Centro Docente Privado Miramar","direccion":"C/ Real, 118","municipio":"San Fernando","provincia":"Cádiz","cp":"11100","telefono":"956883066","email":"11005020.edu@juntadeandalucia.es","web":null,"etapas":"EI,EP","fuente":"junta_andalucia","confianza":"alta"}},{"type":"Feature","geometry":{"type":"Point","coordinates":[-6.198560598,36.463531785]},"properties":{"id":"a281d7cf2f0db356","tipo":"colegio_privado","nombre":"Centro Docente Privado La Salle-El Carmen","direccion":"C/ Real, 129","municipio":"San Fernando","provincia":"Cádiz","cp":"11100","telefono":"956945980","email":"dirsanfernandoelcarmen@lasalleandalucia.net","web":null,"etapas":"EI,EP,ESO","fuente":"junta_andalucia","confianza":"alta"}},{"type":"Feature","geometry":{"type":"Point","coordinates":[-6.200988292694092,36.46098504474855]},"properties":{"id":"cd5514c677836ddc","tipo":"colegio_privado","nombre":"Centro Docente Privado Compañía de María","direccion":"C/ Real, 142","municipio":"San Fernando","provincia":"Cádiz","cp":"11100","telefono":"956882998","email":"11005111.edu@juntadeandalucia.es","web":null,"etapas":"EI,EP,ESO,BACH","fuente":"junta_andalucia","confianza":"alta"}},{"type":"Feature","geometry":{"type":"Point","coordinates":[-6.198413372039795,36.466999079571]},"properties":{"id":"c00321f8cdf0f9ce","tipo":"colegio_publico","nombre":"Colegio de Educación Infantil y Primaria Almirante Laulhe","direccion":"C/ General García de la Herranz, 24","municipio":"San Fernando","provincia":"Cádiz","cp":"11100","telefono":"956243566","email":"11005135.edu@juntadeandalucia.es","web":null,"etapas":"EI,EP","fuente":"junta_andalucia","confianza":"alta"}},{"type":"Feature","geometry":{"type":"Point","coordinates":[-6.19604229927063,36.47177028463125]},"properties":{"id":"4c2e17ff4f64c010","tipo":"colegio_publico","nombre":"Colegio de Educación Infantil y Primaria Quintanilla","direccion":"C/ Florencio Montojo, 1","municipio":"San Fernando","provincia":"Cádiz","cp":"11100","telefono":"956243569","email":"11005160.edu@juntadeandalucia.es","web":null,"etapas":"EI,EP","fuente":"junta_andalucia","confianza":"alta"}},{"type":"Feature","geometry":{"type":"Point","coordinates":[-6.190468668937683,36.469544334004496]},"properties":{"id":"dab6a0f035bb26c2","tipo":"colegio_publico","nombre":"Instituto de Educación Secundaria Isla de León","direccion":"Ctra. Carraca, s/n","municipio":"San Fernando","provincia":"Cádiz","cp":"11100","telefono":"671530761","email":"11005241.edu@juntadeandalucia.es","web":null,"etapas":"ESO,BACH,FP,EE,ADUL","fuente":"junta_andalucia","confianza":"alta"}},{"type":"Feature","geometry":{"type":"Point","coordinates":[-6.21230873,36.457701604]},"properties":{"id":"1c1e6e0e7034e8d2","tipo":"colegio_publico","nombre":"Colegio de Educación Infantil y Primaria La Ardila","direccion":"Avda. Pery Junquera, s/n","municipio":"San Fernando","provincia":"Cádiz","cp":"11100","telefono":"956243117","email":"11005263.edu@juntadeandalucia.es","web":null,"etapas":"EI,EP,EE","fuente":"junta_andalucia","confianza":"alta"}},{"type":"Feature","geometry":{"type":"Point","coordinates":[-6.211330890655518,36.459086687257816]},"properties":{"id":"fd3964dffa2b9407","tipo":"colegio_publico","nombre":"Instituto de Educación Secundaria Las Salinas","direccion":"Avda. Al-Andalus, s/n","municipio":"San Fernando","provincia":"Cádiz","cp":"11100","telefono":"956243380","email":"11005275.edu@juntadeandalucia.es","web":null,"etapas":"ESO,BACH,FP,EE,ADUL","fuente":"junta_andalucia","confianza":"alta"}},{"type":"Feature","geometry":{"type":"Point","coordinates":[-6.185388565063477,36.480173103441146]},"properties":{"id":"010833196f53717f","tipo":"colegio_publico","nombre":"Instituto de Educación Secundaria Wenceslao Benítez","direccion":"Avda. de la Armada, s/n. Apto. correos 141","municipio":"San Fernando","provincia":"Cádiz","cp":"11100","telefono":"671533395","email":"11005287.edu@juntadeandalucia.es","web":null,"etapas":"ESO,BACH","fuente":"junta_andalucia","confianza":"alta"}},{"type":"Feature","geometry":{"type":"Point","coordinates":[-6.23636394739151,36.594426415209746]},"properties":{"id":"5bb659c9c4ef5388","tipo":"guarderia","nombre":"Centro de Educación Infantil Virgen de la Caridad","direccion":"C/ Estoque, 4","municipio":"El Puerto de Santa María","provincia":"Cádiz","cp":"11500","telefono":"956875812","email":"guarderiavirgencaridad@hotmail.com","web":null,"etapas":"EI","fuente":"junta_andalucia","confianza":"alta"}},{"type":"Feature","geometry":{"type":"Point","coordinates":[-6.184905767440796,36.479297492876576]},"properties":{"id":"e529319bcb60d3cc","tipo":"colegio_publico","nombre":"Colegio de Educación Infantil y Primaria Juan Díaz de Solís","direccion":"Avda. de la Armada, s/n. Población Militar de San Carlos","municipio":"San Fernando","provincia":"Cádiz","cp":"11100","telefono":"956243402","email":"11005317.edu@juntadeandalucia.es","web":null,"etapas":"EI,EP","fuente":"junta_andalucia","confianza":"alta"}},{"type":"Feature","geometry":{"type":"Point","coordinates":[-6.184272766113281,36.47955198169609]},"properties":{"id":"5f31d9abb90f8277","tipo":"colegio_publico","nombre":"Colegio de Educación Infantil y Primaria Vicente Tofiño","direccion":"Ctra. de la Carraca, s/n","municipio":"San Fernando","provincia":"Cádiz","cp":"11100","telefono":"956243405","email":"11005329.edu@juntadeandalucia.es","web":null,"etapas":"EI,EP","fuente":"junta_andalucia","confianza":"alta"}},{"type":"Feature","geometry":{"type":"Point","coordinates":[-6.319892252,36.824413453]},"properties":{"id":"15bf9090990766e5","tipo":"colegio_publico","nombre":"Colegio de Educación Infantil y Primaria Maestra Caridad Ruiz","direccion":"Plaza Central, s/n","municipio":"Sanlúcar de Barrameda","provincia":"Cádiz","cp":"11549","telefono":"956386920","email":"11005342.edu@juntadeandalucia.es","web":null,"etapas":"EI,EP","fuente":"junta_andalucia","confianza":"alta"}},{"type":"Feature","geometry":{"type":"Point","coordinates":[-5.45153548313224,36.1322678820502]},"properties":{"id":"6b1afc560fc5ebcd","tipo":"colegio_publico","nombre":"Escuela Oficial de Idiomas Algeciras","direccion":"Avda. Blas Infante, s/n","municipio":"Algeciras","provincia":"Cádiz","cp":"11201","telefono":"671530563","email":"11005366.edu@juntadeandalucia.es","web":null,"etapas":"IDI","fuente":"junta_andalucia","confianza":"alta"}},{"type":"Feature","geometry":{"type":"Point","coordinates":[-6.335742473602295,36.80213759331189]},"properties":{"id":"6e19c8b9e0d6fcf9","tipo":"colegio_privado","nombre":"Centro Docente Privado Nuestra Señora de los Reyes","direccion":"C/ Puerto de Barrameda, 40","municipio":"Sanlúcar de Barrameda","provincia":"Cádiz","cp":"11540","telefono":"956360101","email":"direccionbonanza@maristasmediterranea.com","web":null,"etapas":"EI,EP,ESO","fuente":"junta_andalucia","confianza":"alta"}},{"type":"Feature","geometry":{"type":"Point","coordinates":[-6.343933939933777,36.788782223464544]},"properties":{"id":"2105e237e5449a1f","tipo":"colegio_publico","nombre":"Colegio de Educación Infantil y Primaria Quinta de la Paz","direccion":"C/ Camino del Instituto, s/n","municipio":"Sanlúcar de Barrameda","provincia":"Cádiz","cp":"11540","telefono":"956386923","email":"11005411.edu@juntadeandalucia.es","web":null,"etapas":"EI,EP","fuente":"junta_andalucia","confianza":"alta"}},{"type":"Feature","geometry":{"type":"Point","coordinates":[-6.34709358215332,36.767492156196745]},"properties":{"id":"8e9ea930c0139952","tipo":"colegio_publico","nombre":"Colegio de Educación Infantil y Primaria Virgen de la Caridad","direccion":"C/ Manuel Barbadillo, s/n","municipio":"Sanlúcar de Barrameda","provincia":"Cádiz","cp":"11540","telefono":"956386700","email":"11005421.edu@juntadeandalucia.es","web":null,"etapas":"EI,EP,EE","fuente":"junta_andalucia","confianza":"alta"}},{"type":"Feature","geometry":{"type":"Point","coordinates":[-6.350322961807251,36.77807992376464]},"properties":{"id":"2368607fa4a7c96f","tipo":"colegio_privado","nombre":"Centro Docente Privado Divina Pastora","direccion":"C/ Carril de San Diego, 71","municipio":"Sanlúcar de Barrameda","provincia":"Cádiz","cp":"11540","telefono":"956360221","email":"11005433.edu@juntadeandalucia.es","web":null,"etapas":"EI,EP,ESO","fuente":"junta_andalucia","confianza":"alta"}},{"type":"Feature","geometry":{"type":"Point","coordinates":[-6.351449489593506,36.77436319951775]},"properties":{"id":"eb16b94d413c0698","tipo":"colegio_privado","nombre":"Centro Docente Privado Nuestra Señora de la Caridad","direccion":"C/ San Agustín, 5","municipio":"Sanlúcar de Barrameda","provincia":"Cádiz","cp":"11540","telefono":"956360436","email":"11005469.edu@juntadeandalucia.es","web":null,"etapas":"EP,ESO","fuente":"junta_andalucia","confianza":"alta"}},{"type":"Feature","geometry":{"type":"Point","coordinates":[-6.3490891456604,36.78209722070454]},"properties":{"id":"a76923d920798ce4","tipo":"colegio_privado","nombre":"Centro Docente Privado La Salle San Francisco","direccion":"C/ Del Ángel, 2","municipio":"Sanlúcar de Barrameda","provincia":"Cádiz","cp":"11540","telefono":"956360126","email":"11005494.edu@juntadeandalucia.es","web":null,"etapas":"EP,ESO","fuente":"junta_andalucia","confianza":"alta"}},{"type":"Feature","geometry":{"type":"Point","coordinates":[-6.3506582379341125,36.775875691708585]},"properties":{"id":"41dc9b15cfe67d6f","tipo":"colegio_publico","nombre":"Colegio de Educación Infantil y Primaria Albaicín","direccion":"C/ Gitanos, s/n","municipio":"Sanlúcar de Barrameda","provincia":"Cádiz","cp":"11540","telefono":"956386925","email":"11005500.edu@juntadeandalucia.es","web":null,"etapas":"EI,EP","fuente":"junta_andalucia","confianza":"alta"}},{"type":"Feature","geometry":{"type":"Point","coordinates":[-6.35634183883667,36.77452218447545]},"properties":{"id":"df93a571b164460a","tipo":"colegio_privado","nombre":"Centro Docente Privado Huerta Grande","direccion":"Plaza Compañía de María, s/n","municipio":"Sanlúcar de Barrameda","provincia":"Cádiz","cp":"11540","telefono":"956360202","email":"11005524.edu@juntadeandalucia.es","web":null,"etapas":"EI,EP,ESO","fuente":"junta_andalucia","confianza":"alta"}},{"type":"Feature","geometry":{"type":"Point","coordinates":[-6.365070485,36.77865929]},"properties":{"id":"34fb9d5e2446fcba","tipo":"colegio_publico","nombre":"Colegio de Educación Infantil y Primaria Guadalquivir","direccion":"Avda. de las Piletas, 87","municipio":"Sanlúcar de Barrameda","provincia":"Cádiz","cp":"11540","telefono":"956386928","email":"11005536.edu@juntadeandalucia.es","web":null,"etapas":"EI,EP","fuente":"junta_andalucia","confianza":"alta"}},{"type":"Feature","geometry":{"type":"Point","coordinates":[-6.355336906,36.783529707]},"properties":{"id":"057f4a6f3dd9b286","tipo":"colegio_publico","nombre":"Colegio de Educación Infantil y Primaria Princesa Sofía","direccion":"C/ Pío XII, 1","municipio":"Sanlúcar de Barrameda","provincia":"Cádiz","cp":"11540","telefono":"956386931","email":"11005548.edu@juntadeandalucia.es","web":null,"etapas":"EI,EP,EE","fuente":"junta_andalucia","confianza":"alta"}},{"type":"Feature","geometry":{"type":"Point","coordinates":[-6.34159732,36.787755232]},"properties":{"id":"02137c39ca4ab096","tipo":"colegio_publico","nombre":"Instituto de Educación Secundaria Francisco Pacheco","direccion":"Avda. de Huelva, s/n","municipio":"Sanlúcar de Barrameda","provincia":"Cádiz","cp":"11540","telefono":"956386902","email":"11005551.edu@juntadeandalucia.es","web":null,"etapas":"ESO,BACH,FP,EE,ADUL","fuente":"junta_andalucia","confianza":"alta"}},{"type":"Feature","geometry":{"type":"Point","coordinates":[-6.381490230560303,36.76324632571792]},"properties":{"id":"9d51bf4d15a93c45","tipo":"colegio_privado","nombre":"Centro Docente Privado de Educación Especial Virgen del Pilar","direccion":"C/ Pago de la Jara, s/n","municipio":"Sanlúcar de Barrameda","provincia":"Cádiz","cp":"11540","telefono":"956389019","email":"11005561.edu@juntadeandalucia.es","web":null,"etapas":"EE","fuente":"junta_andalucia","confianza":"alta"}},{"type":"Feature","geometry":{"type":"Point","coordinates":[-6.348423957824707,36.77385186728318]},"properties":{"id":"8352df98d21494c7","tipo":"colegio_publico","nombre":"Colegio de Educación Infantil y Primaria Maestra Rafaela Zárate","direccion":"Bda. Félix Rodríguez de la Fuente, s/n","municipio":"Sanlúcar de Barrameda","provincia":"Cádiz","cp":"11540","telefono":"956386934","email":"11005603.edu@juntadeandalucia.es","web":null,"etapas":"EI,EP,EE","fuente":"junta_andalucia","confianza":"alta"}},{"type":"Feature","geometry":{"type":"Point","coordinates":[-6.340785026550293,36.78782419010407]},"properties":{"id":"b5cee7f6cbbf5b3e","tipo":"colegio_publico","nombre":"Instituto de Educación Secundaria Doñana","direccion":"Avda. de Huelva, s/n","municipio":"Sanlúcar de Barrameda","provincia":"Cádiz","cp":"11540","telefono":"956361514","email":"11005639.edu@juntadeandalucia.es","web":null,"etapas":"ESO,BACH,FP,ADUL","fuente":"junta_andalucia","confianza":"alta"}},{"type":"Feature","geometry":{"type":"Point","coordinates":[-5.377353615,36.177970516]},"properties":{"id":"7a1bb74db71092d6","tipo":"colegio_publico","nombre":"Colegio de Educación Infantil y Primaria Santa Rita","direccion":"C/ Isabel Pérez Morales, s/n","municipio":"San Roque","provincia":"Cádiz","cp":"11314","telefono":"956670190","email":"11005640.edu@juntadeandalucia.es","web":null,"etapas":"EI,EP","fuente":"junta_andalucia","confianza":"alta"}},{"type":"Feature","geometry":{"type":"Point","coordinates":[-5.430963635444641,36.213843857801315]},"properties":{"id":"a9cf85fc4f5cecc8","tipo":"colegio_publico","nombre":"Colegio de Educación Infantil y Primaria San Bernardo","direccion":"C/ Sevilla, s/n","municipio":"San Roque","provincia":"Cádiz","cp":"11368","telefono":"956670269","email":"11005664.edu@juntadeandalucia.es","web":null,"etapas":"EI,EP,EE","fuente":"junta_andalucia","confianza":"alta"}},{"type":"Feature","geometry":{"type":"Point","coordinates":[-5.298471625,36.294762979]},"properties":{"id":"088a7aabc3c2f66b","tipo":"colegio_publico","nombre":"Colegio de Educación Infantil y Primaria Gloria Fuertes","direccion":"Avda. Ciro Gil, s/n","municipio":"San Roque","provincia":"Cádiz","cp":"11311","telefono":"956670901","email":"11005688.edu@juntadeandalucia.es","web":null,"etapas":"EI,EP","fuente":"junta_andalucia","confianza":"alta"}},{"type":"Feature","geometry":{"type":"Point","coordinates":[-5.383644104003906,36.18073549609556]},"properties":{"id":"7e6b86030d27e6d5","tipo":"colegio_publico","nombre":"Colegio de Educación Infantil y Primaria Sagrado Corazón","direccion":"C/ Martinetes, s/n","municipio":"San Roque","provincia":"Cádiz","cp":"11313","telefono":"956670792","email":"11005691.edu@juntadeandalucia.es","web":null,"etapas":"EI,EP","fuente":"junta_andalucia","confianza":"alta"}},{"type":"Feature","geometry":{"type":"Point","coordinates":[-5.388786559,36.209955375]},"properties":{"id":"eb93ca6ecfe39821","tipo":"colegio_publico","nombre":"Colegio de Educación Infantil y Primaria Santa María Coronada","direccion":"Avda. Velázquez, s/n","municipio":"San Roque","provincia":"Cádiz","cp":"11360","telefono":"956670973","email":"11005718.edu@juntadeandalucia.es","web":null,"etapas":"EI,EP","fuente":"junta_andalucia","confianza":"alta"}},{"type":"Feature","geometry":{"type":"Point","coordinates":[-5.384030342102051,36.205879736022595]},"properties":{"id":"48b2a58c65f2ca99","tipo":"colegio_publico","nombre":"Instituto de Educación Secundaria Escuela de Hostelería San Roque","direccion":"Ctra. CA - 34. Km. 0. Cruce el Toril","municipio":"San Roque","provincia":"Cádiz","cp":"11360","telefono":"956780158","email":"11005743.edu@juntadeandalucia.es","web":null,"etapas":null,"fuente":"junta_andalucia","confianza":"alta"}},{"type":"Feature","geometry":{"type":"Point","coordinates":[-5.382542096,36.214180849]},"properties":{"id":"fe047a6608d715ef","tipo":"colegio_publico","nombre":"Instituto de Educación Secundaria José Cadalso","direccion":"Avda. Castiella, s/n","municipio":"San Roque","provincia":"Cádiz","cp":"11360","telefono":"671530634","email":"11005755.edu@juntadeandalucia.es","web":null,"etapas":"ESO,BACH,EE","fuente":"junta_andalucia","confianza":"alta"}},{"type":"Feature","geometry":{"type":"Point","coordinates":[-5.4238128662109375,36.20501402177562]},"properties":{"id":"ec2e3436eef3b678","tipo":"colegio_publico","nombre":"Colegio de Educación Infantil y Primaria Taraguilla","direccion":"Plaza de las Flores, s/n","municipio":"San Roque","provincia":"Cádiz","cp":"11369","telefono":"956670985","email":"11005779.edu@juntadeandalucia.es","web":null,"etapas":"EI,EP,EE","fuente":"junta_andalucia","confianza":"alta"}},{"type":"Feature","geometry":{"type":"Point","coordinates":[-5.171942710876465,36.86173367221609]},"properties":{"id":"fd55aa7f992eb73d","tipo":"colegio_publico","nombre":"Colegio de Educación Infantil y Primaria Virgen del Carmen","direccion":"Urb. El Almendral, s/n","municipio":"Setenil de las Bodegas","provincia":"Cádiz","cp":"11692","telefono":"956128808","email":"11005780.edu@juntadeandalucia.es","web":null,"etapas":"EI,EP,EE","fuente":"junta_andalucia","confianza":"alta"}},{"type":"Feature","geometry":{"type":"Point","coordinates":[-5.70016622543335,36.14601902946898]},"properties":{"id":"b57074d9f0bc6d55","tipo":"colegio_publico","nombre":"Colegio de Educación Infantil y Primaria Divina Pastora","direccion":"Ctra. de Vico","municipio":"Tarifa","provincia":"Cádiz","cp":"11391","telefono":"956459730","email":"11005895.edu@juntadeandalucia.es","web":null,"etapas":"EI,EP,ESO","fuente":"junta_andalucia","confianza":"alta"}},{"type":"Feature","geometry":{"type":"Point","coordinates":[-5.605505704879761,36.01210261428802]},"properties":{"id":"408b5f0c1c3e0356","tipo":"colegio_publico","nombre":"Colegio de Educación Infantil y Primaria Guzmán El Bueno","direccion":"C/ Regimiento de Infantería \"Álava 22\", s/n","municipio":"Tarifa","provincia":"Cádiz","cp":"11380","telefono":"956459610","email":"11005962.edu@juntadeandalucia.es","web":null,"etapas":"EI,EP","fuente":"junta_andalucia","confianza":"alta"}},{"type":"Feature","geometry":{"type":"Point","coordinates":[-5.234813690185547,36.915587774944335]},"properties":{"id":"41f6911bff47b30c","tipo":"colegio_publico","nombre":"Colegio de Educación Infantil y Primaria Sagrado Corazón de Jesús","direccion":"C/ El Tejar, s/n","municipio":"Torre-Alháquime","provincia":"Cádiz","cp":"11691","telefono":"956128809","email":"11006012.edu@juntadeandalucia.es","web":null,"etapas":"EI,EP,ESO","fuente":"junta_andalucia","confianza":"alta"}},{"type":"Feature","geometry":{"type":"Point","coordinates":[-6.174992322921753,36.868557636365495]},"properties":{"id":"295af31079df793d","tipo":"colegio_publico","nombre":"Colegio de Educación Infantil y Primaria Blas Infante","direccion":"Plaza Antonio Cañada, 2","municipio":"Trebujena","provincia":"Cádiz","cp":"11560","telefono":"600148922","email":"11006024.edu@juntadeandalucia.es","web":null,"etapas":"EI,EP,EE","fuente":"junta_andalucia","confianza":"alta"}},{"type":"Feature","geometry":{"type":"Point","coordinates":[-5.446118116378784,36.676628273310314]},"properties":{"id":"6faa053e58112a25","tipo":"colegio_publico","nombre":"Colegio de Educación Infantil y Primaria Víctor de la Serna y Espina","direccion":"C/ Doctor Herrero Arenas, 10","municipio":"Ubrique","provincia":"Cádiz","cp":"11600","telefono":"956128938","email":"11006048.edu@juntadeandalucia.es","web":null,"etapas":"EI,EP,EE","fuente":"junta_andalucia","confianza":"alta"}},{"type":"Feature","geometry":{"type":"Point","coordinates":[-5.44299449,36.678002839]},"properties":{"id":"b48966709bbfa5e6","tipo":"colegio_privado","nombre":"Centro Docente Privado Sagrado Corazón de Jesús","direccion":"Avda. Miguel Reguera, 3","municipio":"Ubrique","provincia":"Cádiz","cp":"11600","telefono":"956460108","email":"ubrique@rmaria.org","web":null,"etapas":"EI,EP,ESO","fuente":"junta_andalucia","confianza":"alta"}},{"type":"Feature","geometry":{"type":"Point","coordinates":[-5.447995662689209,36.68043147181446]},"properties":{"id":"fd26a82f040412fe","tipo":"colegio_publico","nombre":"Colegio de Educación Infantil y Primaria Benafelix","direccion":"Avda. Juan de la Rosa, s/n","municipio":"Ubrique","provincia":"Cádiz","cp":"11600","telefono":"956128940","email":"11006061.edu@juntadeandalucia.es","web":null,"etapas":"EI,EP","fuente":"junta_andalucia","confianza":"alta"}},{"type":"Feature","geometry":{"type":"Point","coordinates":[-5.448337358,36.67148529]},"properties":{"id":"0004dcdfcb92632e","tipo":"colegio_publico","nombre":"Colegio de Educación Infantil y Primaria Reina Sofía","direccion":"Plaza Virgen de la Estrella, s/n","municipio":"Ubrique","provincia":"Cádiz","cp":"11600","telefono":"956128943","email":"11006085.edu@juntadeandalucia.es","web":null,"etapas":"EI,EP","fuente":"junta_andalucia","confianza":"alta"}},{"type":"Feature","geometry":{"type":"Point","coordinates":[-5.877460241317749,36.29718904176815]},"properties":{"id":"6a1957ffbd8ec7ab","tipo":"colegio_privado","nombre":"Centro Docente Privado Escuelas Profesionales de la Sagrada Familia-Nuestra Señora del Buen Consejo de Las Lomas","direccion":"Finca las Lomas, s/n","municipio":"Vejer de la Frontera","provincia":"Cádiz","cp":"11150","telefono":"956448210","email":"laslomas@safa.edu","web":null,"etapas":"EP,ESO","fuente":"junta_andalucia","confianza":"alta"}},{"type":"Feature","geometry":{"type":"Point","coordinates":[-5.878764814,36.292204036]},"properties":{"id":"e3b8d4af3a20a102","tipo":"colegio_publico","nombre":"Escuela Infantil Las Lomas","direccion":"Finca las Lomas, s/n","municipio":"Vejer de la Frontera","provincia":"Cádiz","cp":"11150","telefono":"671599203","email":"11006139.edu@juntadeandalucia.es","web":null,"etapas":"EI","fuente":"junta_andalucia","confianza":"alta"}},{"type":"Feature","geometry":{"type":"Point","coordinates":[-6.132715344429016,36.685142186633556]},"properties":{"id":"b08769b67b920c05","tipo":"guarderia","nombre":"Centro de Educación Infantil El Centro","direccion":"Plaza Quemada, 9","municipio":"Jerez de la Frontera","provincia":"Cádiz","cp":"11402","telefono":"956332782","email":"elcentrocei@gmail.com","web":null,"etapas":"EI","fuente":"junta_andalucia","confianza":"alta"}},{"type":"Feature","geometry":{"type":"Point","coordinates":[-5.961795153,36.254190881]},"properties":{"id":"c52ef27b58005311","tipo":"colegio_privado","nombre":"Centro Docente Privado Divino Salvador","direccion":"Plaza Padre Caro, 1","municipio":"Vejer de la Frontera","provincia":"Cádiz","cp":"11150","telefono":"956450177","email":"divinosalvador@hijascaridad.es","web":null,"etapas":"EI,EP,ESO","fuente":"junta_andalucia","confianza":"alta"}},{"type":"Feature","geometry":{"type":"Point","coordinates":[-5.4504311084747314,36.10177831797221]},"properties":{"id":"476aaf34d8a3a60d","tipo":"colegio_publico","nombre":"Colegio de Educación Infantil y Primaria Parque del Estrecho","direccion":"C/ Minerva, s/n","municipio":"Algeciras","provincia":"Cádiz","cp":"11207","telefono":"956102599","email":"11006243.edu@juntadeandalucia.es","web":null,"etapas":"EI,EP,EE","fuente":"junta_andalucia","confianza":"alta"}},{"type":"Feature","geometry":{"type":"Point","coordinates":[-5.386487245559692,36.69635639855719]},"properties":{"id":"eda8c44a5f82a867","tipo":"colegio_publico","nombre":"Colegio de Educación Infantil y Primaria Profesor Gálvez","direccion":"C/ Obispo Pérez González, 3","municipio":"Villaluenga del Rosario","provincia":"Cádiz","cp":"11611","telefono":"956128662","email":"11006255.edu@juntadeandalucia.es","web":null,"etapas":"EI,EP","fuente":"junta_andalucia","confianza":"alta"}},{"type":"Feature","geometry":{"type":"Point","coordinates":[-5.647275548,36.859853837]},"properties":{"id":"e7425212b660e876","tipo":"colegio_publico","nombre":"Colegio de Educación Infantil y Primaria Elio Antonio de Nebrija","direccion":"Plaza de Andalucía, s/n","municipio":"Villamartín","provincia":"Cádiz","cp":"11650","telefono":"956709945","email":"11006279.edu@juntadeandalucia.es","web":null,"etapas":"EI,EP","fuente":"junta_andalucia","confianza":"alta"}},{"type":"Feature","geometry":{"type":"Point","coordinates":[-5.637464535,36.85762091]},"properties":{"id":"436646de4e47b420","tipo":"colegio_publico","nombre":"Colegio de Educación Infantil y Primaria Ntra. Sra. de las Montañas","direccion":"C/ Virgen de las Montañas, 19","municipio":"Villamartín","provincia":"Cádiz","cp":"11650","telefono":"956709900","email":"11006280.edu@juntadeandalucia.es","web":null,"etapas":"EI,EP","fuente":"junta_andalucia","confianza":"alta"}},{"type":"Feature","geometry":{"type":"Point","coordinates":[-5.391325950622559,36.84095760279085]},"properties":{"id":"16ad1ccd23187339","tipo":"colegio_publico","nombre":"Colegio de Educación Infantil y Primaria Maestro Juan María Marín","direccion":"C/ Las Películas, s/n","municipio":"Zahara","provincia":"Cádiz","cp":"11688","telefono":"956128812","email":"11006358.edu@juntadeandalucia.es","web":null,"etapas":"EI,EP,ESO","fuente":"junta_andalucia","confianza":"alta"}},{"type":"Feature","geometry":{"type":"Point","coordinates":[-6.2020933628082275,36.46959610102414]},"properties":{"id":"6e5a1daaa6e384f2","tipo":"colegio_publico","nombre":"Colegio de Educación Infantil y Primaria Servando Camúñez","direccion":"C/ La Rábida, s/n. Bda. Cayetano Roldán","municipio":"San Fernando","provincia":"Cádiz","cp":"11100","telefono":"956243933","email":"11006383.edu@juntadeandalucia.es","web":null,"etapas":"EI,EP","fuente":"junta_andalucia","confianza":"alta"}},{"type":"Feature","geometry":{"type":"Point","coordinates":[-5.819605512,36.754789163]},"properties":{"id":"462e50073df05c74","tipo":"colegio_publico","nombre":"Colegio de Educación Infantil y Primaria Vicenta Tarín","direccion":"Avda. de la Paz, 2. Bda. de la Paz","municipio":"Arcos de la Frontera","provincia":"Cádiz","cp":"11630","telefono":"956709964","email":"11006401.edu@juntadeandalucia.es","web":null,"etapas":"EI,EP","fuente":"junta_andalucia","confianza":"alta"}},{"type":"Feature","geometry":{"type":"Point","coordinates":[-6.103409486,36.696267771]},"properties":{"id":"b87d2ccef5b87dff","tipo":"colegio_publico","nombre":"Colegio de Educación Infantil y Primaria Elio Antonio de Nebrija","direccion":"Polígo de la Granja, s/n","municipio":"Jerez de la Frontera","provincia":"Cádiz","cp":"11405","telefono":"856811979","email":"11006425.edu@juntadeandalucia.es","web":null,"etapas":"EI,EP,EE","fuente":"junta_andalucia","confianza":"alta"}},{"type":"Feature","geometry":{"type":"Point","coordinates":[-5.96583366394043,36.24867735946109]},"properties":{"id":"e952d2d218c84fd3","tipo":"colegio_publico","nombre":"Colegio de Educación Infantil y Primaria Ntra. Sra. de la Oliva","direccion":"Avda. San Miguel, 33","municipio":"Vejer de la Frontera","provincia":"Cádiz","cp":"11150","telefono":"956459583","email":"11006449.edu@juntadeandalucia.es","web":null,"etapas":"EI,EP","fuente":"junta_andalucia","confianza":"alta"}},{"type":"Feature","geometry":{"type":"Point","coordinates":[-5.969960242509842,36.25289527034051]},"properties":{"id":"46261ddf67bbd1a7","tipo":"colegio_publico","nombre":"Colegio de Educación Infantil y Primaria Los Molinos","direccion":"Avda. de Andalucía, s/n. La Ereta","municipio":"Vejer de la Frontera","provincia":"Cádiz","cp":"11150","telefono":"956459587","email":"11006474.edu@juntadeandalucia.es","web":null,"etapas":"EI,EP,EE","fuente":"junta_andalucia","confianza":"alta"}},{"type":"Feature","geometry":{"type":"Point","coordinates":[-6.268880367279053,36.493819271873846]},"properties":{"id":"de16f975f898e32f","tipo":"colegio_publico","nombre":"Instituto de Educación Secundaria Fuerte de Cortadura","direccion":"C/ Vía Augusta Julia, s/n","municipio":"Cádiz","provincia":"Cádiz","cp":"11011","telefono":"956243411","email":"11006486.edu@juntadeandalucia.es","web":null,"etapas":"ESO,BACH,FP","fuente":"junta_andalucia","confianza":"alta"}},{"type":"Feature","geometry":{"type":"Point","coordinates":[-6.380840034,36.631148307]},"properties":{"id":"e7a1cd937aa2f0dd","tipo":"colegio_privado","nombre":"Centro Docente Privado Pozo Nuevo","direccion":"Avda. Príncipes de España, 178","municipio":"Rota","provincia":"Cádiz","cp":"11520","telefono":"956811307","email":"11006498.edu@juntadeandalucia.es","web":null,"etapas":"EI,EP,ESO","fuente":"junta_andalucia","confianza":"alta"}},{"type":"Feature","geometry":{"type":"Point","coordinates":[-5.464668273925781,36.140543373033694]},"properties":{"id":"8b975fecb7f85bdd","tipo":"colegio_publico","nombre":"Colegio de Educación Infantil y Primaria Blanca de los Ríos","direccion":"Avda. Europa, s/n","municipio":"Algeciras","provincia":"Cádiz","cp":"11204","telefono":"956670312","email":"11006516.edu@juntadeandalucia.es","web":null,"etapas":"EI,EP,EE","fuente":"junta_andalucia","confianza":"alta"}},{"type":"Feature","geometry":{"type":"Point","coordinates":[-6.1725568771362305,36.380142950163766]},"properties":{"id":"f63cd337fb7e106a","tipo":"colegio_publico","nombre":"Colegio de Educación Infantil y Primaria La Barrosa","direccion":"Cmo. del Sotillo, s/n. Aldea del Coto","municipio":"Chiclana de la Frontera","provincia":"Cádiz","cp":"11130","telefono":"956243446","email":"11006528.edu@juntadeandalucia.es","web":null,"etapas":"EI,EP","fuente":"junta_andalucia","confianza":"alta"}},{"type":"Feature","geometry":{"type":"Point","coordinates":[-6.271369457244873,36.601127753405024]},"properties":{"id":"620e54ebeb2f9eeb","tipo":"colegio_publico","nombre":"Colegio de Educación Infantil y Primaria Costa Oeste","direccion":"C/ Mar de Groenlandia, s/n","municipio":"El Puerto de Santa María","provincia":"Cádiz","cp":"11500","telefono":"956243457","email":"11006531.edu@juntadeandalucia.es","web":null,"etapas":"EI,EP","fuente":"junta_andalucia","confianza":"alta"}},{"type":"Feature","geometry":{"type":"Point","coordinates":[-6.223604679107666,36.60905146389945]},"properties":{"id":"1282d2c3c7b0ddea","tipo":"colegio_publico","nombre":"Colegio de Educación Infantil y Primaria La Florida","direccion":"C/ Sagitario, s/n","municipio":"El Puerto de Santa María","provincia":"Cádiz","cp":"11500","telefono":"671531263","email":"11006541.edu@juntadeandalucia.es","web":null,"etapas":"EI,EP,EE","fuente":"junta_andalucia","confianza":"alta"}},{"type":"Feature","geometry":{"type":"Point","coordinates":[-6.087348461151123,36.71644067515375]},"properties":{"id":"2d4f924490cd0a25","tipo":"colegio_publico","nombre":"Colegio de Educación Infantil y Primaria Guadaluz","direccion":"C/ Dámaso Alonso, s/n","municipio":"Jerez de la Frontera","provincia":"Cádiz","cp":"11591","telefono":"856811650","email":"11006553.edu@juntadeandalucia.es","web":null,"etapas":"EI,EP,EE","fuente":"junta_andalucia","confianza":"alta"}},{"type":"Feature","geometry":{"type":"Point","coordinates":[-6.106370687484741,36.702240301958284]},"properties":{"id":"718f7ec5f4213372","tipo":"colegio_publico","nombre":"Colegio de Educación Infantil y Primaria El Membrillar","direccion":"C/ Juan Rodríguez Jiménez, s/n","municipio":"Jerez de la Frontera","provincia":"Cádiz","cp":"11405","telefono":"856811652","email":"11006565.edu@juntadeandalucia.es","web":null,"etapas":"EI,EP","fuente":"junta_andalucia","confianza":"alta"}},{"type":"Feature","geometry":{"type":"Point","coordinates":[-6.1133489257445035,36.68013936151963]},"properties":{"id":"b8c4d699c8a02b45","tipo":"guarderia","nombre":"Centro de Educación Infantil El Pastorcito Divino","direccion":"C/ Guindo, 6","municipio":"Jerez de la Frontera","provincia":"Cádiz","cp":"11406","telefono":"653949449","email":"elpastorcitodivino@hotmail.com","web":null,"etapas":"EI","fuente":"junta_andalucia","confianza":"alta"}},{"type":"Feature","geometry":{"type":"Point","coordinates":[-6.14177199979,36.4206630002]},"properties":{"id":"8f6b545b9aba95ad","tipo":"guarderia","nombre":"Centro de Educación Infantil Marionetas","direccion":"C/ Palomar, 26","municipio":"Chiclana de la Frontera","provincia":"Cádiz","cp":"11130","telefono":"956533848","email":"maifra2@hotmail.com","web":null,"etapas":"EI","fuente":"junta_andalucia","confianza":"alta"}},{"type":"Feature","geometry":{"type":"Point","coordinates":[-6.247205740655889,36.59952456245055]},"properties":{"id":"e3c8e0927106a4be","tipo":"guarderia","nombre":"Centro de Educación Infantil La Casa Azul","direccion":"C/ Flamenco, 2","municipio":"El Puerto de Santa María","provincia":"Cádiz","cp":"11500","telefono":"687290791","email":"administracion@ceilacasazul.com","web":null,"etapas":"EI","fuente":"junta_andalucia","confianza":"alta"}},{"type":"Feature","geometry":{"type":"Point","coordinates":[-6.093807220458984,36.69113448723155]},"properties":{"id":"d03c9426589e2003","tipo":"colegio_publico","nombre":"Colegio de Educación Infantil y Primaria La Marquesa","direccion":"C/ Castillo de Medina, s/n","municipio":"Jerez de la Frontera","provincia":"Cádiz","cp":"11406","telefono":"856811698","email":"11006607.edu@juntadeandalucia.es","web":null,"etapas":"EI,EP,EE","fuente":"junta_andalucia","confianza":"alta"}},{"type":"Feature","geometry":{"type":"Point","coordinates":[-6.2175053358078,36.449607147810596]},"properties":{"id":"1d691ad383c3416f","tipo":"colegio_publico","nombre":"Colegio de Educación Infantil y Primaria Camposoto","direccion":"C/ González de la Torre, s/n","municipio":"San Fernando","provincia":"Cádiz","cp":"11100","telefono":"956243442","email":"11006619.edu@juntadeandalucia.es","web":null,"etapas":"EI,EP,EE","fuente":"junta_andalucia","confianza":"alta"}},{"type":"Feature","geometry":{"type":"Point","coordinates":[-6.214120388031006,36.45059528316103]},"properties":{"id":"96196044167d935b","tipo":"guarderia","nombre":"Centro de Educación Infantil El Parque de Camposoto","direccion":"C/ María Auxiliadora, 2","municipio":"San Fernando","provincia":"Cádiz","cp":"11100","telefono":"956488270","email":"guardelparque@gmail.com","web":null,"etapas":"EI","fuente":"junta_andalucia","confianza":"alta"}},{"type":"Feature","geometry":{"type":"Point","coordinates":[-5.400499105453491,36.881233999533286]},"properties":{"id":"f1edcba23be8fec6","tipo":"colegio_publico","nombre":"Instituto de Educación Secundaria Fuente Alta","direccion":"Avda. de Andalucía, 67","municipio":"Algodonales","provincia":"Cádiz","cp":"11680","telefono":"956128813","email":"11006668.edu@juntadeandalucia.es","web":null,"etapas":"ESO,BACH,FP","fuente":"junta_andalucia","confianza":"alta"}},{"type":"Feature","geometry":{"type":"Point","coordinates":[-5.255584716796875,36.92958567631005]},"properties":{"id":"ef4dce54b687a1cf","tipo":"colegio_publico","nombre":"Instituto de Educación Secundaria Zaframagón","direccion":"Avda. Manuel de Falla, s/n","municipio":"Olvera","provincia":"Cádiz","cp":"11690","telefono":"956128820","email":"11006671.edu@juntadeandalucia.es","web":null,"etapas":"ESO,BACH,ADUL","fuente":"junta_andalucia","confianza":"alta"}},{"type":"Feature","geometry":{"type":"Point","coordinates":[-5.444809198379517,36.67972591525671]},"properties":{"id":"07d19f40a105c89f","tipo":"colegio_publico","nombre":"Instituto de Educación Secundaria Ntra. Sra. de los Remedios","direccion":"Avda. Herrera Oria, s/n","municipio":"Ubrique","provincia":"Cádiz","cp":"11600","telefono":"956128903","email":"11006681.edu@juntadeandalucia.es","web":null,"etapas":"ESO,BACH,ADUL","fuente":"junta_andalucia","confianza":"alta"}},{"type":"Feature","geometry":{"type":"Point","coordinates":[-5.451493263244629,36.68235881284087]},"properties":{"id":"b58ad0b4c24e6176","tipo":"colegio_publico","nombre":"Instituto de Educación Secundaria Las Cumbres","direccion":"C/ Las Cumbres, s/n. Apdo. 38","municipio":"Ubrique","provincia":"Cádiz","cp":"11600","telefono":"697951066","email":"11006693.edu@juntadeandalucia.es","web":null,"etapas":"ESO,BACH,FP","fuente":"junta_andalucia","confianza":"alta"}},{"type":"Feature","geometry":{"type":"Point","coordinates":[-5.406788823,36.881786717]},"properties":{"id":"52fda1c0a0ca9eb2","tipo":"colegio_publico","nombre":"Escuela Infantil Príncipe de Asturias","direccion":"C/ Biblioteca, 28","municipio":"Algodonales","provincia":"Cádiz","cp":"11680","telefono":"956128664","email":"11006701.edu@juntadeandalucia.es","web":null,"etapas":"EI","fuente":"junta_andalucia","confianza":"alta"}},{"type":"Feature","geometry":{"type":"Point","coordinates":[-5.422542029333333,36.284663666]},"properties":{"id":"e54fe8750150d56e","tipo":"colegio_publico","nombre":"Colegio de Educación Infantil y Primaria Tierno Galván","direccion":"Avda. Cádiz, s/n","municipio":"Castellar de la Frontera","provincia":"Cádiz","cp":"11350","telefono":"956670591","email":"11006723.edu@juntadeandalucia.es","web":null,"etapas":"EI,EP,EE","fuente":"junta_andalucia","confianza":"alta"}},{"type":"Feature","geometry":{"type":"Point","coordinates":[-6.163973808288574,36.41948671560211]},"properties":{"id":"7e436593f177fed0","tipo":"colegio_publico","nombre":"Colegio de Educación Infantil y Primaria Al-Ándalus","direccion":"C/ La Vid, 7","municipio":"Chiclana de la Frontera","provincia":"Cádiz","cp":"11130","telefono":"956243366","email":"11006747.edu@juntadeandalucia.es","web":null,"etapas":"EI,EP,EE","fuente":"junta_andalucia","confianza":"alta"}},{"type":"Feature","geometry":{"type":"Point","coordinates":[-6.1363963859186015,36.424359612216435]},"properties":{"id":"e378b665ab9dc318","tipo":"colegio_publico","nombre":"Colegio de Educación Infantil y Primaria Maestra Carmen Sedofeito","direccion":"Bda. Panzacola, s/n","municipio":"Chiclana de la Frontera","provincia":"Cádiz","cp":"11130","telefono":"956243939","email":"11006759.edu@juntadeandalucia.es","web":null,"etapas":"EI,EP,EE","fuente":"junta_andalucia","confianza":"alta"}},{"type":"Feature","geometry":{"type":"Point","coordinates":[-6.130248171,36.682643011]},"properties":{"id":"75c5211400147498","tipo":"colegio_publico","nombre":"Colegio de Educación Infantil y Primaria Pío XII","direccion":"C/ Diego Gómez Salido, s/n","municipio":"Jerez de la Frontera","provincia":"Cádiz","cp":"11401","telefono":"856811537","email":"11006772.edu@juntadeandalucia.es","web":null,"etapas":"EI,EP,EE","fuente":"junta_andalucia","confianza":"alta"}},{"type":"Feature","geometry":{"type":"Point","coordinates":[-6.345784664154053,36.77494327817557]},"properties":{"id":"00642e69cc48db9b","tipo":"colegio_publico","nombre":"Colegio de Educación Infantil y Primaria Blas Infante","direccion":"Avda. de la Constitución, s/n","municipio":"Sanlúcar de Barrameda","provincia":"Cádiz","cp":"11540","telefono":"956386915","email":"11006796.edu@juntadeandalucia.es","web":null,"etapas":"EI,EP","fuente":"junta_andalucia","confianza":"alta"}},{"type":"Feature","geometry":{"type":"Point","coordinates":[-5.452233552932739,36.11543883552293]},"properties":{"id":"a976478db4e8a562","tipo":"colegio_publico","nombre":"Colegio de Educación Infantil y Primaria Tartessos","direccion":"C/ Federico García Lorca, s/n","municipio":"Algeciras","provincia":"Cádiz","cp":"11207","telefono":"956670850","email":"11006802.edu@juntadeandalucia.es","web":null,"etapas":"EI,EP,EE","fuente":"junta_andalucia","confianza":"alta"}},{"type":"Feature","geometry":{"type":"Point","coordinates":[-5.45059971,36.118602497]},"properties":{"id":"b26e53949607f234","tipo":"colegio_publico","nombre":"Escuela Infantil Gloria Fuertes","direccion":"C/ José de Espronceda, s/n","municipio":"Algeciras","provincia":"Cádiz","cp":"11207","telefono":"956670848","email":"11006826.edu@juntadeandalucia.es","web":null,"etapas":"EI","fuente":"junta_andalucia","confianza":"alta"}},{"type":"Feature","geometry":{"type":"Point","coordinates":[-5.45445442199707,36.134616757252154]},"properties":{"id":"e1d20a592bd67ec9","tipo":"colegio_publico","nombre":"Escuela Infantil Manuel Tinoco Sánchez","direccion":"C/ Hotel Garrido, s/n","municipio":"Algeciras","provincia":"Cádiz","cp":"11202","telefono":"956670627","email":"11006851.edu@juntadeandalucia.es","web":null,"etapas":"EI","fuente":"junta_andalucia","confianza":"alta"}},{"type":"Feature","geometry":{"type":"Point","coordinates":[-5.454223822,36.120475067]},"properties":{"id":"b48a27792e53cc1e","tipo":"colegio_publico","nombre":"Colegio de Educación Infantil y Primaria Andalucía","direccion":"C/ Guadalquivir, s/n","municipio":"Algeciras","provincia":"Cádiz","cp":"11206","telefono":"956670846","email":"11006863.edu@juntadeandalucia.es","web":null,"etapas":"EI,EP","fuente":"junta_andalucia","confianza":"alta"}},{"type":"Feature","geometry":{"type":"Point","coordinates":[-5.452734104,36.143632894]},"properties":{"id":"1749309447f269da","tipo":"colegio_publico","nombre":"Colegio de Educación Infantil y Primaria San Bernardo","direccion":"C/ Millán Picazo, 81","municipio":"Algeciras","provincia":"Cádiz","cp":"11204","telefono":"956670201","email":"11006887.edu@juntadeandalucia.es","web":null,"etapas":"EI,EP,EE","fuente":"junta_andalucia","confianza":"alta"}},{"type":"Feature","geometry":{"type":"Point","coordinates":[-6.090200644,36.273666283]},"properties":{"id":"81dbb14dde91cfa5","tipo":"colegio_publico","nombre":"Colegio de Educación Infantil y Primaria Los Bateles","direccion":"Avda. de la Playa, s/n","municipio":"Conil de la Frontera","provincia":"Cádiz","cp":"11140","telefono":"956459900","email":"11006905.edu@juntadeandalucia.es","web":null,"etapas":"EI,EP","fuente":"junta_andalucia","confianza":"alta"}},{"type":"Feature","geometry":{"type":"Point","coordinates":[-6.145048141479492,36.409574931088855]},"properties":{"id":"2f130deda46af7e7","tipo":"colegio_publico","nombre":"Colegio de Educación Infantil y Primaria La Atlántida","direccion":"C/ Solfeo, s/n. Ctra. Fuente Amarga","municipio":"Chiclana de la Frontera","provincia":"Cádiz","cp":"11130","telefono":"956243942","email":"11006917.edu@juntadeandalucia.es","web":null,"etapas":"EI,EP","fuente":"junta_andalucia","confianza":"alta"}},{"type":"Feature","geometry":{"type":"Point","coordinates":[-6.430521011352539,36.74108512094412]},"properties":{"id":"0cbe02bb247cc467","tipo":"colegio_publico","nombre":"Colegio de Educación Infantil y Primaria Maestro Manuel Aparcero","direccion":"Avda. Granada, 3","municipio":"Chipiona","provincia":"Cádiz","cp":"11550","telefono":"956386917","email":"11006929.edu@juntadeandalucia.es","web":null,"etapas":"EI,EP,EE","fuente":"junta_andalucia","confianza":"alta"}},{"type":"Feature","geometry":{"type":"Point","coordinates":[-6.100094318389893,36.695728411508775]},"properties":{"id":"094904ac4a342941","tipo":"colegio_publico","nombre":"Colegio de Educación Infantil y Primaria Las Granjas","direccion":"C/ Málaga, s/n. Bda. La Granja","municipio":"Jerez de la Frontera","provincia":"Cádiz","cp":"11405","telefono":"856811982","email":"11006930.edu@juntadeandalucia.es","web":null,"etapas":"EI,EP","fuente":"junta_andalucia","confianza":"alta"}},{"type":"Feature","geometry":{"type":"Point","coordinates":[-6.117499064,36.679706872]},"properties":{"id":"15204e0364c7efa2","tipo":"colegio_publico","nombre":"Colegio de Educación Infantil y Primaria Tartessos","direccion":"Pago Valdetoro, s/n","municipio":"Jerez de la Frontera","provincia":"Cádiz","cp":"11406","telefono":"856811910","email":"11006966.edu@juntadeandalucia.es","web":null,"etapas":"EI,EP,EE","fuente":"junta_andalucia","confianza":"alta"}},{"type":"Feature","geometry":{"type":"Point","coordinates":[-6.138439178466797,36.67771246217955]},"properties":{"id":"02760a572b4d4896","tipo":"colegio_publico","nombre":"Colegio de Educación Infantil y Primaria Torresoto","direccion":"Bda. Torresoto, s/n","municipio":"Jerez de la Frontera","provincia":"Cádiz","cp":"11401","telefono":"856811985","email":"11006981.edu@juntadeandalucia.es","web":null,"etapas":"EI,EP,EE","fuente":"junta_andalucia","confianza":"alta"}},{"type":"Feature","geometry":{"type":"Point","coordinates":[-6.128656643,36.701607539]},"properties":{"id":"c807e91c86f22a9d","tipo":"colegio_publico","nombre":"Colegio de Educación Infantil y Primaria Antonio Machado","direccion":"Avda. San Joaquín, s/n","municipio":"Jerez de la Frontera","provincia":"Cádiz","cp":"11407","telefono":"856811520","email":"11007016.edu@juntadeandalucia.es","web":null,"etapas":"EI,EP","fuente":"junta_andalucia","confianza":"alta"}},{"type":"Feature","geometry":{"type":"Point","coordinates":[-6.113108396530151,36.6853873940255]},"properties":{"id":"38e36dee5ebefbe4","tipo":"colegio_publico","nombre":"Colegio de Educación Infantil y Primaria Manuel de Falla","direccion":"C/ Ntra. Sra. de Montserrat, s/n. Bda. Asunción","municipio":"Jerez de la Frontera","provincia":"Cádiz","cp":"11406","telefono":"856811587","email":"11007028.edu@juntadeandalucia.es","web":null,"etapas":"EI,EP","fuente":"junta_andalucia","confianza":"alta"}},{"type":"Feature","geometry":{"type":"Point","coordinates":[-5.351035509,36.158490386]},"properties":{"id":"8f808ee77bbaa88a","tipo":"colegio_publico","nombre":"Colegio de Educación Infantil y Primaria San Felipe","direccion":"Bda. San Felipe, s/n","municipio":"La Línea de la Concepción","provincia":"Cádiz","cp":"11300","telefono":"956670188","email":"11007041.edu@juntadeandalucia.es","web":null,"etapas":"EI,EP,EE","fuente":"junta_andalucia","confianza":"alta"}},{"type":"Feature","geometry":{"type":"Point","coordinates":[-5.356864929199219,36.165076877710156]},"properties":{"id":"56bbb38542cfd49c","tipo":"colegio_publico","nombre":"Colegio de Educación Primaria Andalucía","direccion":"C/ Sevilla, 1. Bda. El Junquillo","municipio":"La Línea de la Concepción","provincia":"Cádiz","cp":"11300","telefono":"956670588","email":"11007065.edu@juntadeandalucia.es","web":null,"etapas":"EP,EE","fuente":"junta_andalucia","confianza":"alta"}},{"type":"Feature","geometry":{"type":"Point","coordinates":[-5.358063183,36.165652759]},"properties":{"id":"ddfe54a62a9ddfce","tipo":"colegio_publico","nombre":"Escuela Infantil El Rocío","direccion":"C/ Rocío, s/n. Bda. El Junquillo","municipio":"La Línea de la Concepción","provincia":"Cádiz","cp":"11300","telefono":"956670836","email":"11007077.edu@juntadeandalucia.es","web":null,"etapas":"EI","fuente":"junta_andalucia","confianza":"alta"}},{"type":"Feature","geometry":{"type":"Point","coordinates":[-5.544866323471069,36.919186132835875]},"properties":{"id":"06fe4d7ad1ef4795","tipo":"colegio_publico","nombre":"Colegio de Educación Infantil y Primaria Escuelas Verdes","direccion":"Avda. de las Escuelas, s/n","municipio":"Puerto Serrano","provincia":"Cádiz","cp":"11659","telefono":"956128925","email":"11007089.edu@juntadeandalucia.es","web":null,"etapas":"EI,EP,EE","fuente":"junta_andalucia","confianza":"alta"}},{"type":"Feature","geometry":{"type":"Point","coordinates":[-6.363122463226318,36.626683104314964]},"properties":{"id":"c1460d769887dfa9","tipo":"colegio_publico","nombre":"Colegio de Educación Infantil y Primaria Maestro Eduardo Lobillo","direccion":"C/ Neptuno, 4","municipio":"Rota","provincia":"Cádiz","cp":"11520","telefono":"956243702","email":"11007090.edu@juntadeandalucia.es","web":null,"etapas":"EI,EP,EE","fuente":"junta_andalucia","confianza":"alta"}},{"type":"Feature","geometry":{"type":"Point","coordinates":[-5.600388050079346,36.017296512502256]},"properties":{"id":"1115444dbf2b9b42","tipo":"colegio_publico","nombre":"Colegio de Educación Infantil y Primaria Virgen del Sol","direccion":"C/ Algeciras, s/n","municipio":"Tarifa","provincia":"Cádiz","cp":"11380","telefono":"956459902","email":"11007107.edu@juntadeandalucia.es","web":null,"etapas":"EI,EP,EE","fuente":"junta_andalucia","confianza":"alta"}},{"type":"Feature","geometry":{"type":"Point","coordinates":[-5.610301494598389,36.0151747357856]},"properties":{"id":"6da4ef588797fc37","tipo":"colegio_publico","nombre":"Colegio de Educación Infantil y Primaria Ntra. Sra. de la Luz","direccion":"Plaza Playa de los Lances, s/n","municipio":"Tarifa","provincia":"Cádiz","cp":"11380","telefono":"956670143","email":"11007120.edu@juntadeandalucia.es","web":null,"etapas":"EI,EP","fuente":"junta_andalucia","confianza":"alta"}},{"type":"Feature","geometry":{"type":"Point","coordinates":[-6.171571425,36.873519145]},"properties":{"id":"c60395465a025722","tipo":"colegio_publico","nombre":"Colegio de Educación Infantil y Primaria Antonio Briante Caro","direccion":"C/ García Caparrós, 12","municipio":"Trebujena","provincia":"Cádiz","cp":"11560","telefono":"856811991","email":"11007132.edu@juntadeandalucia.es","web":null,"etapas":"EI,EP","fuente":"junta_andalucia","confianza":"alta"}},{"type":"Feature","geometry":{"type":"Point","coordinates":[-6.105984449386597,36.68550784649308]},"properties":{"id":"6fc75c3c6098f6c3","tipo":"guarderia","nombre":"Centro de Educación Infantil La Tortuga","direccion":"Avda. de Las Delicias, 58, esquina C/ Galápago","municipio":"Jerez de la Frontera","provincia":"Cádiz","cp":"11406","telefono":"956391188","email":"11007144.edu@juntadeandalucia.es","web":null,"etapas":"EI","fuente":"junta_andalucia","confianza":"alta"}},{"type":"Feature","geometry":{"type":"Point","coordinates":[-5.458552837371826,36.110212407951956]},"properties":{"id":"a9d18d1915634c4b","tipo":"guarderia","nombre":"Centro de Educación Infantil Los Pastores","direccion":"C/ Maestro Luis Cano Toba, s/n","municipio":"Algeciras","provincia":"Cádiz","cp":"11206","telefono":"659417885","email":"lospastores@gdarunda.com","web":null,"etapas":"EI","fuente":"junta_andalucia","confianza":"alta"}},{"type":"Feature","geometry":{"type":"Point","coordinates":[-6.198713779449463,36.470864382206166]},"properties":{"id":"82fb24b5bdc17406","tipo":"guarderia","nombre":"Centro de Educación Infantil El Duende","direccion":"C/ Doctor Castroviejo esquina, C/ Antonio Ramos","municipio":"San Fernando","provincia":"Cádiz","cp":"11100","telefono":"956899425","email":"11007168.edu@juntadeandalucia.es","web":null,"etapas":"EI","fuente":"junta_andalucia","confianza":"alta"}},{"type":"Feature","geometry":{"type":"Point","coordinates":[-6.333494782447815,36.79264860408561]},"properties":{"id":"efba68e8ba2a6ce3","tipo":"colegio_publico","nombre":"Colegio de Educación Infantil y Primaria Maestro José Sabio","direccion":"Pago de San Jerónimo, s/n","municipio":"Sanlúcar de Barrameda","provincia":"Cádiz","cp":"11540","telefono":"956386944","email":"11007171.edu@juntadeandalucia.es","web":null,"etapas":"EI,EP,EE","fuente":"junta_andalucia","confianza":"alta"}},{"type":"Feature","geometry":{"type":"Point","coordinates":[-5.383218313,36.214473819]},"properties":{"id":"f0eaac7f137cd863","tipo":"colegio_publico","nombre":"Colegio de Educación Infantil y Primaria Maestro Gabriel Arenas","direccion":"Avda. Castiella, 10","municipio":"San Roque","provincia":"Cádiz","cp":"11360","telefono":"956670830","email":"11007181.edu@juntadeandalucia.es","web":null,"etapas":"EI,EP","fuente":"junta_andalucia","confianza":"alta"}},{"type":"Feature","geometry":{"type":"Point","coordinates":[-5.448475306,36.104567638]},"properties":{"id":"868354bd50574c0c","tipo":"colegio_privado","nombre":"Centro Docente Privado Montecalpe","direccion":"C/ Carpa, s/n. Urb. San García","municipio":"Algeciras","provincia":"Cádiz","cp":"11207","telefono":"956605888","email":"secretaria.montecalpe@puertoblanco-montecalpe.com","web":null,"etapas":"EP,ESO,BACH","fuente":"junta_andalucia","confianza":"alta"}},{"type":"Feature","geometry":{"type":"Point","coordinates":[-5.437803268432617,36.10972701726034]},"properties":{"id":"c812087eb5df26a4","tipo":"colegio_privado","nombre":"Centro Docente Privado Puerto Blanco","direccion":"C/ Goleta, s/n. Urbanización San García","municipio":"Algeciras","provincia":"Cádiz","cp":"11207","telefono":"956604422","email":"secretaria.puertoblanco@puertoblanco-montecalpe.com","web":null,"etapas":"EI,EP,ESO,BACH","fuente":"junta_andalucia","confianza":"alta"}},{"type":"Feature","geometry":{"type":"Point","coordinates":[-6.199319958686829,36.473379313787056]},"properties":{"id":"d8cb0e0e3c9b14a5","tipo":"colegio_publico","nombre":"Colegio de Educación Infantil y Primaria San Ignacio","direccion":"C/ Jesús de los Afligidos, 18","municipio":"San Fernando","provincia":"Cádiz","cp":"11100","telefono":"956243581","email":"11007223.edu@juntadeandalucia.es","web":null,"etapas":"EI,EP,EE","fuente":"junta_andalucia","confianza":"alta"}},{"type":"Feature","geometry":{"type":"Point","coordinates":[-6.3480377197265625,36.77904237558059]},"properties":{"id":"ba080f63079f9638","tipo":"colegio_publico","nombre":"Colegio de Educación Infantil y Primaria El Picacho","direccion":"Avda. Constitución, s/n","municipio":"Sanlúcar de Barrameda","provincia":"Cádiz","cp":"11540","telefono":"956386500","email":"11007259.edu@juntadeandalucia.es","web":null,"etapas":"EI,EP","fuente":"junta_andalucia","confianza":"alta"}},{"type":"Feature","geometry":{"type":"Point","coordinates":[-6.209974815,36.458178958]},"properties":{"id":"7e1d528c91060607","tipo":"colegio_publico","nombre":"Colegio de Educación Infantil y Primaria Arquitecto Leoz","direccion":"C/ Duque de Arcos, s/n. Bda. Blas Infante","municipio":"San Fernando","provincia":"Cádiz","cp":"11100","telefono":"956243280","email":"11007260.edu@juntadeandalucia.es","web":null,"etapas":"EI,EP,EE","fuente":"junta_andalucia","confianza":"alta"}},{"type":"Feature","geometry":{"type":"Point","coordinates":[-6.203259317,36.467109093]},"properties":{"id":"4f6a4b28fc78cfbb","tipo":"colegio_publico","nombre":"Colegio de Educación Infantil y Primaria Padre José Casal Carrillo","direccion":"C/ General Pujales, s/n","municipio":"San Fernando","provincia":"Cádiz","cp":"11100","telefono":"956243585","email":"11007272.edu@juntadeandalucia.es","web":null,"etapas":"EI,EP,EE","fuente":"junta_andalucia","confianza":"alta"}},{"type":"Feature","geometry":{"type":"Point","coordinates":[-6.342962980270386,36.78566749718079]},"properties":{"id":"59a6eacb867f5c06","tipo":"colegio_publico","nombre":"Colegio de Educación Infantil y Primaria El Pino","direccion":"Avda. Huelva, s/n","municipio":"Sanlúcar de Barrameda","provincia":"Cádiz","cp":"11540","telefono":"956386947","email":"11007326.edu@juntadeandalucia.es","web":null,"etapas":"EI,EP","fuente":"junta_andalucia","confianza":"alta"}},{"type":"Feature","geometry":{"type":"Point","coordinates":[-6.245620250701904,36.60014584564323]},"properties":{"id":"e9723eb0fd35ce4e","tipo":"colegio_privado","nombre":"Centro Docente Privado El Centro Inglés","direccion":"Ctra. de Rota, Km. 1,5. Fuentebravía","municipio":"El Puerto de Santa María","provincia":"Cádiz","cp":"11500","telefono":"956850560","email":"directorgestion@elcentroingles.es;oficina1@elcentroingles.es","web":null,"etapas":"EI,EP,ESO,BACH","fuente":"junta_andalucia","confianza":"alta"}},{"type":"Feature","geometry":{"type":"Point","coordinates":[-6.273860185,36.512569158]},"properties":{"id":"0241919b6eed7c51","tipo":"colegio_publico","nombre":"Colegio de Educación Infantil y Primaria Profesor Juan Carlos Aragón","direccion":"C/ Barbate, s/n. Bda. La Paz","municipio":"Cádiz","provincia":"Cádiz","cp":"11012","telefono":"956243247","email":"11007363.edu@juntadeandalucia.es","web":null,"etapas":"EI,EP","fuente":"junta_andalucia","confianza":"alta"}},{"type":"Feature","geometry":{"type":"Point","coordinates":[-6.128933429718018,36.671508286107986]},"properties":{"id":"d611a7b7d8b007cb","tipo":"colegio_publico","nombre":"Instituto de Educación Secundaria Asta Regia","direccion":"Avda. Moreno Mendoza, 4","municipio":"Jerez de la Frontera","provincia":"Cádiz","cp":"11408","telefono":"671537147","email":"11007387.edu@juntadeandalucia.es","web":null,"etapas":"ESO,BACH,FP","fuente":"junta_andalucia","confianza":"alta"}},{"type":"Feature","geometry":{"type":"Point","coordinates":[-6.243764162063599,36.59511552567672]},"properties":{"id":"3c3ab0c22c7b56bd","tipo":"colegio_publico","nombre":"Colegio de Educación Infantil y Primaria Pinar Hondo","direccion":"Avda. de la Libertad, 17","municipio":"El Puerto de Santa María","provincia":"Cádiz","cp":"11500","telefono":"956243587","email":"11007399.edu@juntadeandalucia.es","web":null,"etapas":"EI,EP","fuente":"junta_andalucia","confianza":"alta"}},{"type":"Feature","geometry":{"type":"Point","coordinates":[-5.343217849731445,36.16233976257333]},"properties":{"id":"791103226013159c","tipo":"colegio_publico","nombre":"Colegio de Educación Infantil y Primaria Santiago","direccion":"C/ Jardines, 43","municipio":"La Línea de la Concepción","provincia":"Cádiz","cp":"11300","telefono":"956670989","email":"11007417.edu@juntadeandalucia.es","web":null,"etapas":"EI,EP","fuente":"junta_andalucia","confianza":"alta"}},{"type":"Feature","geometry":{"type":"Point","coordinates":[-5.343883037567139,36.16796980057381]},"properties":{"id":"d3a4a978581e4d49","tipo":"colegio_publico","nombre":"Colegio de Educación Infantil y Primaria Gibraltar","direccion":"C/ Gibraltar, 108","municipio":"La Línea de la Concepción","provincia":"Cádiz","cp":"11300","telefono":"956670605","email":"11007429.edu@juntadeandalucia.es","web":null,"etapas":"EI,EP,EE","fuente":"junta_andalucia","confianza":"alta"}},{"type":"Feature","geometry":{"type":"Point","coordinates":[-6.217317581176758,36.614356449862804]},"properties":{"id":"b8e901f2794b2e06","tipo":"colegio_publico","nombre":"Colegio de Educación Infantil y Primaria El Juncal","direccion":"Cmo. Rompeserones, s/n","municipio":"El Puerto de Santa María","provincia":"Cádiz","cp":"11500","telefono":"956243125","email":"11007442.edu@juntadeandalucia.es","web":null,"etapas":"EI,EP","fuente":"junta_andalucia","confianza":"alta"}},{"type":"Feature","geometry":{"type":"Point","coordinates":[-6.274394989013672,36.520259426268346]},"properties":{"id":"c11ab3663adc92c7","tipo":"colegio_publico","nombre":"Colegio de Educación Infantil y Primaria Gadir","direccion":"Avda. de la Bahía, 27","municipio":"Cádiz","provincia":"Cádiz","cp":"11012","telefono":"956243249","email":"11007481.edu@juntadeandalucia.es","web":null,"etapas":"EI,EP,EE","fuente":"junta_andalucia","confianza":"alta"}},{"type":"Feature","geometry":{"type":"Point","coordinates":[-6.198384404215176,36.53152867186088]},"properties":{"id":"9f5c5d3de7fbb7ff","tipo":"colegio_publico","nombre":"Colegio de Educación Infantil y Primaria El Trocadero","direccion":"C/ La Caña, 9","municipio":"Puerto Real","provincia":"Cádiz","cp":"11510","telefono":"956243590","email":"11007511.edu@juntadeandalucia.es","web":null,"etapas":"EI,EP,EE","fuente":"junta_andalucia","confianza":"alta"}},{"type":"Feature","geometry":{"type":"Point","coordinates":[-6.381232738494873,36.62997648023963]},"properties":{"id":"f4339a2a36a8d7ec","tipo":"colegio_publico","nombre":"Instituto de Educación Secundaria Arroyo Hondo","direccion":"C/ Maestro  Manuel J. Casal Egea, 2","municipio":"Rota","provincia":"Cádiz","cp":"11520","telefono":"956243253","email":"11007533.edu@juntadeandalucia.es; general@iesarroyohondo.es","web":null,"etapas":"ESO,BACH,FP","fuente":"junta_andalucia","confianza":"alta"}},{"type":"Feature","geometry":{"type":"Point","coordinates":[-5.648254752159119,36.862016943229065]},"properties":{"id":"81338278bed39bb5","tipo":"colegio_publico","nombre":"Instituto de Educación Secundaria Castillo de Matrera","direccion":"C/ Sevilla, 16","municipio":"Villamartín","provincia":"Cádiz","cp":"11650","telefono":"671533701","email":"11007545.edu@juntadeandalucia.es","web":null,"etapas":"ESO,BACH,FP","fuente":"junta_andalucia","confianza":"alta"}},{"type":"Feature","geometry":{"type":"Point","coordinates":[-6.138287723,36.695469773]},"properties":{"id":"4c636660fcf91273","tipo":"colegio_publico","nombre":"Colegio de Educación Infantil y Primaria La Unión","direccion":"C/ Antonio Machado, s/n. Bda. La Unión","municipio":"Jerez de la Frontera","provincia":"Cádiz","cp":"11407","telefono":"856811800","email":"11007557.edu@juntadeandalucia.es","web":null,"etapas":"EI,EP,EE","fuente":"junta_andalucia","confianza":"alta"}},{"type":"Feature","geometry":{"type":"Point","coordinates":[-5.447066937,36.1289676]},"properties":{"id":"a8242d0f1b2150b5","tipo":"colegio_privado","nombre":"Centro Docente Privado Paco Ocaña","direccion":"C/ Castelar, 18-20","municipio":"Algeciras","provincia":"Cádiz","cp":"11201","telefono":"956656401","email":"pacoocana@hotmail.es","web":null,"etapas":null,"fuente":"junta_andalucia","confianza":"alta"}},{"type":"Feature","geometry":{"type":"Point","coordinates":[-6.157879829406738,36.42070833318852]},"properties":{"id":"bc6caad70a29b1d8","tipo":"colegio_publico","nombre":"Instituto de Educación Secundaria Pablo Ruiz Picasso","direccion":"Avda. de la Diputación, s/n","municipio":"Chiclana de la Frontera","provincia":"Cádiz","cp":"11130","telefono":"956243747","email":"11007582.edu@juntadeandalucia.es","web":null,"etapas":"ESO,BACH,FP,EE","fuente":"junta_andalucia","confianza":"alta"}},{"type":"Feature","geometry":{"type":"Point","coordinates":[-5.4886579513549805,36.182398174436486]},"properties":{"id":"1bd8082f654bd504","tipo":"colegio_publico","nombre":"Colegio de Educación Infantil y Primaria San Ramón Nonato","direccion":"Avda. Doña Rosa García López-Cepero, s/n","municipio":"Los Barrios","provincia":"Cádiz","cp":"11370","telefono":"956670991","email":"11007624.edu@juntadeandalucia.es","web":null,"etapas":"EI,EP","fuente":"junta_andalucia","confianza":"alta"}},{"type":"Feature","geometry":{"type":"Point","coordinates":[-5.488711595535278,36.18473625614649]},"properties":{"id":"5e20e202607171a9","tipo":"colegio_publico","nombre":"Colegio de Educación Infantil y Primaria Maestro Don Juan González","direccion":"Avda. Doña Rosa García López-Cepero, 3","municipio":"Los Barrios","provincia":"Cádiz","cp":"11370","telefono":"956670994","email":"11007636.edu@juntadeandalucia.es","web":null,"etapas":"EI,EP,EE","fuente":"junta_andalucia","confianza":"alta"}},{"type":"Feature","geometry":{"type":"Point","coordinates":[-5.290906685,36.305624799]},"properties":{"id":"252f506335c018e1","tipo":"colegio_publico","nombre":"Colegio de Educación Infantil y Primaria Barbésula","direccion":"C/ Durazno, s/n","municipio":"San Roque","provincia":"Cádiz","cp":"11312","telefono":"956670706","email":"11007651.edu@juntadeandalucia.es","web":null,"etapas":"EI,EP,EE","fuente":"junta_andalucia","confianza":"alta"}},{"type":"Feature","geometry":{"type":"Point","coordinates":[-6.346063613891602,36.77974702013988]},"properties":{"id":"dc45398067f53663","tipo":"colegio_publico","nombre":"Instituto de Educación Secundaria El Picacho","direccion":"Avda. Constitución, s/n","municipio":"Sanlúcar de Barrameda","provincia":"Cádiz","cp":"11540","telefono":"956386601","email":"11007685.edu@juntadeandalucia.es","web":null,"etapas":"ESO,BACH,EE","fuente":"junta_andalucia","confianza":"alta"}},{"type":"Feature","geometry":{"type":"Point","coordinates":[-6.239402890205383,36.615109969404045]},"properties":{"id":"761876b74071cc56","tipo":"colegio_publico","nombre":"Escuela Oficial de Idiomas El Puerto de Santa María","direccion":"Ctra. de Sanlúcar, km. 2,5. Aptdo. de Correos 189","municipio":"El Puerto de Santa María","provincia":"Cádiz","cp":"11500","telefono":"600141710","email":"11007697.edu@juntadeandalucia.es","web":null,"etapas":"IDI","fuente":"junta_andalucia","confianza":"alta"}},{"type":"Feature","geometry":{"type":"Point","coordinates":[-5.32411515712738,36.33938787230269]},"properties":{"id":"9c0c35d78a79b6f9","tipo":"guarderia","nombre":"Centro de Educación Infantil Acuarela","direccion":"C/ Sevilla, 4. Urb. Las Alondras","municipio":"San Martín del Tesorillo","provincia":"Cádiz","cp":"11340","telefono":"678676319","email":"asomejorana2002@gmail.com","web":null,"etapas":"EI","fuente":"junta_andalucia","confianza":"alta"}},{"type":"Feature","geometry":{"type":"Point","coordinates":[-6.21376633644104,36.606855299595246]},"properties":{"id":"01168f9944a65d02","tipo":"colegio_publico","nombre":"Escuela Infantil Sirenita","direccion":"C/ Retama, 1. Bda. El Tejar","municipio":"El Puerto de Santa María","provincia":"Cádiz","cp":"11500","telefono":"600159983","email":"11007739.edu@juntadeandalucia.es","web":null,"etapas":"EI","fuente":"junta_andalucia","confianza":"alta"}},{"type":"Feature","geometry":{"type":"Point","coordinates":[-6.20109928,36.457994064]},"properties":{"id":"baf0dda9524e713c","tipo":"colegio_publico","nombre":"Colegio de Educación Infantil y Primaria Las Cortes","direccion":"C/ Santa Bárbara, 1","municipio":"San Fernando","provincia":"Cádiz","cp":"11100","telefono":"956243600","email":"11007740.edu@juntadeandalucia.es","web":null,"etapas":"EI,EP,EE","fuente":"junta_andalucia","confianza":"alta"}},{"type":"Feature","geometry":{"type":"Point","coordinates":[-5.640671648,36.863479353]},"properties":{"id":"d73534fa3ce4b5e0","tipo":"colegio_publico","nombre":"Colegio de Educación Infantil y Primaria Torrevieja","direccion":"Bda. Torrevieja, 17","municipio":"Villamartín","provincia":"Cádiz","cp":"11650","telefono":"956709807","email":"11007764.edu@juntadeandalucia.es","web":null,"etapas":"EI,EP","fuente":"junta_andalucia","confianza":"alta"}},{"type":"Feature","geometry":{"type":"Point","coordinates":[-6.298277918,36.532151462]},"properties":{"id":"baebfff9652c136e","tipo":"colegio_publico","nombre":"Conservatorio Profesional de Música Real Conservatorio Profesional de Música Manuel de Falla","direccion":"Avda. de las Cortes, nº 3","municipio":"Cádiz","provincia":"Cádiz","cp":"11012","telefono":"956243106","email":"11007788.edu@juntadeandalucia.es","web":null,"etapas":"ART","fuente":"junta_andalucia","confianza":"alta"}},{"type":"Feature","geometry":{"type":"Point","coordinates":[-5.383086204528809,36.213424030314975]},"properties":{"id":"928782ac68f2bf89","tipo":"colegio_publico","nombre":"Instituto de Educación Secundaria Carlos Castilla del Pino","direccion":"Avda. Castiella, 5","municipio":"San Roque","provincia":"Cádiz","cp":"11360","telefono":"956670838","email":"11007791.edu@juntadeandalucia.es","web":null,"etapas":"ESO,BACH,FP","fuente":"junta_andalucia","confianza":"alta"}},{"type":"Feature","geometry":{"type":"Point","coordinates":[-6.144395425,36.418115291]},"properties":{"id":"6f6e8e989ffb5591","tipo":"colegio_publico","nombre":"Colegio de Educación Infantil y Primaria El Castillo","direccion":"C/ El Castillo s/n.","municipio":"Chiclana de la Frontera","provincia":"Cádiz","cp":"11130","telefono":"956243762","email":"11007843.edu@juntadeandalucia.es","web":null,"etapas":"EI,EP","fuente":"junta_andalucia","confianza":"alta"}},{"type":"Feature","geometry":{"type":"Point","coordinates":[-5.917828547,36.832132053]},"properties":{"id":"14515a409385dd6a","tipo":"colegio_publico","nombre":"Colegio de Educación Infantil y Primaria Gibalbín","direccion":"C/ Gibalbín, 174","municipio":"Jerez de la Frontera","provincia":"Cádiz","cp":"11592","telefono":"671531567","email":"11007867.edu@juntadeandalucia.es","web":null,"etapas":"EI,EP","fuente":"junta_andalucia","confianza":"alta"}},{"type":"Feature","geometry":{"type":"Point","coordinates":[-6.200303274,36.461421535]},"properties":{"id":"adb9284a8c242ccc","tipo":"colegio_privado","nombre":"Centro Docente Privado Sigler","direccion":"C/ Real, 116","municipio":"San Fernando","provincia":"Cádiz","cp":"11100","telefono":"956881327","email":"fpsigler@hotmail.com","web":null,"etapas":null,"fuente":"junta_andalucia","confianza":"alta"}},{"type":"Feature","geometry":{"type":"Point","coordinates":[-5.93136191368103,36.464790248675236]},"properties":{"id":"5914c5126b8b7c57","tipo":"colegio_publico","nombre":"Instituto de Educación Secundaria San Juan de Dios","direccion":"Plaza San Juan de Dios, s/n","municipio":"Medina-Sidonia","provincia":"Cádiz","cp":"11170","telefono":"956418924","email":"11007910.edu@juntadeandalucia.es","web":null,"etapas":"ESO,BACH,FP,ADUL","fuente":"junta_andalucia","confianza":"alta"}},{"type":"Feature","geometry":{"type":"Point","coordinates":[-6.13011360168457,36.67144804893671]},"properties":{"id":"63a36a81c77d1708","tipo":"colegio_publico","nombre":"Instituto de Educación Secundaria Francisco Romero Vargas","direccion":"Avda. Moreno Mendoza, s/n","municipio":"Jerez de la Frontera","provincia":"Cádiz","cp":"11408","telefono":"956709917","email":"11007922.edu@juntadeandalucia.es","web":null,"etapas":"ESO,BACH,FP","fuente":"junta_andalucia","confianza":"alta"}},{"type":"Feature","geometry":{"type":"Point","coordinates":[-6.135325133800507,36.68683926387999]},"properties":{"id":"f26ea5d1c57e1bba","tipo":"colegio_publico","nombre":"Conservatorio Profesional de Música Joaquín Villatoro","direccion":"C/ Rosario, s/n","municipio":"Jerez de la Frontera","provincia":"Cádiz","cp":"11402","telefono":"856811581","email":"11007946.edu@juntadeandalucia.es","web":null,"etapas":"ART","fuente":"junta_andalucia","confianza":"alta"}},{"type":"Feature","geometry":{"type":"Point","coordinates":[-5.171437503,36.901716143]},"properties":{"id":"57a50dfe9f1e6df2","tipo":"colegio_publico","nombre":"Colegio de Educación Infantil y Primaria Manuel Portales Garrido","direccion":"C/ Lepanto, s/n","municipio":"Alcalá del Valle","provincia":"Cádiz","cp":"11693","telefono":"671533623","email":"11007971.edu@juntadeandalucia.es","web":null,"etapas":"EI,EP,EE","fuente":"junta_andalucia","confianza":"alta"}},{"type":"Feature","geometry":{"type":"Point","coordinates":[-5.815887451171875,36.75673101134774]},"properties":{"id":"70133806efb278e9","tipo":"colegio_publico","nombre":"Colegio de Educación Infantil y Primaria Maestro Juan Apresa","direccion":"Avda. Constitución, 1","municipio":"Arcos de la Frontera","provincia":"Cádiz","cp":"11630","telefono":"956709810","email":"11007995.edu@juntadeandalucia.es","web":null,"etapas":"EI,EP","fuente":"junta_andalucia","confianza":"alta"}},{"type":"Feature","geometry":{"type":"Point","coordinates":[-6.178077112,36.525966238]},"properties":{"id":"72d06cc8843ebf55","tipo":"colegio_publico","nombre":"Colegio de Educación Primaria Arquitecto Leoz","direccion":"C/ Algodonales, s/n","municipio":"Puerto Real","provincia":"Cádiz","cp":"11510","telefono":"956243603","email":"11008011.edu@juntadeandalucia.es","web":null,"etapas":"EP","fuente":"junta_andalucia","confianza":"alta"}},{"type":"Feature","geometry":{"type":"Point","coordinates":[-5.445072054862976,36.67903325892641]},"properties":{"id":"f627c6019efcd9ab","tipo":"colegio_publico","nombre":"Colegio de Educación Infantil y Primaria Fernando Gavilán","direccion":"Avda. Herrera Oria, s/n","municipio":"Ubrique","provincia":"Cádiz","cp":"11600","telefono":"956128801","email":"11008033.edu@juntadeandalucia.es","web":null,"etapas":"EI,EP","fuente":"junta_andalucia","confianza":"alta"}},{"type":"Feature","geometry":{"type":"Point","coordinates":[-6.229441,36.595896]},"properties":{"id":"3ed00904dd9f877e","tipo":"guarderia","nombre":"Centro de Educación Infantil Santa María de los Ángeles","direccion":"C/ Fernán Caballero, 11","municipio":"El Puerto de Santa María","provincia":"Cádiz","cp":"11500","telefono":"956854527","email":"eisantamariadelosangelespuerto@gmail.com","web":null,"etapas":"EI","fuente":"junta_andalucia","confianza":"alta"}},{"type":"Feature","geometry":{"type":"Point","coordinates":[-6.101435422897339,36.687916856228334]},"properties":{"id":"43c2b29e018f4236","tipo":"colegio_publico","nombre":"Colegio de Educación Infantil y Primaria Arana Beato","direccion":"C/ Segura, s/n. Bda. La Pita","municipio":"Jerez de la Frontera","provincia":"Cádiz","cp":"11406","telefono":"856811804","email":"11008094.edu@juntadeandalucia.es","web":null,"etapas":"EI,EP","fuente":"junta_andalucia","confianza":"alta"}},{"type":"Feature","geometry":{"type":"Point","coordinates":[-6.114985942840576,36.67557848857602]},"properties":{"id":"c01d490008830a3f","tipo":"colegio_publico","nombre":"Colegio de Educación Infantil y Primaria Blas Infante","direccion":"C/ Parque Doñana, 1","municipio":"Jerez de la Frontera","provincia":"Cádiz","cp":"11406","telefono":"856811845","email":"11008100.edu@juntadeandalucia.es","web":null,"etapas":"EI,EP","fuente":"junta_andalucia","confianza":"alta"}},{"type":"Feature","geometry":{"type":"Point","coordinates":[-6.0833680629730225,36.654769144154685]},"properties":{"id":"8d505efaca15adc8","tipo":"colegio_publico","nombre":"Colegio de Educación Infantil y Primaria Lomopardo","direccion":"C/ Alta, s/n. Bda. Lomopardo","municipio":"Jerez de la Frontera","provincia":"Cádiz","cp":"11406","telefono":"856811806","email":"11008136.edu@juntadeandalucia.es","web":null,"etapas":"EI,EP,ESO","fuente":"junta_andalucia","confianza":"alta"}},{"type":"Feature","geometry":{"type":"Point","coordinates":[-6.230391,36.612154]},"properties":{"id":"2ee430873ae62d1b","tipo":"colegio_publico","nombre":"Escuela Infantil La Caracola","direccion":"Avda. Valencia, 39. Bda. Las Nieves","municipio":"El Puerto de Santa María","provincia":"Cádiz","cp":"11500","telefono":"956202046","email":"11008148.edu@juntadeandalucia.es","web":null,"etapas":"EI","fuente":"junta_andalucia","confianza":"alta"}},{"type":"Feature","geometry":{"type":"Point","coordinates":[-6.1718472219431195,36.52472820133598]},"properties":{"id":"e7addd311d511100","tipo":"colegio_publico","nombre":"Escuela Infantil Tierra y Libertad","direccion":"C/ Tierra y Libertad, 10","municipio":"Puerto Real","provincia":"Cádiz","cp":"11510","telefono":"956243376","email":"11008173.edu@juntadeandalucia.es","web":null,"etapas":"EI","fuente":"junta_andalucia","confianza":"alta"}},{"type":"Feature","geometry":{"type":"Point","coordinates":[-6.178763508796692,36.86692680727407]},"properties":{"id":"fb84b9b0cf0203d4","tipo":"colegio_privado","nombre":"Centro Docente Privado José Cabrera","direccion":"Avda. Chipiona, s/n","municipio":"Trebujena","provincia":"Cádiz","cp":"11560","telefono":"956395263","email":"11008227.edu@juntadeandalucia.es","web":null,"etapas":"ESO","fuente":"junta_andalucia","confianza":"alta"}},{"type":"Feature","geometry":{"type":"Point","coordinates":[-6.191375255584717,36.46416037520885]},"properties":{"id":"22289401280e6f21","tipo":"colegio_publico","nombre":"Instituto de Educación Secundaria Sancti Petri","direccion":"Polígo La Magdalena, s/n","municipio":"San Fernando","provincia":"Cádiz","cp":"11100","telefono":"956243610","email":"11008239.edu@juntadeandalucia.es","web":null,"etapas":"ESO,BACH,FP","fuente":"junta_andalucia","confianza":"alta"}},{"type":"Feature","geometry":{"type":"Point","coordinates":[-6.128590953,36.702194968]},"properties":{"id":"1202fe7062b9cacb","tipo":"colegio_publico","nombre":"Centro Específico de Educación Especial Sordos","direccion":"Autoví A-4 Km.642 (Antigua Ctra. Madrid-Cádiz),Rancho Colores, s/n.","municipio":"Jerez de la Frontera","provincia":"Cádiz","cp":"11403","telefono":"856811602","email":"11008240.edu@juntadeandalucia.es","web":null,"etapas":"EE","fuente":"junta_andalucia","confianza":"alta"}},{"type":"Feature","geometry":{"type":"Point","coordinates":[-6.110243797302246,36.6792612769163]},"properties":{"id":"eb798680df282c7f","tipo":"colegio_publico","nombre":"Colegio de Educación Infantil y Primaria Ciudad de Jerez","direccion":"C/ Mandarina, s/n. Bda.Pago San José","municipio":"Jerez de la Frontera","provincia":"Cádiz","cp":"11406","telefono":"856811808","email":"11008252.edu@juntadeandalucia.es","web":null,"etapas":"EI,EP","fuente":"junta_andalucia","confianza":"alta"}},{"type":"Feature","geometry":{"type":"Point","coordinates":[-6.131658554077148,36.669589278760185]},"properties":{"id":"50c1c00e6c3e709a","tipo":"colegio_publico","nombre":"Colegio de Educación Infantil y Primaria Poeta Carlos Álvarez","direccion":"Bda. Cerrofruto, s/n","municipio":"Jerez de la Frontera","provincia":"Cádiz","cp":"11408","telefono":"856811553","email":"11008276.edu@juntadeandalucia.es","web":null,"etapas":"EI,EP","fuente":"junta_andalucia","confianza":"alta"}},{"type":"Feature","geometry":{"type":"Point","coordinates":[-6.101703643798828,36.696915560789876]},"properties":{"id":"1479a27cb5155b27","tipo":"colegio_publico","nombre":"Colegio de Educación Infantil y Primaria La Alcazaba","direccion":"C/ Almería, s/n. Bda. La Granja","municipio":"Jerez de la Frontera","provincia":"Cádiz","cp":"11405","telefono":"856811586","email":"11008288.edu@juntadeandalucia.es","web":null,"etapas":"EI,EP","fuente":"junta_andalucia","confianza":"alta"}},{"type":"Feature","geometry":{"type":"Point","coordinates":[-6.098643172,36.693769874]},"properties":{"id":"46234a3dbbfaf633","tipo":"colegio_publico","nombre":"Centro Específico de Educación Especial Ntra. Sra. de la Merced","direccion":"C/ Afanas, s/n","municipio":"Jerez de la Frontera","provincia":"Cádiz","cp":"11405","telefono":"856811507","email":"11008291.edu@juntadeandalucia.es","web":null,"etapas":"EE","fuente":"junta_andalucia","confianza":"alta"}},{"type":"Feature","geometry":{"type":"Point","coordinates":[-5.65671443939209,36.85332090291838]},"properties":{"id":"9e3fae39ead2df30","tipo":"colegio_publico","nombre":"Centro Específico de Educación Especial Pueblos Blancos","direccion":"Ctra. Jerez-Antequera, s/n","municipio":"Villamartín","provincia":"Cádiz","cp":"11650","telefono":"956709624","email":"11008306.edu@juntadeandalucia.es","web":null,"etapas":"EE","fuente":"junta_andalucia","confianza":"alta"}},{"type":"Feature","geometry":{"type":"Point","coordinates":[-5.794107913970947,36.74129146113483]},"properties":{"id":"370c1d8c1aba92a2","tipo":"colegio_publico","nombre":"Colegio de Educación Infantil y Primaria Riofrío","direccion":"C/ Infante D. Juan Manuel, s/n","municipio":"Arcos de la Frontera","provincia":"Cádiz","cp":"11630","telefono":"956709813","email":"11008318.edu@juntadeandalucia.es","web":null,"etapas":"EI,EP","fuente":"junta_andalucia","confianza":"alta"}},{"type":"Feature","geometry":{"type":"Point","coordinates":[-6.132012605667114,36.41877877294077]},"properties":{"id":"2d259e65abf5ef73","tipo":"colegio_publico","nombre":"Colegio de Educación Infantil y Primaria Federico García Lorca","direccion":"Callej Huerta Rosario, s/n","municipio":"Chiclana de la Frontera","provincia":"Cádiz","cp":"11130","telefono":"956243968","email":"11008321.edu@juntadeandalucia.es","web":null,"etapas":"EI,EP,EE","fuente":"junta_andalucia","confianza":"alta"}},{"type":"Feature","geometry":{"type":"Point","coordinates":[-5.806938379,36.343019432]},"properties":{"id":"bdf1b53ccce262d0","tipo":"colegio_publico","nombre":"Colegio de Educación Infantil y Primaria Tajo de las Figuras","direccion":"C/ Álamos Blancos, s/n","municipio":"Benalup-Casas Viejas","provincia":"Cádiz","cp":"11190","telefono":"956418555","email":"11008331.edu@juntadeandalucia.es","web":null,"etapas":"EI,EP","fuente":"junta_andalucia","confianza":"alta"}},{"type":"Feature","geometry":{"type":"Point","coordinates":[-6.212138235569,36.455617750343706]},"properties":{"id":"e21625b0864d0acb","tipo":"guarderia","nombre":"Centro de Educación Infantil La Cometa","direccion":"C/ Real, 285","municipio":"San Fernando","provincia":"Cádiz","cp":"11100","telefono":"655904602","email":"escuelalacometa@hotmail.com","web":null,"etapas":"EI","fuente":"junta_andalucia","confianza":"alta"}},{"type":"Feature","geometry":{"type":"Point","coordinates":[-5.4509031772613525,36.12104624080677]},"properties":{"id":"29082148a21578e2","tipo":"colegio_publico","nombre":"Instituto de Educación Secundaria Saladillo","direccion":"C/ Duque de Rivas, s/n","municipio":"Algeciras","provincia":"Cádiz","cp":"11207","telefono":"956670813","email":"11008446.edu@juntadeandalucia.es","web":null,"etapas":"ESO,BACH,FP","fuente":"junta_andalucia","confianza":"alta"}},{"type":"Feature","geometry":{"type":"Point","coordinates":[-6.091776113,36.28031193]},"properties":{"id":"fd855a7b4557b339","tipo":"colegio_publico","nombre":"Instituto de Educación Secundaria La Atalaya","direccion":"C/ Atalaya, s/n","municipio":"Conil de la Frontera","provincia":"Cádiz","cp":"11140","telefono":"956459670","email":"11008461.edu@juntadeandalucia.es","web":null,"etapas":"ESO,BACH,FP","fuente":"junta_andalucia","confianza":"alta"}},{"type":"Feature","geometry":{"type":"Point","coordinates":[-6.430821418762207,36.7318336324777]},"properties":{"id":"4e232920d161076a","tipo":"colegio_publico","nombre":"Instituto de Educación Secundaria Salmedina","direccion":"C/ Arboleda, 20","municipio":"Chipiona","provincia":"Cádiz","cp":"11550","telefono":"956386950","email":"11008471.edu@juntadeandalucia.es","web":null,"etapas":"ESO,BACH,FP,EE,ADUL","fuente":"junta_andalucia","confianza":"alta"}},{"type":"Feature","geometry":{"type":"Point","coordinates":[-6.112840175628662,36.68366662389117]},"properties":{"id":"fb1159c719249da2","tipo":"colegio_publico","nombre":"Instituto de Educación Secundaria José M. Caballero Bonald","direccion":"C/ Ntra. Sra. del Traspaso, s/n","municipio":"Jerez de la Frontera","provincia":"Cádiz","cp":"11406","telefono":"856811817","email":"11008483.edu@juntadeandalucia.es","web":null,"etapas":"ESO,BACH,EE","fuente":"junta_andalucia","confianza":"alta"}},{"type":"Feature","geometry":{"type":"Point","coordinates":[-5.446901321411133,36.14771709843842]},"properties":{"id":"73699cae508bc79f","tipo":"colegio_publico","nombre":"Instituto de Educación Secundaria Torre Almirante","direccion":"Polígo del Rosario, s/n","municipio":"Algeciras","provincia":"Cádiz","cp":"11205","telefono":"956655262","email":"11008495.edu@juntadeandalucia.es","web":null,"etapas":"ESO,BACH,FP,ADUL","fuente":"junta_andalucia","confianza":"alta"}},{"type":"Feature","geometry":{"type":"Point","coordinates":[-6.2724316120147705,36.500615581479295]},"properties":{"id":"201305e2471bd7ad","tipo":"colegio_publico","nombre":"Instituto de Educación Secundaria Fernando Aguilar Quignon","direccion":"C/ Conil de la Frontera, 3","municipio":"Cádiz","provincia":"Cádiz","cp":"11010","telefono":"956243308","email":"11008501.edu@juntadeandalucia.es","web":null,"etapas":"ESO,BACH,FP,ADUL","fuente":"junta_andalucia","confianza":"alta"}},{"type":"Feature","geometry":{"type":"Point","coordinates":[-6.137312650680542,36.69829194280487]},"properties":{"id":"d472ac7bc9ee61ab","tipo":"colegio_publico","nombre":"Instituto de Educación Secundaria Andrés Benítez","direccion":"C/ Doctor Fléming, s/n. Polígono de San Benito","municipio":"Jerez de la Frontera","provincia":"Cádiz","cp":"11407","telefono":"856811510","email":"11008513.edu@juntadeandalucia.es","web":null,"etapas":"ESO,BACH,FP,ADUL","fuente":"junta_andalucia","confianza":"alta"}},{"type":"Feature","geometry":{"type":"Point","coordinates":[-6.228958368301392,36.598242287104306]},"properties":{"id":"4267dc737ecb6592","tipo":"colegio_publico","nombre":"Instituto de Educación Secundaria Santo Domingo","direccion":"C/ Santo Domingo, 29","municipio":"El Puerto de Santa María","provincia":"Cádiz","cp":"11500","telefono":"956243970","email":"11008525.edu@juntadeandalucia.es","web":null,"etapas":"ESO,BACH,ADUL","fuente":"junta_andalucia","confianza":"alta"}},{"type":"Feature","geometry":{"type":"Point","coordinates":[-6.202646,36.467447]},"properties":{"id":"9e7721abef6b0271","tipo":"guarderia","nombre":"Centro de Educación Infantil La Pradera","direccion":"C/ Escritor Manuel Barrios, 10","municipio":"San Fernando","provincia":"Cádiz","cp":"11100","telefono":"956898801","email":"eilapradera@yahoo.es","web":null,"etapas":"EI","fuente":"junta_andalucia","confianza":"alta"}},{"type":"Feature","geometry":{"type":"Point","coordinates":[-6.214914321899414,36.45558323277883]},"properties":{"id":"a59347af7f2a2599","tipo":"guarderia","nombre":"Centro de Educación Infantil Don Peluso","direccion":"Ctra. de Camposoto, s/n. Villa Mª Paz","municipio":"San Fernando","provincia":"Cádiz","cp":"11100","telefono":"956884563","email":"ceidonpeluso@gmail.com","web":null,"etapas":"EI","fuente":"junta_andalucia","confianza":"alta"}},{"type":"Feature","geometry":{"type":"Point","coordinates":[-6.203459,36.455235]},"properties":{"id":"bbbdc0a96681bed4","tipo":"guarderia","nombre":"Centro de Educación Infantil Jen","direccion":"C/ San Quintín, 14","municipio":"San Fernando","provincia":"Cádiz","cp":"11100","telefono":"956884688","email":"guardelparque@gmail.com","web":null,"etapas":"EI","fuente":"junta_andalucia","confianza":"alta"}},{"type":"Feature","geometry":{"type":"Point","coordinates":[-5.418756,36.205684]},"properties":{"id":"c277623cc9f08efc","tipo":"guarderia","nombre":"Centro de Educación Infantil Peter Pan","direccion":"C/ Gas. Edificio Butano, bloque 2","municipio":"San Roque","provincia":"Cádiz","cp":"11369","telefono":"678676319","email":"asomejorana2002@gmail.com","web":null,"etapas":"EI","fuente":"junta_andalucia","confianza":"alta"}},{"type":"Feature","geometry":{"type":"Point","coordinates":[-5.43492517296273,36.4266861814039]},"properties":{"id":"fdcea3af83b689b2","tipo":"guarderia","nombre":"Centro de Educación Infantil El Osito","direccion":"C/ Blas Infante, 32. Estación de Jimena de la Frontera","municipio":"Jimena de la Frontera","provincia":"Cádiz","cp":"11330","telefono":"678676319","email":"asomejorana2002@gmail.com","web":null,"etapas":"EI","fuente":"junta_andalucia","confianza":"alta"}},{"type":"Feature","geometry":{"type":"Point","coordinates":[-5.43032,36.213059]},"properties":{"id":"876ae56879cfffa7","tipo":"guarderia","nombre":"Centro de Educación Infantil Payasines","direccion":"C/ Viento de Levante, Residencial Alfonso Perales","municipio":"San Roque","provincia":"Cádiz","cp":"11368","telefono":"678333819","email":"asomejorana2002@gmail.com","web":null,"etapas":"EI","fuente":"junta_andalucia","confianza":"alta"}},{"type":"Feature","geometry":{"type":"Point","coordinates":[-6.2464141845703125,36.59430582024532]},"properties":{"id":"7f50fe5ec87d54d1","tipo":"guarderia","nombre":"Centro de Educación Infantil Centro Bilingüe","direccion":"C/ Padre Ellacuría, 1","municipio":"El Puerto de Santa María","provincia":"Cádiz","cp":"11500","telefono":"667420277","email":"herminia.vela@gmail.com","web":null,"etapas":"EI","fuente":"junta_andalucia","confianza":"alta"}},{"type":"Feature","geometry":{"type":"Point","coordinates":[-6.130057,36.673655]},"properties":{"id":"98a22f865824ef76","tipo":"guarderia","nombre":"Centro de Educación Infantil Blanca Paloma","direccion":"Polígo San Telmo, s/n","municipio":"Jerez de la Frontera","provincia":"Cádiz","cp":"11408","telefono":"649868730","email":"11008872.edu@juntadeandalucia.es","web":null,"etapas":"EI","fuente":"junta_andalucia","confianza":"alta"}},{"type":"Feature","geometry":{"type":"Point","coordinates":[-5.92743012381,36.4602941351]},"properties":{"id":"ee7916742946daf6","tipo":"guarderia","nombre":"Centro de Educación Infantil Educo","direccion":"C/ San Agustín, 7, bajo izq.","municipio":"Medina-Sidonia","provincia":"Cádiz","cp":"11170","telefono":"605304950","email":"11009025.edu@juntadeandalucia.es","web":null,"etapas":"EI","fuente":"junta_andalucia","confianza":"alta"}},{"type":"Feature","geometry":{"type":"Point","coordinates":[-5.433415174484253,36.17485955061551]},"properties":{"id":"ae044aaa913a8d83","tipo":"colegio_privado","nombre":"Centro Docente Privado Casa de la Virgen","direccion":"C/ Almadraba, 4","municipio":"Los Barrios","provincia":"Cádiz","cp":"11379","telefono":"956677657","email":"secretaria.cvp@casadelavirgen.es","web":null,"etapas":"EI,EP,ESO,BACH","fuente":"junta_andalucia","confianza":"alta"}},{"type":"Feature","geometry":{"type":"Point","coordinates":[-6.1922818422317505,36.472809902462195]},"properties":{"id":"17bef639d4214303","tipo":"guarderia","nombre":"Centro de Educación Infantil Travesuras","direccion":"C/ Escultor Antonio Bey, 2","municipio":"San Fernando","provincia":"Cádiz","cp":"11100","telefono":"614155190","email":"ceitravesuras2024@gmail.com","web":null,"etapas":"EI","fuente":"junta_andalucia","confianza":"alta"}},{"type":"Feature","geometry":{"type":"Point","coordinates":[-5.799593031406403,36.74028769686787]},"properties":{"id":"f935c8db1e9bc819","tipo":"colegio_publico","nombre":"Instituto de Educación Secundaria Los Cabezuelos","direccion":"C/ Los Cabezuelos, s/n","municipio":"Arcos de la Frontera","provincia":"Cádiz","cp":"11630","telefono":"956709538","email":"11009293.edu@juntadeandalucia.es","web":null,"etapas":"ESO,EE","fuente":"junta_andalucia","confianza":"alta"}},{"type":"Feature","geometry":{"type":"Point","coordinates":[-6.280210018157959,36.618937734953676]},"properties":{"id":"3a5fcecf1f56c225","tipo":"colegio_publico","nombre":"Colegio de Educación Infantil y Primaria Marqués de Santa Cruz","direccion":"Otros Base Naval de Rota,  Zona 11, Parcela 11","municipio":"El Puerto de Santa María","provincia":"Cádiz","cp":"11500","telefono":"956243414","email":"11009311.edu@juntadeandalucia.es","web":null,"etapas":"EI,EP","fuente":"junta_andalucia","confianza":"alta"}},{"type":"Feature","geometry":{"type":"Point","coordinates":[-6.244944334030151,36.59561512691701]},"properties":{"id":"9b9300c85548d5d6","tipo":"guarderia","nombre":"Centro de Educación Infantil Pinocho","direccion":"C/ Álvar Núñez, Edificio Oasis- Locales 6,7 y 8","municipio":"El Puerto de Santa María","provincia":"Cádiz","cp":"11500","telefono":"956876952","email":"cristina.macias@ceipinocho.es","web":null,"etapas":"EI","fuente":"junta_andalucia","confianza":"alta"}},{"type":"Feature","geometry":{"type":"Point","coordinates":[-6.156812310218811,36.40839199427953]},"properties":{"id":"5df10b5fc5d5e677","tipo":"guarderia","nombre":"Centro de Educación Infantil El Almendral","direccion":"C/ Ave del Paraíso, 4","municipio":"Chiclana de la Frontera","provincia":"Cádiz","cp":"11130","telefono":"956105657","email":"11009396.edu@juntadeandalucia.es","web":null,"etapas":"EI","fuente":"junta_andalucia","confianza":"alta"}},{"type":"Feature","geometry":{"type":"Point","coordinates":[-6.191353797912598,36.46296964152511]},"properties":{"id":"1fb993c757a01f29","tipo":"colegio_publico","nombre":"Centro público integrado de formación profesional Marítimo Zaporito","direccion":"Paseo de La Magdalena, s/n","municipio":"San Fernando","provincia":"Cádiz","cp":"11100","telefono":"956243449","email":"11009487.edu@juntadeandalucia.es","web":null,"etapas":null,"fuente":"junta_andalucia","confianza":"alta"}},{"type":"Feature","geometry":{"type":"Point","coordinates":[-5.928782299160957,36.4619568563647]},"properties":{"id":"9e3e4b9310e84ddb","tipo":"colegio_publico","nombre":"Escuela Infantil El Caminillo","direccion":"Parque El Caminillo, s/n","municipio":"Medina-Sidonia","provincia":"Cádiz","cp":"11170","telefono":"662468596","email":"escuelainfantilcaminillo@hotmail.com","web":null,"etapas":"EI","fuente":"junta_andalucia","confianza":"alta"}},{"type":"Feature","geometry":{"type":"Point","coordinates":[-6.257872581481934,36.66621584042748]},"properties":{"id":"763f9b73cc063a43","tipo":"colegio_publico","nombre":"Centro de Educación Permanente Caballo de Troya","direccion":"Ctra. Jerez-Rota, Km. 6.","municipio":"El Puerto de Santa María","provincia":"Cádiz","cp":"11500","telefono":"956476800","email":"11009530.edu@juntadeandalucia.es","web":null,"etapas":"ADUL","fuente":"junta_andalucia","confianza":"alta"}},{"type":"Feature","geometry":{"type":"Point","coordinates":[-5.171736,36.902556]},"properties":{"id":"3db7649c40ce4953","tipo":"colegio_publico","nombre":"Escuela Infantil La Encina","direccion":"C/ Vicente Aleixandre, s/n","municipio":"Alcalá del Valle","provincia":"Cádiz","cp":"11693","telefono":"956135330","email":"eilaencina@mmsierradecadiz.org","web":null,"etapas":"EI","fuente":"junta_andalucia","confianza":"alta"}},{"type":"Feature","geometry":{"type":"Point","coordinates":[-5.402725,36.879708]},"properties":{"id":"80d077260502910e","tipo":"colegio_publico","nombre":"Escuela Infantil El Olmo","direccion":"C/ Biblioteca, s/n","municipio":"Algodonales","provincia":"Cádiz","cp":"11680","telefono":"956137521","email":"11009591.edu@juntadeandalucia.es","web":null,"etapas":"EI","fuente":"junta_andalucia","confianza":"alta"}},{"type":"Feature","geometry":{"type":"Point","coordinates":[-5.253055,36.934432]},"properties":{"id":"9eec7170e635dfe7","tipo":"colegio_publico","nombre":"Escuela Infantil El Olivo","direccion":"C/ Julián Besteiro, 4","municipio":"Olvera","provincia":"Cádiz","cp":"11690","telefono":"956130461","email":"eielolivo@mmsierradecadiz.org","web":null,"etapas":"EI","fuente":"junta_andalucia","confianza":"alta"}},{"type":"Feature","geometry":{"type":"Point","coordinates":[-5.23365,36.916282]},"properties":{"id":"4d7350ddd4ee2f99","tipo":"colegio_publico","nombre":"Escuela Infantil La Endrina","direccion":"C/ Pilar, 26","municipio":"Torre-Alháquime","provincia":"Cádiz","cp":"11691","telefono":"667807670","email":"eielolivo@mmsierradecadiz.org","web":null,"etapas":"EI","fuente":"junta_andalucia","confianza":"alta"}},{"type":"Feature","geometry":{"type":"Point","coordinates":[-5.452120021458132,36.13007881757935]},"properties":{"id":"9c5f5aecabd02856","tipo":"colegio_publico","nombre":"Escuela Municipal de Música y Danza","direccion":"C/ Teniente Miranda, 118","municipio":"Algeciras","provincia":"Cádiz","cp":"11201","telefono":"956630302","email":"info@fmcjoseluiscano.com","web":null,"etapas":"ART","fuente":"junta_andalucia","confianza":"alta"}},{"type":"Feature","geometry":{"type":"Point","coordinates":[-6.12866226927,36.4211158052]},"properties":{"id":"182585246d65040e","tipo":"colegio_publico","nombre":"Escuela Infantil Huerta del Rosario","direccion":"C/ Huerta del Rosario, s/n","municipio":"Chiclana de la Frontera","provincia":"Cádiz","cp":"11130","telefono":"608624189","email":"eihuerta@cinfantiles.com; 11010431.edu@juntadeandalucia.es","web":null,"etapas":"EI","fuente":"junta_andalucia","confianza":"alta"}},{"type":"Feature","geometry":{"type":"Point","coordinates":[-6.240202188491821,36.596459273386444]},"properties":{"id":"0d6195383e595dec","tipo":"guarderia","nombre":"Centro de Educación Infantil Mamá Oca","direccion":"Avda. de los Toreros, Edificio América, Local 44","municipio":"El Puerto de Santa María","provincia":"Cádiz","cp":"11500","telefono":"956541144","email":"laurabj@hotmail.es","web":null,"etapas":"EI","fuente":"junta_andalucia","confianza":"alta"}},{"type":"Feature","geometry":{"type":"Point","coordinates":[-6.341544,36.785295]},"properties":{"id":"38eb83cc9365f27a","tipo":"guarderia","nombre":"Centro de Educación Infantil Globos","direccion":"C/ Monte Sión, 11","municipio":"Sanlúcar de Barrameda","provincia":"Cádiz","cp":"11540","telefono":"670880982","email":"11010635.edu@juntadeandalucia.es ; escuelainfantilglobos@gmail.com","web":null,"etapas":"EI","fuente":"junta_andalucia","confianza":"alta"}},{"type":"Feature","geometry":{"type":"Point","coordinates":[-6.279737949371338,36.60979211697482]},"properties":{"id":"91f255d00c37268d","tipo":"guarderia","nombre":"Centro de Educación Infantil Los Patitos","direccion":"C/ Fragata, 9. Urb. El Manantial","municipio":"El Puerto de Santa María","provincia":"Cádiz","cp":"11500","telefono":"956480642","email":"11010647.edu@juntadeandalucia.es","web":null,"etapas":"EI","fuente":"junta_andalucia","confianza":"alta"}},{"type":"Feature","geometry":{"type":"Point","coordinates":[-6.208441,36.45588]},"properties":{"id":"46424225e87f1e2c","tipo":"guarderia","nombre":"Centro de Educación Infantil Arco Iris","direccion":"C/ Luis Milena, 3- Local 3","municipio":"San Fernando","provincia":"Cádiz","cp":"11100","telefono":"956899002","email":"11010659.edu@juntadeandalucia.es","web":null,"etapas":"EI","fuente":"junta_andalucia","confianza":"alta"}},{"type":"Feature","geometry":{"type":"Point","coordinates":[-6.230363845825195,36.521707940861866]},"properties":{"id":"44d57532da983a87","tipo":"guarderia","nombre":"Centro de Educación Infantil El Columpio","direccion":"Avda. de la Bahía, s/n","municipio":"Puerto Real","provincia":"Cádiz","cp":"11012","telefono":"956478921","email":"asesorilari@telefonica.net","web":null,"etapas":"EI","fuente":"junta_andalucia","confianza":"alta"}},{"type":"Feature","geometry":{"type":"Point","coordinates":[-5.446379,36.43068]},"properties":{"id":"8e43d7ca02c4038c","tipo":"guarderia","nombre":"Centro de Educación Infantil Los Pitufos","direccion":"Urb. El Calvario, s/n","municipio":"Jimena de la Frontera","provincia":"Cádiz","cp":"11330","telefono":"678676319","email":"asomejorana2002@gmail.com","web":null,"etapas":"EI","fuente":"junta_andalucia","confianza":"alta"}},{"type":"Feature","geometry":{"type":"Point","coordinates":[-6.08429000029,36.2810580003]},"properties":{"id":"5c6fdb73b212f156","tipo":"guarderia","nombre":"Centro de Educación Infantil Tini","direccion":"C/ Baleares, 33","municipio":"Conil de la Frontera","provincia":"Cádiz","cp":"11140","telefono":"607671065","email":"tini33a@hotmail.com","web":null,"etapas":"EI","fuente":"junta_andalucia","confianza":"alta"}},{"type":"Feature","geometry":{"type":"Point","coordinates":[-5.414001,36.468585]},"properties":{"id":"f5c04d50da3277be","tipo":"guarderia","nombre":"Centro de Educación Infantil El Chupetín","direccion":"Avda. de Francia, 14","municipio":"Jimena de la Frontera","provincia":"Cádiz","cp":"11330","telefono":"678676319","email":"asomejorana2002@gmail.com","web":null,"etapas":"EI","fuente":"junta_andalucia","confianza":"alta"}},{"type":"Feature","geometry":{"type":"Point","coordinates":[-5.423561,36.205915]},"properties":{"id":"de680c48fbdd33ff","tipo":"guarderia","nombre":"Centro de Educación Infantil Pequeguardería","direccion":"C/ Ensenada de Miraflores, s/n","municipio":"San Roque","provincia":"Cádiz","cp":"11368","telefono":"678676319","email":"asomejorana2002@gmail.com","web":null,"etapas":"EI","fuente":"junta_andalucia","confianza":"alta"}},{"type":"Feature","geometry":{"type":"Point","coordinates":[-5.44647,36.124998]},"properties":{"id":"bda5b4d5809bcb01","tipo":"guarderia","nombre":"Centro de Educación Infantil La Yedra","direccion":"C/ Alexander Henderson, 48","municipio":"Algeciras","provincia":"Cádiz","cp":"11207","telefono":"856584345","email":"echescu@hotmail.com","web":null,"etapas":"EI","fuente":"junta_andalucia","confianza":"alta"}},{"type":"Feature","geometry":{"type":"Point","coordinates":[-6.194427,36.476642]},"properties":{"id":"08f9d0725a9ecc2f","tipo":"guarderia","nombre":"Centro de Educación Infantil Garabatos","direccion":"C/ Navío San Juan Nepomuceno, 1, Nave 34","municipio":"San Fernando","provincia":"Cádiz","cp":"11100","telefono":"601191550","email":"maperezperez61@hotmail.com","web":null,"etapas":"EI","fuente":"junta_andalucia","confianza":"alta"}},{"type":"Feature","geometry":{"type":"Point","coordinates":[-5.408138036727905,36.879504748258434]},"properties":{"id":"36d4230a9215f292","tipo":"guarderia","nombre":"Centro de Educación Infantil Juan de la Rosa","direccion":"C/ Pérez Galdós, 3","municipio":"Algodonales","provincia":"Cádiz","cp":"11680","telefono":"956138081","email":"11011135.edu@juntadeandalucia.es","web":null,"etapas":"EI","fuente":"junta_andalucia","confianza":"alta"}},{"type":"Feature","geometry":{"type":"Point","coordinates":[-6.27884098992,36.518443999]},"properties":{"id":"25fedba319285808","tipo":"guarderia","nombre":"Centro de Educación Infantil Casa de Niños y Niñas","direccion":"C/ Pleamar, s/n","municipio":"Cádiz","provincia":"Cádiz","cp":"11007","telefono":"956288666","email":"lacasitacadiz@hotmail.com","web":null,"etapas":"EI","fuente":"junta_andalucia","confianza":"alta"}},{"type":"Feature","geometry":{"type":"Point","coordinates":[-5.452630519866943,36.14414764557698]},"properties":{"id":"4b2bafb0cebf5237","tipo":"colegio_publico","nombre":"Escuela Infantil Los Navegantes","direccion":"C/ Maestro Millán Picazo","municipio":"Algeciras","provincia":"Cádiz","cp":"11205","telefono":"956673806","email":"11011184.edu@juntadeandalucia.es","web":null,"etapas":"EI","fuente":"junta_andalucia","confianza":"alta"}},{"type":"Feature","geometry":{"type":"Point","coordinates":[-5.456369519233704,36.11326770013284]},"properties":{"id":"e952b9cf096420bc","tipo":"colegio_publico","nombre":"Escuela Infantil Virgen Milagrosa","direccion":"Ctra. del Cobre, s/n","municipio":"Algeciras","provincia":"Cádiz","cp":"11206","telefono":"677904347","email":"11011196.edu@juntadeandalucia.es","web":null,"etapas":"EI","fuente":"junta_andalucia","confianza":"alta"}},{"type":"Feature","geometry":{"type":"Point","coordinates":[-5.460226535797119,36.14792502272471]},"properties":{"id":"daf8c76b0f93cbd9","tipo":"colegio_publico","nombre":"Escuela Infantil Entremares","direccion":"Bda. Santa Teresa Jornet, s/n","municipio":"Algeciras","provincia":"Cádiz","cp":"11204","telefono":"956673817","email":"11011202.edu@juntadeandalucia.es","web":null,"etapas":"EI","fuente":"junta_andalucia","confianza":"alta"}},{"type":"Feature","geometry":{"type":"Point","coordinates":[-5.819215,36.752891]},"properties":{"id":"d6e298f55026e12d","tipo":"colegio_publico","nombre":"Escuela Infantil Virgen de la Nieves","direccion":"Bda. de la Paz, Guadalenín, s/n","municipio":"Arcos de la Frontera","provincia":"Cádiz","cp":"11630","telefono":"956709766","email":"11011214.edu@juntadeandalucia.es","web":null,"etapas":"EI","fuente":"junta_andalucia","confianza":"alta"}},{"type":"Feature","geometry":{"type":"Point","coordinates":[-5.914697296264649,36.19570356962253]},"properties":{"id":"d397b5185d9ca6ce","tipo":"colegio_publico","nombre":"Escuela Infantil La Traiña","direccion":"C/ Pesquero Joven Alonso, s/n","municipio":"Barbate","provincia":"Cádiz","cp":"11160","telefono":"956459520","email":"11011226.edu@juntadeandalucia.es","web":null,"etapas":"EI","fuente":"junta_andalucia","confianza":"alta"}},{"type":"Feature","geometry":{"type":"Point","coordinates":[-6.201838,36.469633]},"properties":{"id":"9446afb69dee6b66","tipo":"colegio_publico","nombre":"Escuela Infantil Blas Infante","direccion":"C/ Rábida, s/n","municipio":"San Fernando","provincia":"Cádiz","cp":"11100","telefono":"956202050","email":"11011238.edu@juntadeandalucia.es","web":null,"etapas":"EI","fuente":"junta_andalucia","confianza":"alta"}},{"type":"Feature","geometry":{"type":"Point","coordinates":[-5.543718338012695,36.91793809229826]},"properties":{"id":"87a1f0e101f310a4","tipo":"colegio_publico","nombre":"Escuela Infantil Guadalete","direccion":"Avda. Fernando Portillo, s/n","municipio":"Puerto Serrano","provincia":"Cádiz","cp":"11659","telefono":"956128602","email":"11011241.edu@juntadeandalucia.es","web":null,"etapas":"EI","fuente":"junta_andalucia","confianza":"alta"}},{"type":"Feature","geometry":{"type":"Point","coordinates":[-5.291408392622316,36.303843967703365]},"properties":{"id":"571679325687caaa","tipo":"guarderia","nombre":"Centro de Educación Infantil Campanillas","direccion":"C/ Cooperativa, s/n","municipio":"San Roque","provincia":"Cádiz","cp":"11312","telefono":"678676319","email":"asomejorana2002@gmail.com","web":null,"etapas":"EI","fuente":"junta_andalucia","confianza":"alta"}},{"type":"Feature","geometry":{"type":"Point","coordinates":[-6.135671138763428,36.673995179588395]},"properties":{"id":"3c147116a22228cb","tipo":"colegio_publico","nombre":"Escuela Infantil Virgen del Valle","direccion":"Plaza Barahona, s/n. Bda. Federico Mayo","municipio":"Jerez de la Frontera","provincia":"Cádiz","cp":"11408","telefono":"856812821","email":"11011263.edu@juntadeandalucia.es","web":null,"etapas":"EI","fuente":"junta_andalucia","confianza":"alta"}},{"type":"Feature","geometry":{"type":"Point","coordinates":[-6.171698570251465,36.3798665407257]},"properties":{"id":"77d300ed48790347","tipo":"colegio_publico","nombre":"Escuela Infantil Aldea del Coto","direccion":"Urb. Coto de la Campa, I","municipio":"Chiclana de la Frontera","provincia":"Cádiz","cp":"11130","telefono":"667594313","email":"c.sanchez@elcampitoschool.com","web":null,"etapas":"EI","fuente":"junta_andalucia","confianza":"alta"}},{"type":"Feature","geometry":{"type":"Point","coordinates":[-6.173833608627319,36.7890356921704]},"properties":{"id":"5c92821eb580458c","tipo":"colegio_publico","nombre":"Escuela Infantil Santa María","direccion":"Avda. de la Fuente, 1","municipio":"Jerez de la Frontera","provincia":"Cádiz","cp":"11590","telefono":"856811700","email":"11011287.edu@juntadeandalucia.es","web":null,"etapas":"EI","fuente":"junta_andalucia","confianza":"alta"}},{"type":"Feature","geometry":{"type":"Point","coordinates":[-5.490401387214661,36.18331609631765]},"properties":{"id":"8e74765b811d893e","tipo":"colegio_publico","nombre":"Escuela Infantil Virgen de la Paz","direccion":"C/ Maldonado, s/n","municipio":"Los Barrios","provincia":"Cádiz","cp":"11370","telefono":"956670316","email":"11011299.edu@juntadeandalucia.es","web":null,"etapas":"EI","fuente":"junta_andalucia","confianza":"alta"}},{"type":"Feature","geometry":{"type":"Point","coordinates":[-5.35883903503418,36.16748476706497]},"properties":{"id":"a9536b850de2e8d6","tipo":"colegio_publico","nombre":"Escuela Infantil Santísima Trinidad","direccion":"Bda. Sagrado Corazón, Zona 3","municipio":"La Línea de la Concepción","provincia":"Cádiz","cp":"11300","telefono":"956673815","email":"11011305.edu@juntadeandalucia.es","web":null,"etapas":"EI","fuente":"junta_andalucia","confianza":"alta"}},{"type":"Feature","geometry":{"type":"Point","coordinates":[-5.360614657402039,36.172205054919736]},"properties":{"id":"ff0b8e4d3bce9df7","tipo":"colegio_publico","nombre":"Escuela Infantil Virgen de la Sierra","direccion":"C/ Virgen de la Sierra, s/n","municipio":"La Línea de la Concepción","provincia":"Cádiz","cp":"11300","telefono":"956673819","email":"11011317.edu@juntadeandalucia.es","web":null,"etapas":"EI","fuente":"junta_andalucia","confianza":"alta"}},{"type":"Feature","geometry":{"type":"Point","coordinates":[-5.353378057479858,36.1605380650093]},"properties":{"id":"3d351e32f50f221e","tipo":"colegio_publico","nombre":"Escuela Infantil Virgen Inmaculada","direccion":"Avda. María Inmaculada, s/n","municipio":"La Línea de la Concepción","provincia":"Cádiz","cp":"11300","telefono":"956673811","email":"11011329.edu@juntadeandalucia.es","web":null,"etapas":"EI","fuente":"junta_andalucia","confianza":"alta"}},{"type":"Feature","geometry":{"type":"Point","coordinates":[-6.142982840538025,36.691650672186384]},"properties":{"id":"fc0695ce76e8887c","tipo":"colegio_publico","nombre":"Escuela Infantil San Carlos","direccion":"C/ Lealas, s/n","municipio":"Jerez de la Frontera","provincia":"Cádiz","cp":"11404","telefono":"856812822","email":"11011330.edu@juntadeandalucia.es","web":null,"etapas":"EI","fuente":"junta_andalucia","confianza":"alta"}},{"type":"Feature","geometry":{"type":"Point","coordinates":[-6.210966110229492,36.446590883893094]},"properties":{"id":"49f81f8a8da9d416","tipo":"colegio_publico","nombre":"Escuela Infantil La Marea","direccion":"C/ Granaina, s/n. Bda. Camposoto","municipio":"San Fernando","provincia":"Cádiz","cp":"11100","telefono":"956459200","email":"11011342.edu@juntadeandalucia.es","web":null,"etapas":"EI","fuente":"junta_andalucia","confianza":"alta"}},{"type":"Feature","geometry":{"type":"Point","coordinates":[-5.384674072265625,36.21124695062548]},"properties":{"id":"3c174201fdc342f5","tipo":"colegio_publico","nombre":"Escuela Infantil Reina Juana","direccion":"C/ Vallesequillo Luján, 80","municipio":"San Roque","provincia":"Cádiz","cp":"11360","telefono":"956670314","email":"11011354.edu@juntadeandalucia.es","web":null,"etapas":"EI","fuente":"junta_andalucia","confianza":"alta"}},{"type":"Feature","geometry":{"type":"Point","coordinates":[-6.340503394603729,36.76629320561922]},"properties":{"id":"3096d69ee5120856","tipo":"colegio_publico","nombre":"Escuela Infantil El Almendral","direccion":"Pago Colalta, s/n. Bda. El Almendral","municipio":"Sanlúcar de Barrameda","provincia":"Cádiz","cp":"11540","telefono":"956386211","email":"11011366.edu@juntadeandalucia.es","web":null,"etapas":"EI","fuente":"junta_andalucia","confianza":"alta"}},{"type":"Feature","geometry":{"type":"Point","coordinates":[-6.35035514831543,36.769176671571856]},"properties":{"id":"6fa8f0a1ad1ed350","tipo":"colegio_publico","nombre":"Escuela Infantil Guadalquivir","direccion":"C/ Duque Don Alonso, s/n","municipio":"Sanlúcar de Barrameda","provincia":"Cádiz","cp":"11540","telefono":"956386213","email":"11011378.edu@juntadeandalucia.es","web":null,"etapas":"EI","fuente":"junta_andalucia","confianza":"alta"}},{"type":"Feature","geometry":{"type":"Point","coordinates":[-5.601219,36.015268]},"properties":{"id":"f50d6a15dfbec772","tipo":"colegio_publico","nombre":"Escuela Infantil Virgen de la Luz","direccion":"Paseo del Retiro, s/n","municipio":"Tarifa","provincia":"Cádiz","cp":"11380","telefono":"956670218","email":"11011381.edu@juntadeandalucia.es","web":null,"etapas":"EI","fuente":"junta_andalucia","confianza":"alta"}},{"type":"Feature","geometry":{"type":"Point","coordinates":[-5.6479597091674805,36.86322297927407]},"properties":{"id":"ed51fafbffc77369","tipo":"colegio_publico","nombre":"Escuela Infantil El Manantial","direccion":"C/ Grazalema, 1","municipio":"Villamartín","provincia":"Cádiz","cp":"11650","telefono":"956709795","email":"11011391.edu@juntadeandalucia.es","web":null,"etapas":"EI","fuente":"junta_andalucia","confianza":"alta"}},{"type":"Feature","geometry":{"type":"Point","coordinates":[-6.13162100315094,36.6720654777068]},"properties":{"id":"4012b8277faaa686","tipo":"colegio_publico","nombre":"Escuela Infantil Rocinante","direccion":"C/ Amistad, s/n. Bda. San Telmo","municipio":"Jerez de la Frontera","provincia":"Cádiz","cp":"11408","telefono":"856812824","email":"11011408.edu@juntadeandalucia.es","web":null,"etapas":"EI","fuente":"junta_andalucia","confianza":"alta"}},{"type":"Feature","geometry":{"type":"Point","coordinates":[-6.152398735284805,36.691905537229964]},"properties":{"id":"9ce3c83862100909","tipo":"colegio_publico","nombre":"Escuela Infantil Primavera","direccion":"Bda. San Valentín, s/n","municipio":"Jerez de la Frontera","provincia":"Cádiz","cp":"11404","telefono":"856812827","email":"11011411.edu@juntadeandalucia.es","web":null,"etapas":"EI","fuente":"junta_andalucia","confianza":"alta"}},{"type":"Feature","geometry":{"type":"Point","coordinates":[-6.141314506530762,36.410196613286246]},"properties":{"id":"e41918b574b2f5f0","tipo":"colegio_publico","nombre":"Escuela Infantil Alborada","direccion":"Avda. Alborada, s/n","municipio":"Chiclana de la Frontera","provincia":"Cádiz","cp":"11130","telefono":"956202040","email":"11011421.edu@juntadeandalucia.es","web":null,"etapas":"EI","fuente":"junta_andalucia","confianza":"alta"}},{"type":"Feature","geometry":{"type":"Point","coordinates":[-6.274577379226685,36.507206483278274]},"properties":{"id":"47d207c76ac0102b","tipo":"colegio_publico","nombre":"Escuela Infantil Virgen del Rosario","direccion":"C/ Pintor Justo Ruiz Luna, s/n","municipio":"Cádiz","provincia":"Cádiz","cp":"11010","telefono":"956272638","email":"11011433.edu@juntadeandalucia.es","web":null,"etapas":"EI","fuente":"junta_andalucia","confianza":"alta"}},{"type":"Feature","geometry":{"type":"Point","coordinates":[-6.298588,36.528681]},"properties":{"id":"a56ce0c2aed5c642","tipo":"colegio_publico","nombre":"Escuela Infantil Virgen de la Palma","direccion":"Avda. Campo del Sur, 49. Baluarte Capuchinos","municipio":"Cádiz","provincia":"Cádiz","cp":"11002","telefono":"956202054","email":"11011445.edu@juntadeandalucia.es","web":null,"etapas":"EI","fuente":"junta_andalucia","confianza":"alta"}},{"type":"Feature","geometry":{"type":"Point","coordinates":[-6.274738311767578,36.516258626036624]},"properties":{"id":"7fd86df0b4d4ddca","tipo":"colegio_publico","nombre":"Escuela Infantil Los Dálmatas","direccion":"C/ Barbate. s/n","municipio":"Cádiz","provincia":"Cádiz","cp":"11012","telefono":"956202056","email":"11011457.edu@juntadeandalucia.es","web":null,"etapas":"EI","fuente":"junta_andalucia","confianza":"alta"}},{"type":"Feature","geometry":{"type":"Point","coordinates":[-5.885697305202484,36.31476854060489]},"properties":{"id":"4931b4db9bfe7d54","tipo":"colegio_publico","nombre":"Escuela Infantil Bambi","direccion":"C/ Los Olivos, 15","municipio":"Vejer de la Frontera","provincia":"Cádiz","cp":"11150","telefono":"956455185","email":"11011469.edu@juntadeandalucia.es","web":null,"etapas":"EI","fuente":"junta_andalucia","confianza":"alta"}},{"type":"Feature","geometry":{"type":"Point","coordinates":[-5.559834413779072,36.78385594707558]},"properties":{"id":"02be04cb92286984","tipo":"colegio_publico","nombre":"Escuela Infantil Pinsapo","direccion":"Avda. Félix Rodríguez de la Fuente, 1","municipio":"Prado del Rey","provincia":"Cádiz","cp":"11660","telefono":"607508687","email":"eielpinsapo@mmsierradecadiz.org","web":null,"etapas":"EI","fuente":"junta_andalucia","confianza":"alta"}},{"type":"Feature","geometry":{"type":"Point","coordinates":[-6.196964979171753,36.53123900783572]},"properties":{"id":"7cda260dcd3ec4ef","tipo":"colegio_publico","nombre":"Escuela Infantil Triquitraque","direccion":"C/ Zambra, s/n","municipio":"Puerto Real","provincia":"Cádiz","cp":"11510","telefono":"676075038","email":"11011482.edu@juntadeandalucia.es","web":null,"etapas":"EI","fuente":"junta_andalucia","confianza":"alta"}},{"type":"Feature","geometry":{"type":"Point","coordinates":[-6.09971178248748,36.6884878073359]},"properties":{"id":"d8ffe0b06a447188","tipo":"guarderia","nombre":"Centro de Educación Infantil Pita-Pita","direccion":"C/ Tajo, 19","municipio":"Jerez de la Frontera","provincia":"Cádiz","cp":"11406","telefono":"630482713","email":"11011494.edu@juntadeandalucia.es/escuelainfantilpitapita@gmail.com","web":null,"etapas":"EI","fuente":"junta_andalucia","confianza":"alta"}},{"type":"Feature","geometry":{"type":"Point","coordinates":[-6.1796969175338745,36.53430370113357]},"properties":{"id":"9b02e56c442c078f","tipo":"colegio_publico","nombre":"Escuela Infantil El Cigarrón","direccion":"C/ Pablo Neruda, 2","municipio":"Puerto Real","provincia":"Cádiz","cp":"11510","telefono":"682778155","email":"11011500.edu@juntadeandalucia.es;ibenitez@eikoala.es","web":null,"etapas":"EI","fuente":"junta_andalucia","confianza":"alta"}},{"type":"Feature","geometry":{"type":"Point","coordinates":[-5.8123948,36.750779]},"properties":{"id":"fb5cf30ec80c0133","tipo":"colegio_publico","nombre":"Escuela Infantil Milagros Berenguer","direccion":"C/ Grecia, s/n","municipio":"Arcos de la Frontera","provincia":"Cádiz","cp":"11630","telefono":"656302608","email":"11011512.edu@juntadeandalucia.es","web":null,"etapas":"EI","fuente":"junta_andalucia","confianza":"alta"}},{"type":"Feature","geometry":{"type":"Point","coordinates":[-6.155560245538595,36.41273523899144]},"properties":{"id":"ba2252bda1ff364d","tipo":"guarderia","nombre":"Centro de Educación Infantil El Mayorazgo","direccion":"C/ Cuatro Pinos, s/n. Residencial El Mayorazgo","municipio":"Chiclana de la Frontera","provincia":"Cádiz","cp":"11130","telefono":"956406583","email":"chiclana@attendispreschool.com","web":null,"etapas":"EI","fuente":"junta_andalucia","confianza":"alta"}},{"type":"Feature","geometry":{"type":"Point","coordinates":[-6.168608665466309,36.87371597706539]},"properties":{"id":"3263a5ae5bb8d046","tipo":"colegio_publico","nombre":"Escuela Infantil Virgen de Palomares","direccion":"C/ García Caparrós, s/n","municipio":"Trebujena","provincia":"Cádiz","cp":"11560","telefono":"856811702","email":"11011536.edu@juntadeandalucia.es","web":null,"etapas":"EI","fuente":"junta_andalucia","confianza":"alta"}},{"type":"Feature","geometry":{"type":"Point","coordinates":[-6.437585949897766,36.726252967034696]},"properties":{"id":"609aa586ac2b070d","tipo":"colegio_publico","nombre":"Escuela Infantil Rocío Jurado","direccion":"C/ Hijas de la Caridad, s/n","municipio":"Chipiona","provincia":"Cádiz","cp":"11550","telefono":"697957008","email":"11011548.edu@juntadeandalucia.es","web":null,"etapas":"EI","fuente":"junta_andalucia","confianza":"alta"}},{"type":"Feature","geometry":{"type":"Point","coordinates":[-5.464367866516113,36.14007549858979]},"properties":{"id":"006fd4a35617e1e1","tipo":"colegio_publico","nombre":"Escuela Infantil Clara Campoamor","direccion":"Avda. de Europa, s/n","municipio":"Algeciras","provincia":"Cádiz","cp":"11203","telefono":"956664141","email":"11011551.edu@juntadeandalucia.es","web":null,"etapas":"EI","fuente":"junta_andalucia","confianza":"alta"}},{"type":"Feature","geometry":{"type":"Point","coordinates":[-6.366255283355713,36.62708778815635]},"properties":{"id":"075223cf5d4e3c32","tipo":"guarderia","nombre":"Centro de Educación Infantil Peter Pan","direccion":"C/ Coronil, s/n","municipio":"Rota","provincia":"Cádiz","cp":"11520","telefono":"956840313","email":"cipeterpan03@gmail.com","web":null,"etapas":"EI","fuente":"junta_andalucia","confianza":"alta"}},{"type":"Feature","geometry":{"type":"Point","coordinates":[-6.2945,36.529793]},"properties":{"id":"faac55d5339797b2","tipo":"guarderia","nombre":"Centro de Educación Infantil Doña Popi","direccion":"C/ Cobos, 19","municipio":"Cádiz","provincia":"Cádiz","cp":"11005","telefono":"956278084","email":"virgilopez75@hotmail.com","web":null,"etapas":"EI","fuente":"junta_andalucia","confianza":"alta"}},{"type":"Feature","geometry":{"type":"Point","coordinates":[-6.210585236549377,36.5307174375308]},"properties":{"id":"e128090bed2e2527","tipo":"colegio_publico","nombre":"Escuela Infantil La Algaida","direccion":"Cpus. Río San Pedro","municipio":"Puerto Real","provincia":"Cádiz","cp":"11519","telefono":"956834115","email":"laalgaida@uca.es","web":null,"etapas":"EI","fuente":"junta_andalucia","confianza":"alta"}},{"type":"Feature","geometry":{"type":"Point","coordinates":[-6.227225993275065,36.52324982662062]},"properties":{"id":"128b9804b861ebe7","tipo":"colegio_publico","nombre":"Escuela Infantil Viento del Sur","direccion":"C/ Botavara, s/n. Bda. Río San Pedro","municipio":"Puerto Real","provincia":"Cádiz","cp":"11519","telefono":"956478151","email":"11011688.edu@juntadeandalucia.es","web":null,"etapas":"EI","fuente":"junta_andalucia","confianza":"alta"}},{"type":"Feature","geometry":{"type":"Point","coordinates":[-5.798243880271912,36.60455625766372]},"properties":{"id":"b607f7d3c008a277","tipo":"colegio_publico","nombre":"Escuela Infantil La Cigüeña","direccion":"C/ San Miguel, 10","municipio":"San José del Valle","provincia":"Cádiz","cp":"11580","telefono":"956109318","email":"11011691.edu@juntadeandalucia.es","web":null,"etapas":"EI","fuente":"junta_andalucia","confianza":"alta"}},{"type":"Feature","geometry":{"type":"Point","coordinates":[-5.730993964919207,36.458938896567446]},"properties":{"id":"528ac566dba68336","tipo":"colegio_publico","nombre":"Escuela Infantil La Miga","direccion":"C/ Laurel, s/n","municipio":"Alcalá de los Gazules","provincia":"Cádiz","cp":"11180","telefono":"600497971","email":"11011706.edu@juntadeandalucia.es/ o ayuntamiento@alcaladelosgazules.es","web":null,"etapas":"EI","fuente":"junta_andalucia","confianza":"alta"}},{"type":"Feature","geometry":{"type":"Point","coordinates":[-5.653938718617212,36.658354383874986]},"properties":{"id":"1478966c3f30f888","tipo":"colegio_publico","nombre":"Escuela Infantil La Pequeña Pandilla","direccion":"Bda. Álvaro Domecq, s/n","municipio":"Algar","provincia":"Cádiz","cp":"11639","telefono":"956710001","email":"11011718.edu@juntadeandalucia.es","web":null,"etapas":"EI","fuente":"junta_andalucia","confianza":"alta"}},{"type":"Feature","geometry":{"type":"Point","coordinates":[-5.814098,36.344454]},"properties":{"id":"fb343f777eab4a7f","tipo":"colegio_publico","nombre":"Escuela Infantil Benalup-Casas Viejas","direccion":"C/ Monasterio del Cuervo, s/n","municipio":"Benalup-Casas Viejas","provincia":"Cádiz","cp":"11190","telefono":"956417751","email":"11011721.edu@juntadeandalucia.es","web":null,"etapas":"EI","fuente":"junta_andalucia","confianza":"alta"}},{"type":"Feature","geometry":{"type":"Point","coordinates":[-5.422032,36.285582]},"properties":{"id":"49a4d9a47b71f8d1","tipo":"colegio_publico","nombre":"Escuela Infantil Los Peques","direccion":"Plaza Juan Carlos, s/n","municipio":"Castellar de la Frontera","provincia":"Cádiz","cp":"11350","telefono":"655185047","email":"escuelalospequescastellar@gmail.com; 11011731.edu@juntadeandalucia.es","web":null,"etapas":"EI","fuente":"junta_andalucia","confianza":"alta"}},{"type":"Feature","geometry":{"type":"Point","coordinates":[-5.32259800891,36.8561549991]},"properties":{"id":"c3cc9e85dd60e20e","tipo":"colegio_publico","nombre":"Escuela Infantil El Gastor","direccion":"C/ Veterín, 1","municipio":"El Gastor","provincia":"Cádiz","cp":"11687","telefono":"654883406","email":"11011743.edu@juntadeandalucia.es","web":null,"etapas":"EI","fuente":"junta_andalucia","confianza":"alta"}},{"type":"Feature","geometry":{"type":"Point","coordinates":[-5.340514183044434,36.175539398833116]},"properties":{"id":"2e958fcb75b7b586","tipo":"colegio_publico","nombre":"Escuela Infantil La Atunara","direccion":"C/ Prolongación Santa Clara, s/n","municipio":"La Línea de la Concepción","provincia":"Cádiz","cp":"11300","telefono":"600157238","email":"11011755.edu@juntadeandalucia.es","web":null,"etapas":"EI","fuente":"junta_andalucia","confianza":"alta"}},{"type":"Feature","geometry":{"type":"Point","coordinates":[-6.37881772970718,36.6302519772205]},"properties":{"id":"ab00e5dd9b17aa2c","tipo":"colegio_publico","nombre":"Escuela Infantil Los Príncipes","direccion":"Avda. Príncipe de España, 125","municipio":"Rota","provincia":"Cádiz","cp":"11520","telefono":"956841923","email":"nuevaseducadoras@hotmail.com","web":null,"etapas":"EI","fuente":"junta_andalucia","confianza":"alta"}},{"type":"Feature","geometry":{"type":"Point","coordinates":[-6.35911158955,36.6228666571]},"properties":{"id":"721144e818e4feeb","tipo":"colegio_publico","nombre":"Escuela Infantil Blancanieves","direccion":"C/ Benito Pérez Galdós, 8","municipio":"Rota","provincia":"Cádiz","cp":"11520","telefono":"856103341","email":"11011779.edu@juntadeandalucia.es","web":null,"etapas":"EI","fuente":"junta_andalucia","confianza":"alta"}},{"type":"Feature","geometry":{"type":"Point","coordinates":[-5.17757800945,36.8620309993]},"properties":{"id":"01bf67ac6eb4844b","tipo":"colegio_publico","nombre":"Escuela Infantil Setenil de las Bodegas","direccion":"Avda. del Carmen, 9","municipio":"Setenil de las Bodegas","provincia":"Cádiz","cp":"11692","telefono":"956134525","email":"11011780.edu@juntadeandalucia.es","web":null,"etapas":"EI","fuente":"junta_andalucia","confianza":"alta"}},{"type":"Feature","geometry":{"type":"Point","coordinates":[-5.3696,36.759499]},"properties":{"id":"7982c79251eba0e9","tipo":"colegio_publico","nombre":"Escuela Infantil La Amapola","direccion":"C/ San Daniel, s/n","municipio":"Grazalema","provincia":"Cádiz","cp":"11610","telefono":"956132239","email":"eilaamapola@mmsierradecadiz.org","web":null,"etapas":"EI","fuente":"junta_andalucia","confianza":"alta"}},{"type":"Feature","geometry":{"type":"Point","coordinates":[-5.543557,36.91816]},"properties":{"id":"1f05247cdf977014","tipo":"colegio_publico","nombre":"Escuela Infantil La Adelfa","direccion":"Avda. de las Escuelas, s/n","municipio":"Puerto Serrano","provincia":"Cádiz","cp":"11659","telefono":"610737620","email":"eilaadelfa@mmsierradecadiz.org","web":null,"etapas":"EI","fuente":"junta_andalucia","confianza":"alta"}},{"type":"Feature","geometry":{"type":"Point","coordinates":[-5.80741562638,36.8723099876]},"properties":{"id":"24648e397f41658b","tipo":"colegio_publico","nombre":"Escuela Infantil Rafael Alberti","direccion":"C/ Corredera, s/n","municipio":"Espera","provincia":"Cádiz","cp":"11648","telefono":"652444565","email":"11011810.edu@juntadeandalucia.es","web":null,"etapas":"EI","fuente":"junta_andalucia","confianza":"alta"}},{"type":"Feature","geometry":{"type":"Point","coordinates":[-6.430129408836365,36.742013647433915]},"properties":{"id":"fbcd7bd5fd9c0a49","tipo":"colegio_publico","nombre":"Escuela Infantil Pepita Pérez","direccion":"C/ Juanita Reina, 44","municipio":"Chipiona","provincia":"Cádiz","cp":"11550","telefono":"654666842","email":"e.i.pepitaperez@hotmail.com","web":null,"etapas":"EI","fuente":"junta_andalucia","confianza":"alta"}},{"type":"Feature","geometry":{"type":"Point","coordinates":[-5.6920284032821655,36.85218339110793]},"properties":{"id":"4beedf1c5855c233","tipo":"colegio_publico","nombre":"Escuela Infantil Coto de Bornos","direccion":"C/ Higuerón, 8","municipio":"Bornos","provincia":"Cádiz","cp":"11649","telefono":"956722698","email":"anamgil2@hotmail.com","web":null,"etapas":"EI","fuente":"junta_andalucia","confianza":"alta"}},{"type":"Feature","geometry":{"type":"Point","coordinates":[-6.159569621086121,36.42028098505222]},"properties":{"id":"d754974908259d2b","tipo":"guarderia","nombre":"Centro de Educación Infantil El Principito","direccion":"C/ Cuba, 1B","municipio":"Chiclana de la Frontera","provincia":"Cádiz","cp":"11130","telefono":"669302190","email":"11011858.edu@juntadeandalucia.es","web":null,"etapas":"EI","fuente":"junta_andalucia","confianza":"alta"}},{"type":"Feature","geometry":{"type":"Point","coordinates":[-5.505505861633835,36.75860572044642]},"properties":{"id":"bba2c383ab99bc48","tipo":"colegio_publico","nombre":"Escuela Infantil El Bosque","direccion":"C/ Cádiz, s/n","municipio":"El Bosque","provincia":"Cádiz","cp":"11670","telefono":"600411602","email":"eielbosque@mmsierradecadiz.org","web":null,"etapas":"EI","fuente":"junta_andalucia","confianza":"alta"}},{"type":"Feature","geometry":{"type":"Point","coordinates":[-6.363980770111084,36.62361131247829]},"properties":{"id":"69c04ec3b1b5f514","tipo":"guarderia","nombre":"Centro de Educación Infantil La Tortuga","direccion":"C/ Murillo, 8","municipio":"Rota","provincia":"Cádiz","cp":"11520","telefono":"616583182","email":"guarderialatortuga@hotmail.com","web":null,"etapas":"EI","fuente":"junta_andalucia","confianza":"alta"}},{"type":"Feature","geometry":{"type":"Point","coordinates":[-6.092464800000016,36.2835198]},"properties":{"id":"3f662973e0c7a902","tipo":"colegio_publico","nombre":"Escuela Infantil Conil de la Frontera","direccion":"C/ Torre del Puerco, s/n","municipio":"Conil de la Frontera","provincia":"Cádiz","cp":"11140","telefono":"607671065","email":"tini33a@hotmail.com","web":null,"etapas":"EI","fuente":"junta_andalucia","confianza":"alta"}},{"type":"Feature","geometry":{"type":"Point","coordinates":[-6.3642470867397245,36.62814565792347]},"properties":{"id":"240f397c2f0529f4","tipo":"colegio_publico","nombre":"Escuela Infantil Grumete","direccion":"Otros Poblado Naval, Zona 11","municipio":"Rota","provincia":"Cádiz","cp":"11530","telefono":"956480938","email":"grumeterota@kidsco.es","web":null,"etapas":"EI","fuente":"junta_andalucia","confianza":"alta"}},{"type":"Feature","geometry":{"type":"Point","coordinates":[-6.23417028357651,36.60210671986947]},"properties":{"id":"af2162a78bac01af","tipo":"guarderia","nombre":"Centro de Educación Infantil Baby Land","direccion":"Avda. luis Suárez Rodríguez, 14","municipio":"El Puerto de Santa María","provincia":"Cádiz","cp":"11500","telefono":"658171728","email":"11011901.edu@juntadeandalucia.es","web":null,"etapas":"EI","fuente":"junta_andalucia","confianza":"alta"}},{"type":"Feature","geometry":{"type":"Point","coordinates":[-6.087709414555908,36.71572517064792]},"properties":{"id":"654e1dc5e5e4d9be","tipo":"guarderia","nombre":"Centro de Educación Infantil Perezoso","direccion":"C/ Real, 11","municipio":"Jerez de la Frontera","provincia":"Cádiz","cp":"11591","telefono":"956157247","email":"11011913.edu@juntadeandalucia.es","web":null,"etapas":"EI","fuente":"junta_andalucia","confianza":"alta"}},{"type":"Feature","geometry":{"type":"Point","coordinates":[-5.382976,36.180829]},"properties":{"id":"2e716d149584ad20","tipo":"colegio_publico","nombre":"Escuela Infantil Villa Carmela","direccion":"Avda. de la Hispanidad, s/n","municipio":"San Roque","provincia":"Cádiz","cp":"11313","telefono":"956698287","email":"11011925.edu@juntadeandalucia.es","web":null,"etapas":"EI","fuente":"junta_andalucia","confianza":"alta"}},{"type":"Feature","geometry":{"type":"Point","coordinates":[-6.27144455909729,36.510420880482215]},"properties":{"id":"01e2e30cc5ef218e","tipo":"guarderia","nombre":"Centro de Educación Infantil Virgen de la Paz","direccion":"Avda. Guadalete, s/n. Centro Cívico","municipio":"Cádiz","provincia":"Cádiz","cp":"11012","telefono":"666067062","email":"escuela@guardelapaz.com","web":null,"etapas":"EI","fuente":"junta_andalucia","confianza":"alta"}},{"type":"Feature","geometry":{"type":"Point","coordinates":[-6.353402137756348,36.62504282145318]},"properties":{"id":"5ff22af17da2d2ce","tipo":"guarderia","nombre":"Centro de Educación Infantil Picobarro","direccion":"C/ Amapolas, 59","municipio":"Rota","provincia":"Cádiz","cp":"11520","telefono":"617010408","email":"11011950.edu@juntadeandalucia.es","web":null,"etapas":"EI","fuente":"junta_andalucia","confianza":"alta"}},{"type":"Feature","geometry":{"type":"Point","coordinates":[-5.444435,36.679823]},"properties":{"id":"283d72f9f43fcc6d","tipo":"colegio_publico","nombre":"Escuela Infantil La Esperanza","direccion":"Avda. Herrera Oria, s/n","municipio":"Ubrique","provincia":"Cádiz","cp":"11600","telefono":"956460620","email":"eilaesperanza@mmsierradecadiz.org","web":null,"etapas":"EI","fuente":"junta_andalucia","confianza":"alta"}},{"type":"Feature","geometry":{"type":"Point","coordinates":[-6.148379972005715,36.417850809292766]},"properties":{"id":"6817f328ea59278c","tipo":"guarderia","nombre":"Centro de Educación Infantil Bichitos","direccion":"C/ Hormaza, 24","municipio":"Chiclana de la Frontera","provincia":"Cádiz","cp":"11130","telefono":"670350493","email":"cei.elalmendralycaramelos@hotmail.es","web":null,"etapas":"EI","fuente":"junta_andalucia","confianza":"alta"}},{"type":"Feature","geometry":{"type":"Point","coordinates":[-6.1061,36.696325]},"properties":{"id":"022faa6e25c390a5","tipo":"guarderia","nombre":"Centro de Educación Infantil La Granja","direccion":"Plaza Ronda, s/n. Bda. La Granja","municipio":"Jerez de la Frontera","provincia":"Cádiz","cp":"11405","telefono":"956312716","email":"11011998.edu@juntadeandalucia.es; escuelainfantil_lagranja@hotmail.com","web":null,"etapas":"EI","fuente":"junta_andalucia","confianza":"alta"}},{"type":"Feature","geometry":{"type":"Point","coordinates":[-6.146378517150879,36.42219755831603]},"properties":{"id":"ffc08fcd22735e4b","tipo":"guarderia","nombre":"Centro de Educación Infantil Caramelos","direccion":"C/ Virgen del Carmen, 16, esquina C/ Laínez","municipio":"Chiclana de la Frontera","provincia":"Cádiz","cp":"11130","telefono":"956536352","email":"11012000.edu@juntadeandalucia.es","web":null,"etapas":"EI","fuente":"junta_andalucia","confianza":"alta"}},{"type":"Feature","geometry":{"type":"Point","coordinates":[-5.392921330714671,36.839411671991655]},"properties":{"id":"15ea3303b92d9ba4","tipo":"colegio_publico","nombre":"Escuela Infantil La Rayuela","direccion":"C/ Fernando Hué, s/n","municipio":"Zahara","provincia":"Cádiz","cp":"11688","telefono":"956123004","email":"11012012.edu@juntadeandalucia.es","web":null,"etapas":"EI","fuente":"junta_andalucia","confianza":"alta"}},{"type":"Feature","geometry":{"type":"Point","coordinates":[-5.350056114719119,36.16621128359649]},"properties":{"id":"a5666d73095fd53e","tipo":"guarderia","nombre":"Centro de Educación Infantil Meblis","direccion":"C/ Oviedo, 10","municipio":"La Línea de la Concepción","provincia":"Cádiz","cp":"11300","telefono":"956767467","email":"meblis@hotmail.com","web":null,"etapas":"EI","fuente":"junta_andalucia","confianza":"alta"}},{"type":"Feature","geometry":{"type":"Point","coordinates":[-6.200469242030185,36.46661604074633]},"properties":{"id":"e2347bd709c880a2","tipo":"colegio_publico","nombre":"Escuela Infantil Grumete-San Fernando","direccion":"Avda. de la Armada, s/n","municipio":"San Fernando","provincia":"Cádiz","cp":"11100","telefono":"956801111","email":"grumetesanfernando@kidsco.es","web":null,"etapas":"EI","fuente":"junta_andalucia","confianza":"alta"}},{"type":"Feature","geometry":{"type":"Point","coordinates":[-5.481920414671663,36.1839394850931]},"properties":{"id":"11ae6cb4ae985564","tipo":"colegio_publico","nombre":"Escuela Infantil Los Alcornocales","direccion":"C/ Los Alcornocales, Parcela D, Polígono Este (Urb. Santa Rosalía)","municipio":"Los Barrios","provincia":"Cádiz","cp":"11370","telefono":"956670370","email":"11012061.edu@juntadeandalucia.es","web":null,"etapas":"EI","fuente":"junta_andalucia","confianza":"alta"}},{"type":"Feature","geometry":{"type":"Point","coordinates":[-6.153781414031982,36.41990975142907]},"properties":{"id":"d534d863c01f9dc7","tipo":"guarderia","nombre":"Centro de Educación Infantil Los Amiguitos","direccion":"C/ San Servando, 7","municipio":"Chiclana de la Frontera","provincia":"Cádiz","cp":"11130","telefono":"653570886","email":"losamiguitos@hotmail.com","web":null,"etapas":"EI","fuente":"junta_andalucia","confianza":"alta"}},{"type":"Feature","geometry":{"type":"Point","coordinates":[-5.868158340454102,36.52592399863537]},"properties":{"id":"d91eb70cf000c9d0","tipo":"colegio_publico","nombre":"Escuela Infantil Los Pasitos","direccion":"Avda. Alfonso Perales, s/n","municipio":"Paterna de Rivera","provincia":"Cádiz","cp":"11178","telefono":"686854945","email":"11012115.edu@juntadeandalucia.es","web":null,"etapas":"EI","fuente":"junta_andalucia","confianza":"alta"}},{"type":"Feature","geometry":{"type":"Point","coordinates":[-6.3506369553905575,36.77695189155308]},"properties":{"id":"08087196e90f0654","tipo":"guarderia","nombre":"Centro de Educación Infantil La Cajita de Pandora","direccion":"Avda. de Sevilla. Centro Comercial Santa Brígida, planta 1ª, puerta 10","municipio":"Sanlúcar de Barrameda","provincia":"Cádiz","cp":"11540","telefono":"607479576","email":"angelusmoscoso@hotmail.com","web":null,"etapas":"EI","fuente":"junta_andalucia","confianza":"alta"}},{"type":"Feature","geometry":{"type":"Point","coordinates":[-6.133922338485718,36.41851976791566]},"properties":{"id":"5433196c1edfa71a","tipo":"guarderia","nombre":"Centro de Educación Infantil Badulaque","direccion":"C/ Huerta del Rosario, 52","municipio":"Chiclana de la Frontera","provincia":"Cádiz","cp":"11130","telefono":"629932811","email":"11012139.edu@juntadeandalucia.es","web":null,"etapas":"EI","fuente":"junta_andalucia","confianza":"alta"}},{"type":"Feature","geometry":{"type":"Point","coordinates":[-6.126638415168556,36.688755202709224]},"properties":{"id":"36bc13e2bcc2d9fb","tipo":"guarderia","nombre":"Centro de Educación Infantil Pipos","direccion":"Avda. Cruz Roja, 1","municipio":"Jerez de la Frontera","provincia":"Cádiz","cp":"11407","telefono":"651116350","email":"pburgos78@hotmail.com","web":null,"etapas":"EI","fuente":"junta_andalucia","confianza":"alta"}},{"type":"Feature","geometry":{"type":"Point","coordinates":[-6.0853636264801025,36.2824056220924]},"properties":{"id":"287729a766369361","tipo":"guarderia","nombre":"Centro de Educación Infantil Caballito de Mar II","direccion":"C/ Jesús Nazareno, 17","municipio":"Conil de la Frontera","provincia":"Cádiz","cp":"11140","telefono":"633488873","email":"11012152.edu@juntadeandalucia.es","web":null,"etapas":"EI","fuente":"junta_andalucia","confianza":"alta"}},{"type":"Feature","geometry":{"type":"Point","coordinates":[-6.153282523155212,36.415754835445256]},"properties":{"id":"80e89e47d234eab7","tipo":"guarderia","nombre":"Centro de Educación Infantil El Principito de Santa Ana","direccion":"Cmo. Río Sena, 1A","municipio":"Chiclana de la Frontera","provincia":"Cádiz","cp":"11130","telefono":"669302190","email":"guarderia_elprincipito@hotmail.com","web":null,"etapas":"EI","fuente":"junta_andalucia","confianza":"alta"}},{"type":"Feature","geometry":{"type":"Point","coordinates":[-5.92987060546875,36.644181586865905]},"properties":{"id":"b72cc061c9ba93a8","tipo":"colegio_publico","nombre":"Escuela Infantil El Paje","direccion":"C/ Tempul, s/n","municipio":"Jerez de la Frontera","provincia":"Cádiz","cp":"11570","telefono":"856587186","email":"11012188.edu@juntadeandalucia.es","web":null,"etapas":"EI","fuente":"junta_andalucia","confianza":"alta"}},{"type":"Feature","geometry":{"type":"Point","coordinates":[-6.085362400000008,36.2818459]},"properties":{"id":"3b1c3d01b8dac27b","tipo":"guarderia","nombre":"Centro de Educación Infantil Caballito de Mar I","direccion":"C/ Canarias, s/n","municipio":"Conil de la Frontera","provincia":"Cádiz","cp":"11140","telefono":"633488873","email":"11012191.edu@juntadeandalucia.es","web":null,"etapas":"EI","fuente":"junta_andalucia","confianza":"alta"}},{"type":"Feature","geometry":{"type":"Point","coordinates":[-5.92063307762146,36.19206179357424]},"properties":{"id":"5a8c00200b3bb0b3","tipo":"guarderia","nombre":"Centro de Educación Infantil La Miga","direccion":"C/ Julio Romero de Torres, 8 y 10","municipio":"Barbate","provincia":"Cádiz","cp":"11160","telefono":"956434553","email":"11012206.edu@juntadeandalucia.es","web":null,"etapas":"EI","fuente":"junta_andalucia","confianza":"alta"}},{"type":"Feature","geometry":{"type":"Point","coordinates":[-5.923977053307225,36.453097597853755]},"properties":{"id":"ce1d9d96c7c6fed0","tipo":"guarderia","nombre":"Centro de Educación Infantil Nuestro Padre Jesús Nazareno","direccion":"C/ La Rioja, 14","municipio":"Medina-Sidonia","provincia":"Cádiz","cp":"11170","telefono":"956411373","email":"diegoalexandre65@gmail.com","web":null,"etapas":"EI","fuente":"junta_andalucia","confianza":"alta"}},{"type":"Feature","geometry":{"type":"Point","coordinates":[-6.125553846359253,36.712174818211636]},"properties":{"id":"c6c158e4bd663b4e","tipo":"guarderia","nombre":"Centro de Educación Infantil El Recreo","direccion":"C/ Tecnología, B-15","municipio":"Jerez de la Frontera","provincia":"Cádiz","cp":"11407","telefono":"856050983","email":"info@elrecreodejerez.com; 11012221.edu@juntadeandalucia.es","web":null,"etapas":"EI","fuente":"junta_andalucia","confianza":"alta"}},{"type":"Feature","geometry":{"type":"Point","coordinates":[-5.942564408493164,36.60891516793708]},"properties":{"id":"210e8e8bcd0bc2ea","tipo":"guarderia","nombre":"Centro de Educación Infantil Bugui Bugui","direccion":"C/ La Ina, s/n","municipio":"Jerez de la Frontera","provincia":"Cádiz","cp":"11595","telefono":"956161784","email":"administracion@torrecera.es","web":null,"etapas":"EI","fuente":"junta_andalucia","confianza":"alta"}},{"type":"Feature","geometry":{"type":"Point","coordinates":[-6.141357421875,36.42622048166446]},"properties":{"id":"4419397fea3af681","tipo":"guarderia","nombre":"Centro de Educación Infantil Masbebés","direccion":"C/ Cala, 3","municipio":"Chiclana de la Frontera","provincia":"Cádiz","cp":"11130","telefono":"956544413","email":"masbebes@gmail.com","web":null,"etapas":"EI","fuente":"junta_andalucia","confianza":"alta"}},{"type":"Feature","geometry":{"type":"Point","coordinates":[-6.09988597273412,36.696626976668]},"properties":{"id":"e019b5b0a247baf1","tipo":"colegio_publico","nombre":"Instituto de Educación Secundaria Elena García Armada","direccion":"C/ Santa Josefina, 5","municipio":"Jerez de la Frontera","provincia":"Cádiz","cp":"11405","telefono":"956245286","email":"11012267.edu@juntadeandalucia.es","web":null,"etapas":"ESO,BACH,EE","fuente":"junta_andalucia","confianza":"alta"}},{"type":"Feature","geometry":{"type":"Point","coordinates":[-6.190243363380432,36.47170989146562]},"properties":{"id":"bb75113b7cbeef1c","tipo":"guarderia","nombre":"Centro de Educación Infantil Fantasía","direccion":"C/ Carraca, 84, local 1","municipio":"San Fernando","provincia":"Cádiz","cp":"11100","telefono":"647295416","email":"auroragb73@gmail.com","web":null,"etapas":"EI","fuente":"junta_andalucia","confianza":"alta"}},{"type":"Feature","geometry":{"type":"Point","coordinates":[-6.138782501220703,36.43785643398897]},"properties":{"id":"447815422f23ac4f","tipo":"guarderia","nombre":"Centro de Educación Infantil El Parque de Chiclana","direccion":"Cmo. del Velero, s/n","municipio":"Chiclana de la Frontera","provincia":"Cádiz","cp":"11130","telefono":"687899482","email":"guardelparque@gmail.com","web":null,"etapas":"EI","fuente":"junta_andalucia","confianza":"alta"}},{"type":"Feature","geometry":{"type":"Point","coordinates":[-6.279609203338623,36.50916187024966]},"properties":{"id":"082c108f9b1b7d90","tipo":"guarderia","nombre":"Centro de Educación Infantil Parvulitos Villa Esther","direccion":"C/ Almirante Manuel de la Vierna, 3","municipio":"Cádiz","provincia":"Cádiz","cp":"11009","telefono":"665853342","email":"parvulitosvillaesther@gmail.com","web":null,"etapas":"EI","fuente":"junta_andalucia","confianza":"alta"}},{"type":"Feature","geometry":{"type":"Point","coordinates":[-6.205687522888184,36.62599858106557]},"properties":{"id":"45f9da37748f1218","tipo":"guarderia","nombre":"Centro de Educación Infantil El Cole","direccion":"C/ Pajar, 1","municipio":"El Puerto de Santa María","provincia":"Cádiz","cp":"11500","telefono":"956851960","email":"11012309.edu@juntadeandalucia.es","web":null,"etapas":"EI","fuente":"junta_andalucia","confianza":"alta"}},{"type":"Feature","geometry":{"type":"Point","coordinates":[-5.81302285194397,36.754255390618994]},"properties":{"id":"a6ce73fe78cd72cf","tipo":"guarderia","nombre":"Centro de Educación Infantil El Campo de las Galletas","direccion":"C/ Panamá, s/n. Bda. San Rafael","municipio":"Arcos de la Frontera","provincia":"Cádiz","cp":"11630","telefono":"956703226","email":"elcampodelasgalletas@gmail.com","web":null,"etapas":"EI","fuente":"junta_andalucia","confianza":"alta"}},{"type":"Feature","geometry":{"type":"Point","coordinates":[-6.145632863044739,36.41237246179856]},"properties":{"id":"3d06a35c985f1328","tipo":"guarderia","nombre":"Centro de Educación Infantil El Recreo","direccion":"C/ Hilarión Eslava, 6","municipio":"Chiclana de la Frontera","provincia":"Cádiz","cp":"11130","telefono":"667508356","email":"cei.elrecreo@hotmail.com","web":null,"etapas":"EI","fuente":"junta_andalucia","confianza":"alta"}},{"type":"Feature","geometry":{"type":"Point","coordinates":[-5.807336211616423,36.7502799552985]},"properties":{"id":"088ea2cabce58395","tipo":"guarderia","nombre":"Centro de Educación Infantil Las Galletitas","direccion":"C/ Guatemala, 1","municipio":"Arcos de la Frontera","provincia":"Cádiz","cp":"11630","telefono":"956700859","email":"lasgalletitas@gmail.com","web":null,"etapas":"EI","fuente":"junta_andalucia","confianza":"alta"}},{"type":"Feature","geometry":{"type":"Point","coordinates":[-6.145828664302826,36.425417640219216]},"properties":{"id":"ef4ddd489fdcab54","tipo":"colegio_publico","nombre":"Escuela Infantil Bocoy","direccion":"Plaza Bocoy, s/n","municipio":"Chiclana de la Frontera","provincia":"Cádiz","cp":"11130","telefono":"675019259","email":"11012361.edu@juntadeandalucia.es","web":null,"etapas":"EI","fuente":"junta_andalucia","confianza":"alta"}},{"type":"Feature","geometry":{"type":"Point","coordinates":[-6.23504846744419,36.6312371858996]},"properties":{"id":"0c588cc052ec886a","tipo":"guarderia","nombre":"Centro de Educación Infantil Mi Vaporcito Azul","direccion":"C/ La Bahía, 17","municipio":"El Puerto de Santa María","provincia":"Cádiz","cp":"11500","telefono":"956560041","email":"mivaporcitoazul@hotmail.com","web":null,"etapas":"EI","fuente":"junta_andalucia","confianza":"alta"}},{"type":"Feature","geometry":{"type":"Point","coordinates":[-6.14328313104128,36.4227650247819]},"properties":{"id":"bbef7d9612797631","tipo":"guarderia","nombre":"Centro de Educación Infantil Dumbo","direccion":"C/ Estébana Serrano, 8","municipio":"Chiclana de la Frontera","provincia":"Cádiz","cp":"11130","telefono":"666399673","email":"eidumbochiclana@hotmail.com","web":null,"etapas":"EI","fuente":"junta_andalucia","confianza":"alta"}},{"type":"Feature","geometry":{"type":"Point","coordinates":[-5.453531742095947,36.13167061208742]},"properties":{"id":"e54149787be58087","tipo":"colegio_privado","nombre":"Centro Docente Privado Petete","direccion":"C/ Fuente Nueva, 25","municipio":"Algeciras","provincia":"Cádiz","cp":"11203","telefono":"956666398","email":"albamar3@hotmail.com","web":null,"etapas":"EI","fuente":"junta_andalucia","confianza":"alta"}},{"type":"Feature","geometry":{"type":"Point","coordinates":[-6.275714635848999,36.522001089325336]},"properties":{"id":"921decf241358760","tipo":"colegio_publico","nombre":"Escuela Infantil Doctora Josefina Fornell","direccion":"C/ América, 1","municipio":"Cádiz","provincia":"Cádiz","cp":"11007","telefono":"956902572","email":"11012413.edu@juntadeandalucia.es","web":null,"etapas":"EI","fuente":"junta_andalucia","confianza":"alta"}},{"type":"Feature","geometry":{"type":"Point","coordinates":[-5.42795299310122,36.1919272329494]},"properties":{"id":"470579406ba0bccd","tipo":"guarderia","nombre":"Centro de Educación Infantil Mary Poppins","direccion":"C/ Los Ruiseñores, s/n","municipio":"Los Barrios","provincia":"Cádiz","cp":"11379","telefono":"677572607","email":"ceimarypoppins@gmail.com","web":null,"etapas":"EI","fuente":"junta_andalucia","confianza":"alta"}},{"type":"Feature","geometry":{"type":"Point","coordinates":[-6.201401335514948,36.46758518008398]},"properties":{"id":"8dbff48f8d3bc7d5","tipo":"guarderia","nombre":"Centro de Educación Infantil El Parque","direccion":"C/ General García de la Herrán, 46","municipio":"San Fernando","provincia":"Cádiz","cp":"11100","telefono":"956899675","email":"guardelparque@gmail.com","web":null,"etapas":"EI","fuente":"junta_andalucia","confianza":"alta"}},{"type":"Feature","geometry":{"type":"Point","coordinates":[-6.17634834535892,36.3927405513655]},"properties":{"id":"cfd4cb989ff7c77b","tipo":"guarderia","nombre":"Centro de Educación Infantil Cuenta Cuentos","direccion":"C/ Buitre, 1. Urb. Las Rapaces","municipio":"Chiclana de la Frontera","provincia":"Cádiz","cp":"11130","telefono":"658113351","email":"11012449.edu@juntadeandalucia.es","web":null,"etapas":"EI","fuente":"junta_andalucia","confianza":"alta"}},{"type":"Feature","geometry":{"type":"Point","coordinates":[-6.368637178710969,36.63005388382097]},"properties":{"id":"7ad5cbd7b3f72bbe","tipo":"colegio_privado","nombre":"Centro Docente Privado de Educación Especial Pilar Varo","direccion":"C/ Campillo, s/n","municipio":"Rota","provincia":"Cádiz","cp":"11520","telefono":"610263774","email":"11012450.edu@juntadeandalucia.es","web":null,"etapas":"EE","fuente":"junta_andalucia","confianza":"alta"}},{"type":"Feature","geometry":{"type":"Point","coordinates":[-5.450318431300016,36.13759271605834]},"properties":{"id":"ea8182783fdf94f7","tipo":"colegio_publico","nombre":"Colegio de Educación Primaria Los Alcornocales","direccion":"C/ Sierra de Guadarrama, 3","municipio":"Algeciras","provincia":"Cádiz","cp":"11202","telefono":"671531758","email":"11012474.edu@juntadeandalucia.es","web":null,"etapas":"EP","fuente":"junta_andalucia","confianza":"alta"}},{"type":"Feature","geometry":{"type":"Point","coordinates":[-5.454215046464042,36.136993926898676]},"properties":{"id":"13b61964d80d715e","tipo":"colegio_publico","nombre":"Escuela Infantil El Faro","direccion":"Avda. Ramón Puyol, 1","municipio":"Algeciras","provincia":"Cádiz","cp":"11202","telefono":"956670756","email":"11012486.edu@juntadeandalucia.es","web":null,"etapas":"EI","fuente":"junta_andalucia","confianza":"alta"}},{"type":"Feature","geometry":{"type":"Point","coordinates":[-5.64285317888322,36.8571323061951]},"properties":{"id":"d9392d93a0f39444","tipo":"guarderia","nombre":"Centro de Educación Infantil San Ramón","direccion":"Avda. de Arcos, 2","municipio":"Villamartín","provincia":"Cádiz","cp":"11650","telefono":"692165344","email":"gerencia@cdp-sanramon.es","web":null,"etapas":"EI","fuente":"junta_andalucia","confianza":"alta"}},{"type":"Feature","geometry":{"type":"Point","coordinates":[-6.292917774444453,36.528501151535494]},"properties":{"id":"f8b9af7148774a91","tipo":"colegio_publico","nombre":"Escuela Infantil Santa María","direccion":"C/ San Juan de Dios, s/n","municipio":"Cádiz","provincia":"Cádiz","cp":"11005","telefono":null,"email":"eim.santamaria@cadiz.es","web":null,"etapas":"EI","fuente":"junta_andalucia","confianza":"alta"}},{"type":"Feature","geometry":{"type":"Point","coordinates":[-6.375612161839058,36.62842504938935]},"properties":{"id":"36674ebd56df14ce","tipo":"colegio_publico","nombre":"Escuela Infantil Laguna del Moral","direccion":"Avda. Los Toreros, s/n","municipio":"Rota","provincia":"Cádiz","cp":"11520","telefono":"664369448","email":"lidia.jimenez@macrosad.com","web":null,"etapas":"EI","fuente":"junta_andalucia","confianza":"alta"}},{"type":"Feature","geometry":{"type":"Point","coordinates":[-6.13874641229531,36.4165558863514]},"properties":{"id":"ab12f2af5c825b9f","tipo":"guarderia","nombre":"Centro de Educación Infantil El Arbolito","direccion":"C/ Lima, 9","municipio":"Chiclana de la Frontera","provincia":"Cádiz","cp":"11130","telefono":"646785727","email":"Ritamaciasgarrucho@gmail.com","web":null,"etapas":"EI","fuente":"junta_andalucia","confianza":"alta"}},{"type":"Feature","geometry":{"type":"Point","coordinates":[-6.13325191256954,36.677795829386]},"properties":{"id":"d552a6fcb8938672","tipo":"guarderia","nombre":"Centro de Educación Infantil Lolita","direccion":"C/ San Justo, 6","municipio":"Jerez de la Frontera","provincia":"Cádiz","cp":"11402","telefono":"856927659","email":"guarderialolita@yahoo.es","web":null,"etapas":"EI","fuente":"junta_andalucia","confianza":"alta"}},{"type":"Feature","geometry":{"type":"Point","coordinates":[-6.245748996734619,36.59613195238227]},"properties":{"id":"dce637ae2c1a2545","tipo":"guarderia","nombre":"Centro de Educación Infantil Ducklings","direccion":"C/ Antonio de Ulloa, 6","municipio":"El Puerto de Santa María","provincia":"Cádiz","cp":"11500","telefono":"956859421","email":"11012565.edu@juntadeandalucia.es","web":null,"etapas":"EI","fuente":"junta_andalucia","confianza":"alta"}},{"type":"Feature","geometry":{"type":"Point","coordinates":[-6.17297128479472,36.5245847847247]},"properties":{"id":"57072f0bbd89c61b","tipo":"colegio_publico","nombre":"Escuela Infantil El Camaleón","direccion":"C/ Tierra y Libertad, 8","municipio":"Puerto Real","provincia":"Cádiz","cp":"11510","telefono":"956567305","email":"11012589.edu@juntadeandalucia.es; direccion@escuelainfantilcamaleon.es","web":null,"etapas":"EI","fuente":"junta_andalucia","confianza":"alta"}},{"type":"Feature","geometry":{"type":"Point","coordinates":[-5.45172165401402,36.1566839332714]},"properties":{"id":"00d57ba073171c2e","tipo":"colegio_privado","nombre":"Centro autorizado de Enseñanzas Deportivas Los Pinos","direccion":"Urb. C/ Tamarindo s/n, Colonia San Miguel","municipio":"Algeciras","provincia":"Cádiz","cp":null,"telefono":"956639451","email":"colegiolospinos@colegiolospinos.eu","web":null,"etapas":"DEP","fuente":"junta_andalucia","confianza":"alta"}},{"type":"Feature","geometry":{"type":"Point","coordinates":[-6.35345784666338,36.7674316183524]},"properties":{"id":"828a464302982de5","tipo":"guarderia","nombre":"Centro de Educación Infantil Mickey","direccion":"C/ Caña, 19. Urbanización La Dehesilla","municipio":"Sanlúcar de Barrameda","provincia":"Cádiz","cp":"11540","telefono":"654476178","email":"marilomoralesperez@gmail.com","web":null,"etapas":"EI","fuente":"junta_andalucia","confianza":"alta"}},{"type":"Feature","geometry":{"type":"Point","coordinates":[-6.127407769133366,36.691016953987464]},"properties":{"id":"01a8820ef3ad4653","tipo":"guarderia","nombre":"Centro de Educación Infantil El Golfillo 2","direccion":"C/ Martín Ferrador, 6","municipio":"Jerez de la Frontera","provincia":"Cádiz","cp":"11405","telefono":"956300768","email":"guarderiainfantilelgolfillo@hotmail.com;luisgallegosen@hotmail.com","web":null,"etapas":"EI","fuente":"junta_andalucia","confianza":"alta"}},{"type":"Feature","geometry":{"type":"Point","coordinates":[-6.211290419344375,36.45470426814778]},"properties":{"id":"024b154b3bd9e9f7","tipo":"guarderia","nombre":"Centro de Educación Infantil El Jardín","direccion":"C/ Luis Milena, 14","municipio":"San Fernando","provincia":"Cádiz","cp":"11100","telefono":"856040179","email":"eljardincadiz@hotmail.com","web":null,"etapas":"EI","fuente":"junta_andalucia","confianza":"alta"}},{"type":"Feature","geometry":{"type":"Point","coordinates":[-5.30248238994598,36.2984359852688]},"properties":{"id":"c2acace82f566e8e","tipo":"colegio_publico","nombre":"Escuela Infantil Puente de Hierro","direccion":"Avda. Mediterráneo, s/n","municipio":"San Roque","provincia":"Cádiz","cp":"11311","telefono":"687531965","email":"11012632.edu@juntadeandalucia.es ; eipuentedehierroguadiaro@gmail.com","web":null,"etapas":"EI","fuente":"junta_andalucia","confianza":"alta"}},{"type":"Feature","geometry":{"type":"Point","coordinates":[-6.22172075549938,36.6067629932199]},"properties":{"id":"22dc478ae5d201e4","tipo":"guarderia","nombre":"Centro de Educación Infantil La luna","direccion":"Ctra. El Puerto de Santa María-Sanlúcar, km. 5,5. Factoria Airbus Military","municipio":"El Puerto de Santa María","provincia":"Cádiz","cp":"11500","telefono":"856836701","email":"eiluna@workandlife.com","web":null,"etapas":"EI","fuente":"junta_andalucia","confianza":"alta"}},{"type":"Feature","geometry":{"type":"Point","coordinates":[-6.34916086464255,36.7820124532239]},"properties":{"id":"45ab192703d3039b","tipo":"colegio_privado","nombre":"Centro Docente Privado La Salle San Francisco","direccion":"C/ del Ángel, 1-A","municipio":"Sanlúcar de Barrameda","provincia":"Cádiz","cp":"11540","telefono":"956360126","email":null,"web":null,"etapas":"EI","fuente":"junta_andalucia","confianza":"alta"}},{"type":"Feature","geometry":{"type":"Point","coordinates":[-6.13537080197893,36.7058487996776]},"properties":{"id":"77098d8409b66d3c","tipo":"guarderia","nombre":"Centro de Educación Infantil Montealto","direccion":"Avda. Carrascal, 34","municipio":"Jerez de la Frontera","provincia":"Cádiz","cp":"11407","telefono":"956305772","email":"11012668.edu@juntadeandalucia.es","web":null,"etapas":"EI","fuente":"junta_andalucia","confianza":"alta"}},{"type":"Feature","geometry":{"type":"Point","coordinates":[-6.19798069280684,36.459840279614]},"properties":{"id":"0ad28e647f7437ac","tipo":"guarderia","nombre":"Centro de Educación Infantil El ángel de mi guarda","direccion":"C/ Lope de Vega, 39","municipio":"San Fernando","provincia":"Cádiz","cp":"11100","telefono":"669111127","email":"ceiangeldemiguarda@gmail.com","web":null,"etapas":"EI","fuente":"junta_andalucia","confianza":"alta"}},{"type":"Feature","geometry":{"type":"Point","coordinates":[-6.25774840694578,36.582473070419844]},"properties":{"id":"f15da85d847104e7","tipo":"colegio_privado","nombre":"Centro autorizado de Enseñanzas Deportivas Centro de Formación de Técnicos de Vela Bahía de Cádiz","direccion":"Avda. de la Libertad, s/n","municipio":"El Puerto de Santa María","provincia":"Cádiz","cp":"11500","telefono":"956852239","email":"formacion@fav.es","web":null,"etapas":"DEP","fuente":"junta_andalucia","confianza":"alta"}},{"type":"Feature","geometry":{"type":"Point","coordinates":[-6.11119181999794,36.6859442696956]},"properties":{"id":"32b4f5c84f94b06a","tipo":"guarderia","nombre":"Centro de Educación Infantil Pequeños pasitos","direccion":"C/ Abderramán, 16","municipio":"Jerez de la Frontera","provincia":"Cádiz","cp":"11406","telefono":"620565686","email":"monika.valenzuelatrigueros@gmail.com","web":null,"etapas":"EI","fuente":"junta_andalucia","confianza":"alta"}},{"type":"Feature","geometry":{"type":"Point","coordinates":[-6.14756363669588,36.4114199727762]},"properties":{"id":"7b9414c938b2a2d6","tipo":"guarderia","nombre":"Centro de Educación Infantil Timón","direccion":"C/ Granada, s/n","municipio":"Chiclana de la Frontera","provincia":"Cádiz","cp":"11130","telefono":"637310432","email":"11012723.edu@juntadeandalucia.es","web":null,"etapas":"EI","fuente":"junta_andalucia","confianza":"alta"}},{"type":"Feature","geometry":{"type":"Point","coordinates":[-5.64947145889802,36.865256057793]},"properties":{"id":"2dd43801ddc4e3ff","tipo":"colegio_publico","nombre":"Escuela Infantil Matrera","direccion":"Parcel P.7 del Sector SAU Prado del Guadalete","municipio":"Villamartín","provincia":"Cádiz","cp":"11650","telefono":"693769938","email":"11012735.edu@juntadeandalucia.es","web":null,"etapas":"EI","fuente":"junta_andalucia","confianza":"alta"}},{"type":"Feature","geometry":{"type":"Point","coordinates":[-6.28562493735218,36.525412859428]},"properties":{"id":"1064a79d10ec49e8","tipo":"guarderia","nombre":"Centro de Educación Infantil Bahía Blanca","direccion":"C/ Tamarindos, 14 bajo","municipio":"Cádiz","provincia":"Cádiz","cp":"11007","telefono":"956256906","email":"guarderia.bahiablanca@gmail.com","web":null,"etapas":"EI","fuente":"junta_andalucia","confianza":"alta"}},{"type":"Feature","geometry":{"type":"Point","coordinates":[-6.218637600170041,36.61078687688655]},"properties":{"id":"17bed7cd57344013","tipo":"guarderia","nombre":"Centro de Educación Infantil La Guarde","direccion":"C/ de la Seguidilla, s/n","municipio":"El Puerto de Santa María","provincia":"Cádiz","cp":"11500","telefono":"856582734","email":"laguardecei@gmail.com","web":null,"etapas":"EI","fuente":"junta_andalucia","confianza":"alta"}},{"type":"Feature","geometry":{"type":"Point","coordinates":[-5.74689343732181,36.8138650732495]},"properties":{"id":"f0d0afacafaf7179","tipo":"colegio_publico","nombre":"Escuela Infantil El Lago","direccion":"C/ Olivo, s/n","municipio":"Bornos","provincia":"Cádiz","cp":"11640","telefono":"956712269","email":"marina.gonzalez.morales@bornos.es","web":null,"etapas":"EI","fuente":"junta_andalucia","confianza":"alta"}},{"type":"Feature","geometry":{"type":"Point","coordinates":[-6.12956967598136,36.7055793906786]},"properties":{"id":"a15c31641415bb8c","tipo":"guarderia","nombre":"Centro de Educación Infantil Bambú","direccion":"Plaza de la Albahaca, 3","municipio":"Jerez de la Frontera","provincia":"Cádiz","cp":"11407","telefono":"609622797","email":"11012802.edu@juntadeandalucia.es","web":null,"etapas":"EI","fuente":"junta_andalucia","confianza":"alta"}},{"type":"Feature","geometry":{"type":"Point","coordinates":[-6.11953433699893,36.6803818038471]},"properties":{"id":"e7a729b12f0014c5","tipo":"guarderia","nombre":"Centro de Educación Infantil El Sonajero","direccion":"Bda. Ciudasol, s/n","municipio":"Jerez de la Frontera","provincia":"Cádiz","cp":"11405","telefono":"658919586","email":"majepa@hotmail.es","web":null,"etapas":"EI","fuente":"junta_andalucia","confianza":"alta"}},{"type":"Feature","geometry":{"type":"Point","coordinates":[-6.35474532319235,36.7827120824259]},"properties":{"id":"e3ea482db7f38b15","tipo":"guarderia","nombre":"Centro de Educación Infantil Bambi","direccion":"C/ Ramón Menéndez Pidal, 1","municipio":"Sanlúcar de Barrameda","provincia":"Cádiz","cp":"11540","telefono":"610699503","email":"fernandezreymariajose@gmail.com","web":null,"etapas":"EI","fuente":"junta_andalucia","confianza":"alta"}},{"type":"Feature","geometry":{"type":"Point","coordinates":[-5.39588207603975,36.2100766164854]},"properties":{"id":"f7cb6dd0a32a06d1","tipo":"colegio_publico","nombre":"Escuela Infantil Nelson Mandela","direccion":"C/ Alberto Casañal, s/n","municipio":"San Roque","provincia":"Cádiz","cp":"11360","telefono":"956799770","email":"11012838.edu@juntadeandalucia.es","web":null,"etapas":"EI","fuente":"junta_andalucia","confianza":"alta"}},{"type":"Feature","geometry":{"type":"Point","coordinates":[-6.13658407741947,36.4216236803092]},"properties":{"id":"5bcbe8440f36ad4a","tipo":"guarderia","nombre":"Centro de Educación Infantil La Eureka","direccion":"C/ Mallorca, 4","municipio":"Chiclana de la Frontera","provincia":"Cádiz","cp":"11130","telefono":"609637140","email":"ceilaeureka@hotmail.com; isabelrodriguez42@hotmail.com","web":null,"etapas":"EI","fuente":"junta_andalucia","confianza":"alta"}},{"type":"Feature","geometry":{"type":"Point","coordinates":[-6.13418757497956,36.7054033836804]},"properties":{"id":"790d73e5fd077caf","tipo":"guarderia","nombre":"Centro de Educación Infantil Montealto II","direccion":"C/ Tilo, 11. Urbanización Montealto","municipio":"Jerez de la Frontera","provincia":"Cádiz","cp":"11407","telefono":"691625611","email":"11012851.edu@juntadeandalucia.es","web":null,"etapas":"EI","fuente":"junta_andalucia","confianza":"alta"}},{"type":"Feature","geometry":{"type":"Point","coordinates":[-6.17915603653501,36.5264340501238]},"properties":{"id":"44dcd2fdc8bac98b","tipo":"colegio_publico","nombre":"Escuela Infantil Elvira Lindo","direccion":"C/ Vejer, s/n","municipio":"Puerto Real","provincia":"Cádiz","cp":"11510","telefono":"671566587","email":"11012863.edu@juntadeandalucia.es","web":null,"etapas":"EI","fuente":"junta_andalucia","confianza":"alta"}},{"type":"Feature","geometry":{"type":"Point","coordinates":[-6.124945852737483,36.68875709896686]},"properties":{"id":"6f753bd9a4dba446","tipo":"guarderia","nombre":"Centro de Educación Infantil El Nido","direccion":"C/ Bruselas, 16","municipio":"Jerez de la Frontera","provincia":"Cádiz","cp":"11405","telefono":"956339624","email":"11012875.edu@juntadeandalucia.es","web":null,"etapas":"EI","fuente":"junta_andalucia","confianza":"alta"}},{"type":"Feature","geometry":{"type":"Point","coordinates":[-5.460646416406689,36.112132542715806]},"properties":{"id":"1818f9ac106ad1e2","tipo":"guarderia","nombre":"Centro de Educación Infantil Pasitos","direccion":"C/ del Trabajo, 24","municipio":"Algeciras","provincia":"Cádiz","cp":"11206","telefono":"678961725","email":"11012887.pasitos.edu@juntadeandalucia.es","web":null,"etapas":"EI","fuente":"junta_andalucia","confianza":"alta"}},{"type":"Feature","geometry":{"type":"Point","coordinates":[-6.28507896946572,36.5222137801236]},"properties":{"id":"3f5a028ffc67785a","tipo":"guarderia","nombre":"Centro de Educación Infantil Mi Pequeña Lulú","direccion":"C/ Ecuador, 2, bajo","municipio":"Cádiz","provincia":"Cádiz","cp":"11007","telefono":"956971231","email":"mi.peque.lulu.sei@gmail.com","web":null,"etapas":"EI","fuente":"junta_andalucia","confianza":"alta"}},{"type":"Feature","geometry":{"type":"Point","coordinates":[-5.44979011915838,36.1526550539888]},"properties":{"id":"7131f33622cb9e76","tipo":"guarderia","nombre":"Centro de Educación Infantil El Patio de mi Casa","direccion":"C/ Camino de la ermita, s/n","municipio":"Algeciras","provincia":"Cádiz","cp":"11205","telefono":"661546429","email":"guardepatiodemicasa@gmail.com","web":null,"etapas":"EI","fuente":"junta_andalucia","confianza":"alta"}},{"type":"Feature","geometry":{"type":"Point","coordinates":[-6.2054212483208175,36.6271627105031]},"properties":{"id":"3f24ec55152ca216","tipo":"guarderia","nombre":"Centro de Educación Infantil Maju","direccion":"C/ Pajar, 10. Urb. Vallealto","municipio":"El Puerto de Santa María","provincia":"Cádiz","cp":"11500","telefono":"690109662","email":"maju_jardinderecreoinfantil@hotmail.com","web":null,"etapas":"EI","fuente":"junta_andalucia","confianza":"alta"}},{"type":"Feature","geometry":{"type":"Point","coordinates":[-6.12003874760834,36.6739752589696]},"properties":{"id":"650675092b84ff93","tipo":"guarderia","nombre":"Centro de Educación Infantil Baby Ilusiones","direccion":"C/ Amadeo Vives, 9","municipio":"Jerez de la Frontera","provincia":"Cádiz","cp":"11406","telefono":"620565686","email":"centroinfantilbabyilusiones@gmail.com","web":null,"etapas":"EI","fuente":"junta_andalucia","confianza":"alta"}},{"type":"Feature","geometry":{"type":"Point","coordinates":[-6.13405742428247,36.7051792635532]},"properties":{"id":"50a60fb3c73b07d4","tipo":"guarderia","nombre":"Centro de Educación Infantil Colorines' House","direccion":"C/ Tilo, 164 Montealto","municipio":"Jerez de la Frontera","provincia":"Cádiz","cp":"11407","telefono":"633045154","email":"11012930.edu@juntadeandalucia.es","web":null,"etapas":"EI","fuente":"junta_andalucia","confianza":"alta"}},{"type":"Feature","geometry":{"type":"Point","coordinates":[-6.15198603434769,36.4176633171295]},"properties":{"id":"e527a1f82e1f2030","tipo":"guarderia","nombre":"Centro de Educación Infantil Fantasía","direccion":"C/ Gustavo Adolfo Bécquer, 26","municipio":"Chiclana de la Frontera","provincia":"Cádiz","cp":"11130","telefono":"616947447","email":"11012942.edu@juntadeandalucia.es","web":null,"etapas":"EI","fuente":"junta_andalucia","confianza":"alta"}},{"type":"Feature","geometry":{"type":"Point","coordinates":[-6.147808605648606,36.66626225703496]},"properties":{"id":"e8105c360a4b31d0","tipo":"guarderia","nombre":"Centro de Educación Infantil Educa","direccion":"Avda. de Francia, 20","municipio":"Jerez de la Frontera","provincia":"Cádiz","cp":"11408","telefono":"605927163","email":"centroinfantileduca@gmail.com","web":null,"etapas":"EI","fuente":"junta_andalucia","confianza":"alta"}},{"type":"Feature","geometry":{"type":"Point","coordinates":[-6.36376067931925,36.7804848276554]},"properties":{"id":"400d3ce6741d6f7d","tipo":"guarderia","nombre":"Centro de Educación Infantil Érase una vez...","direccion":"C/ Fernando de Magallanes, 41","municipio":"Sanlúcar de Barrameda","provincia":"Cádiz","cp":"11540","telefono":"658847814","email":"eraseunavez.cei.sanlucar@gmail.com","web":null,"etapas":"EI","fuente":"junta_andalucia","confianza":"alta"}},{"type":"Feature","geometry":{"type":"Point","coordinates":[-6.2317642020431,36.605065933999]},"properties":{"id":"c1646efbe7dd772e","tipo":"colegio_privado","nombre":"Centro Docente Privado DXT El Puerto","direccion":"C/ Tren de Rota, local 14","municipio":"El Puerto de Santa María","provincia":"Cádiz","cp":"11500","telefono":"954578450","email":"administracion@dxtformaciondeportiva.es","web":null,"etapas":null,"fuente":"junta_andalucia","confianza":"alta"}},{"type":"Feature","geometry":{"type":"Point","coordinates":[-5.447164595207823,36.15730152308672]},"properties":{"id":"051a462886494690","tipo":"guarderia","nombre":"Centro de Educación Infantil Los Guardianes","direccion":"Avda. Diputación, 50","municipio":"Algeciras","provincia":"Cádiz","cp":"11205","telefono":"655264897","email":"candi.mar@hotmail.com","web":null,"etapas":"EI","fuente":"junta_andalucia","confianza":"alta"}},{"type":"Feature","geometry":{"type":"Point","coordinates":[-6.28219136,36.51515841]},"properties":{"id":"add2b9db5da3b2fa","tipo":"colegio_privado","nombre":"Centro Docente Privado Esyde Cádiz","direccion":"Avda. Andalucía, 82","municipio":"Cádiz","provincia":"Cádiz","cp":"11008","telefono":"659788185","email":"info@esyde.es","web":null,"etapas":null,"fuente":"junta_andalucia","confianza":"alta"}},{"type":"Feature","geometry":{"type":"Point","coordinates":[-6.14006531048868,36.7021774116443]},"properties":{"id":"3ca102187d18bca3","tipo":"colegio_privado","nombre":"Centro Docente Privado Albor Cádiz","direccion":"Avda. Ingeniero Ángel Mayo, 20","municipio":"Jerez de la Frontera","provincia":"Cádiz","cp":"11407","telefono":"956304050","email":"secretaria@alborcadiz.com","web":null,"etapas":null,"fuente":"junta_andalucia","confianza":"alta"}},{"type":"Feature","geometry":{"type":"Point","coordinates":[-6.2941609229096,36.529106661365]},"properties":{"id":"e3071d8493f04718","tipo":"colegio_privado","nombre":"Centro Docente Privado Centro de Estudios Superiores Juan Pablo II- Cádiz","direccion":"C/ Obispo José María Rancés, 1","municipio":"Cádiz","provincia":"Cádiz","cp":"11005","telefono":"640278595","email":"secretaria@cesjuanpablosegundocadiz.es","web":null,"etapas":null,"fuente":"junta_andalucia","confianza":"alta"}},{"type":"Feature","geometry":{"type":"Point","coordinates":[-5.92936923713057,36.7220838345863]},"properties":{"id":"a3f6d27fb59c0812","tipo":"colegio_publico","nombre":"Escuela Infantil Jeduz","direccion":"C/ Encina, s/n","municipio":"Arcos de la Frontera","provincia":"Cádiz","cp":"11620","telefono":"656302608","email":"11013041.edu@juntadeandalucia.es     eimberenguer@mmsierradecadiz.org","web":null,"etapas":"EI","fuente":"junta_andalucia","confianza":"alta"}},{"type":"Feature","geometry":{"type":"Point","coordinates":[-6.1131612929144,36.6872675701227]},"properties":{"id":"97462ac7d315eeb8","tipo":"guarderia","nombre":"Centro de Educación Infantil Pequeño Pony","direccion":"C/ Nuestra Señora de la \"O\", 46","municipio":"Jerez de la Frontera","provincia":"Cádiz","cp":"11406","telefono":"665844342","email":"11013053.edu@juntadeandalucia.es","web":null,"etapas":"EI","fuente":"junta_andalucia","confianza":"alta"}},{"type":"Feature","geometry":{"type":"Point","coordinates":[-6.085123033632499,36.282512569801604]},"properties":{"id":"e4097da80f5bd28d","tipo":"guarderia","nombre":"Centro de Educación Infantil Aupa","direccion":"C/ Jesús Nazareno, 15","municipio":"Conil de la Frontera","provincia":"Cádiz","cp":"11140","telefono":"617015479","email":"11013077.edu@juntadeandalucia.es","web":null,"etapas":"EI","fuente":"junta_andalucia","confianza":"alta"}},{"type":"Feature","geometry":{"type":"Point","coordinates":[-6.130663749801329,36.676532274206465]},"properties":{"id":"0440575bfa9df778","tipo":"guarderia","nombre":"Centro de Educación Infantil La Ardilla Pilla","direccion":"C/ Leones, 8","municipio":"Jerez de la Frontera","provincia":"Cádiz","cp":"11401","telefono":"620565686","email":"monika.valenzuelatrigueros@gmail.com","web":null,"etapas":"EI","fuente":"junta_andalucia","confianza":"alta"}},{"type":"Feature","geometry":{"type":"Point","coordinates":[-6.12213557592056,36.707044446132]},"properties":{"id":"550147471cfb9a40","tipo":"colegio_privado","nombre":"Centro autorizado de Enseñanzas Deportivas Alpende","direccion":"C/ Santiago de Chile, s/n","municipio":"Jerez de la Frontera","provincia":"Cádiz","cp":"11407","telefono":"616689088","email":"info@ganaderiaalpende.es","web":null,"etapas":"DEP","fuente":"junta_andalucia","confianza":"alta"}},{"type":"Feature","geometry":{"type":"Point","coordinates":[-6.133151633764939,36.705146452532006]},"properties":{"id":"7ae8f2d6738bdcb3","tipo":"guarderia","nombre":"Centro de Educación Infantil Sol y Luna Escuela Infantil Jerez","direccion":"Avda. María Auxiliadora, 16","municipio":"Jerez de la Frontera","provincia":"Cádiz","cp":"11407","telefono":"679697753","email":"info@solylunajerez.es","web":null,"etapas":"EI","fuente":"junta_andalucia","confianza":"alta"}},{"type":"Feature","geometry":{"type":"Point","coordinates":[-6.28372768208306,36.5164329209057]},"properties":{"id":"65b6af679cb9ec7f","tipo":"guarderia","nombre":"Centro de Educación Infantil Maín","direccion":"C/ Gabriel Matute, s/n","municipio":"Cádiz","provincia":"Cádiz","cp":"11008","telefono":"956251607","email":"titularcadiz@salesianas.org","web":null,"etapas":"EI","fuente":"junta_andalucia","confianza":"alta"}},{"type":"Feature","geometry":{"type":"Point","coordinates":[-6.1350508308651115,36.70391194583427]},"properties":{"id":"3b71d87ce5a39adc","tipo":"guarderia","nombre":"Centro de Educación Infantil Veo Veo","direccion":"Avda. Limonar, 8, Montealto","municipio":"Jerez de la Frontera","provincia":"Cádiz","cp":"11407","telefono":"856153545","email":"11013120.edu@juntadeandalucia.es","web":null,"etapas":"EI","fuente":"junta_andalucia","confianza":"alta"}},{"type":"Feature","geometry":{"type":"Point","coordinates":[-6.20962732366446,36.6164172794691]},"properties":{"id":"50df423a881fb829","tipo":"colegio_privado","nombre":"Centro Docente Privado Deporocio Institute","direccion":"C/ El Palmar, 4C","municipio":"El Puerto de Santa María","provincia":"Cádiz","cp":"11500","telefono":"611072455","email":"a.gallego@deporocioinstitute.com","web":null,"etapas":null,"fuente":"junta_andalucia","confianza":"alta"}},{"type":"Feature","geometry":{"type":"Point","coordinates":[-5.46373637748631,36.1573961962852]},"properties":{"id":"c30278ced2bedd51","tipo":"guarderia","nombre":"Centro de Educación Infantil A'TETE","direccion":"C/ Quejigos, 12B","municipio":"Algeciras","provincia":"Cádiz","cp":"11205","telefono":"657907153","email":"centroinfantilatete@gmail.com","web":null,"etapas":"EI","fuente":"junta_andalucia","confianza":"alta"}},{"type":"Feature","geometry":{"type":"Point","coordinates":[-6.15057072335566,36.6665137688522]},"properties":{"id":"5d072bb003727842","tipo":"guarderia","nombre":"Centro de Educación Infantil Luna de Caramelo","direccion":"Avda. de Italia, 44","municipio":"Jerez de la Frontera","provincia":"Cádiz","cp":"11408","telefono":"956143223","email":"guarderia@lunadecaramelo.com","web":null,"etapas":"EI","fuente":"junta_andalucia","confianza":"alta"}},{"type":"Feature","geometry":{"type":"Point","coordinates":[-5.812851696901163,36.75625171755511]},"properties":{"id":"e17a8ef4408001cb","tipo":"guarderia","nombre":"Centro de Educación Infantil Peque Aventuras","direccion":"C/ Benito Zambrano, 1, local 13","municipio":"Arcos de la Frontera","provincia":"Cádiz","cp":"11630","telefono":"620565686","email":"11013193.edu@juntadeandalucia.es","web":null,"etapas":"EI","fuente":"junta_andalucia","confianza":"alta"}},{"type":"Feature","geometry":{"type":"Point","coordinates":[-6.11683720318696,36.6926179699544]},"properties":{"id":"7452de04922309db","tipo":"colegio_privado","nombre":"Centro Docente Privado Medac Jerez","direccion":"Avda. Lola Flores, s/n","municipio":"Jerez de la Frontera","provincia":"Cádiz","cp":"11405","telefono":null,"email":"cadiz.jerez@medac.es","web":null,"etapas":null,"fuente":"junta_andalucia","confianza":"alta"}},{"type":"Feature","geometry":{"type":"Point","coordinates":[-5.45189625782265,36.1325646544866]},"properties":{"id":"19d7b6f482a2dc56","tipo":"colegio_privado","nombre":"Centro Docente Privado Educasalud","direccion":"Avda. Blas Infante, s/n. Edificio comercial Plaza Andalucía","municipio":"Algeciras","provincia":"Cádiz","cp":"11201","telefono":"956665109","email":"direccion@educasalud.es","web":null,"etapas":null,"fuente":"junta_andalucia","confianza":"alta"}},{"type":"Feature","geometry":{"type":"Point","coordinates":[-6.34165962096283,36.775602466777926]},"properties":{"id":"b31f05ea5feb68b1","tipo":"guarderia","nombre":"Centro de Educación Infantil Arcoiris","direccion":"C/ José Rodríguez del Moral, 31","municipio":"Sanlúcar de Barrameda","provincia":"Cádiz","cp":"11540","telefono":"646504217","email":"arcoirisrocio26@gmail.com","web":null,"etapas":"EI","fuente":"junta_andalucia","confianza":"alta"}},{"type":"Feature","geometry":{"type":"Point","coordinates":[-5.445548722203171,36.187451867040814]},"properties":{"id":"acb6487606be07c8","tipo":"guarderia","nombre":"Centro de Educación Infantil Garabatines","direccion":"C/ Turina, 46","municipio":"Los Barrios","provincia":"Cádiz","cp":"11379","telefono":"699880144","email":"11013247.edu@juntadeandalucia.es","web":null,"etapas":"EI","fuente":"junta_andalucia","confianza":"alta"}},{"type":"Feature","geometry":{"type":"Point","coordinates":[-6.3367618071433,36.7978850271893]},"properties":{"id":"d1e66ceb230e5bdb","tipo":"guarderia","nombre":"Centro de Educación Infantil Fernando de  Magallanes","direccion":"Avda. de Huelva, esquina C/ Astilleros","municipio":"Sanlúcar de Barrameda","provincia":"Cádiz","cp":"11540","telefono":"856620113","email":"ceimagallanes@afanas.es","web":null,"etapas":"EI","fuente":"junta_andalucia","confianza":"alta"}},{"type":"Feature","geometry":{"type":"Point","coordinates":[-5.45460082788438,36.1460447128747]},"properties":{"id":"97226ac537a79579","tipo":"guarderia","nombre":"Centro de Educación Infantil El Reino de Nana","direccion":"C/ Mimosas, s/n. edificio Reyes, Local 1.","municipio":"Algeciras","provincia":"Cádiz","cp":"11205","telefono":"856159704","email":"elsantovalle@gmail.com","web":null,"etapas":"EI","fuente":"junta_andalucia","confianza":"alta"}},{"type":"Feature","geometry":{"type":"Point","coordinates":[-5.44952280390112,36.1072543928879]},"properties":{"id":"e9a3b9dd28e4c959","tipo":"guarderia","nombre":"Centro de Educación Infantil Mauxi","direccion":"C/ Torre de San García, 2","municipio":"Algeciras","provincia":"Cádiz","cp":"11207","telefono":"630542598","email":"info@mauxi.es","web":null,"etapas":"EI","fuente":"junta_andalucia","confianza":"alta"}},{"type":"Feature","geometry":{"type":"Point","coordinates":[-5.8191607997992,36.7583092659011]},"properties":{"id":"49095a4d6a6bfb41","tipo":"guarderia","nombre":"Centro de Educación Infantil Virgen del Carmen","direccion":"C/ Jorge Guillén, 2","municipio":"Arcos de la Frontera","provincia":"Cádiz","cp":"11630","telefono":"692165344","email":"gerencia@cei-virgendelcarmen.es","web":null,"etapas":"EI","fuente":"junta_andalucia","confianza":"alta"}},{"type":"Feature","geometry":{"type":"Point","coordinates":[-5.44791499439295,36.1188105881857]},"properties":{"id":"167af989507bfdaf","tipo":"colegio_publico","nombre":"Escuela Infantil Isabel Benítez Aranega","direccion":"C/ Antonio Machado, s/n","municipio":"Algeciras","provincia":"Cádiz","cp":"11207","telefono":"611064145","email":"elsaladillo@megadiver.es2administracion@megadiver.es","web":null,"etapas":"EI","fuente":"junta_andalucia","confianza":"alta"}},{"type":"Feature","geometry":{"type":"Point","coordinates":[-6.33640244361404,36.7998541999876]},"properties":{"id":"56b3d090ecc29077","tipo":"guarderia","nombre":"Centro de Educación Infantil Canguro","direccion":"Avda. Puerto Barrameda, Local 4-6","municipio":"Sanlúcar de Barrameda","provincia":"Cádiz","cp":"11540","telefono":"633114322","email":"11013314.edu@juntadeandalucia.com","web":null,"etapas":"EI","fuente":"junta_andalucia","confianza":"alta"}},{"type":"Feature","geometry":{"type":"Point","coordinates":[-5.44763634714511,36.1356793214568]},"properties":{"id":"97fe0e4645ba384c","tipo":"guarderia","nombre":"Centro de Educación Infantil Baby Planet","direccion":"Avda. Capitán Ontañón, Edificio Plaza Mayor, Bajo, Portal 7","municipio":"Algeciras","provincia":"Cádiz","cp":"11207","telefono":"655172784","email":"info@centroinfantilbabyplanet.es","web":null,"etapas":"EI","fuente":"junta_andalucia","confianza":"alta"}},{"type":"Feature","geometry":{"type":"Point","coordinates":[-5.3526356856467,36.1722631350794]},"properties":{"id":"9cc3d04c7f4535e5","tipo":"guarderia","nombre":"Centro de Educación Infantil Lacasitos","direccion":"C/ Alcazar, 21","municipio":"La Línea de la Concepción","provincia":"Cádiz","cp":"11300","telefono":"639846981","email":"guardelacasitos@gmail.com","web":null,"etapas":"EI","fuente":"junta_andalucia","confianza":"alta"}},{"type":"Feature","geometry":{"type":"Point","coordinates":[-6.34564976660832,36.7700572022492]},"properties":{"id":"3c84521058f4ca8d","tipo":"guarderia","nombre":"Centro de Educación Infantil El jardín de los sueños","direccion":"Avda. de Trebujena, 2 (Edificio Avenida), Local 2","municipio":"Sanlúcar de Barrameda","provincia":"Cádiz","cp":"11540","telefono":"625833482","email":"c.e.i.eljardindelossuenos@outlook.com; info@drytec.es","web":null,"etapas":"EI","fuente":"junta_andalucia","confianza":"alta"}},{"type":"Feature","geometry":{"type":"Point","coordinates":[-5.44701880521167,36.1589061572051]},"properties":{"id":"8d192ec463dd077b","tipo":"guarderia","nombre":"Centro de Educación Infantil Cocó","direccion":"Ctra. de la Mediana, 4","municipio":"Algeciras","provincia":"Cádiz","cp":"11205","telefono":"678224733","email":"cocomontessori@outlook.es","web":null,"etapas":"EI","fuente":"junta_andalucia","confianza":"alta"}},{"type":"Feature","geometry":{"type":"Point","coordinates":[-6.3550480012861,36.7656805575834]},"properties":{"id":"1442b6ad502f4e3d","tipo":"guarderia","nombre":"Centro de Educación Infantil La oca","direccion":"C/ Salamanca, 8","municipio":"Sanlúcar de Barrameda","provincia":"Cádiz","cp":"11540","telefono":"605101240","email":"rakelaoca@hotmail.com","web":null,"etapas":"EI","fuente":"junta_andalucia","confianza":"alta"}},{"type":"Feature","geometry":{"type":"Point","coordinates":[-5.437711638999929,36.108220104000054]},"properties":{"id":"20988de3bfe07167","tipo":"guarderia","nombre":"Centro de Educación Infantil Attendis Preschool Puertoblanco","direccion":"C/ Goleta, s/n, San García","municipio":"Algeciras","provincia":"Cádiz","cp":"11207","telefono":"600062693","email":"algeciras@attendispreschool.com","web":null,"etapas":"EI","fuente":"junta_andalucia","confianza":"alta"}},{"type":"Feature","geometry":{"type":"Point","coordinates":[-6.33871459891595,36.7775399294055]},"properties":{"id":"d67bb53c0c559948","tipo":"guarderia","nombre":"Centro de Educación Infantil Mi pequeño mundo","direccion":"C/ Marchena, 9, A","municipio":"Sanlúcar de Barrameda","provincia":"Cádiz","cp":"11540","telefono":"722745346","email":"anacristinasanchezbarea@hotmail.com ; direccion.11013399@hotmail.com","web":null,"etapas":"EI","fuente":"junta_andalucia","confianza":"alta"}},{"type":"Feature","geometry":{"type":"Point","coordinates":[-6.34433840609612,36.7842819652557]},"properties":{"id":"7fb4f4a6a0d2265a","tipo":"guarderia","nombre":"Centro de Educación Infantil El Pino","direccion":"Avda. San Francisco, 58-60","municipio":"Sanlúcar de Barrameda","provincia":"Cádiz","cp":"11540","telefono":"640078952","email":"11013417.edu@juntadeandalucia.es","web":null,"etapas":"EI","fuente":"junta_andalucia","confianza":"alta"}},{"type":"Feature","geometry":{"type":"Point","coordinates":[-5.48760021446142,36.1819619285937]},"properties":{"id":"ac21bd2a4042e67d","tipo":"guarderia","nombre":"Centro de Educación Infantil Cucú","direccion":"C/ Las Rosas, 3","municipio":"Los Barrios","provincia":"Cádiz","cp":"11370","telefono":"956622968","email":"rafael_mari040688@hotmail.com","web":null,"etapas":"EI","fuente":"junta_andalucia","confianza":"alta"}},{"type":"Feature","geometry":{"type":"Point","coordinates":[-6.14753537958855,36.413833446065]},"properties":{"id":"04c5ab7e495bf2ff","tipo":"guarderia","nombre":"Centro de Educación Infantil El Escondite","direccion":"C/ Octava, s/n","municipio":"Chiclana de la Frontera","provincia":"Cádiz","cp":"11130","telefono":"603144306","email":"eielescondite.mgv@gmail.com","web":null,"etapas":"EI","fuente":"junta_andalucia","confianza":"alta"}},{"type":"Feature","geometry":{"type":"Point","coordinates":[-6.112251745300288,36.69041000949481]},"properties":{"id":"64ec2cb05590ce4c","tipo":"colegio_privado","nombre":"Centro Docente Privado Medac Flores","direccion":"C/ Napoles, 1","municipio":"Jerez de la Frontera","provincia":"Cádiz","cp":"11405","telefono":"856564559","email":"cadiz.flores@medac.es","web":null,"etapas":null,"fuente":"junta_andalucia","confianza":"alta"}},{"type":"Feature","geometry":{"type":"Point","coordinates":[-6.1184524521147505,36.678290127258805]},"properties":{"id":"c6dac086c02ba174","tipo":"guarderia","nombre":"Centro de Educación Infantil Nazaret","direccion":"Avda. Nazaret, 19","municipio":"Jerez de la Frontera","provincia":"Cádiz","cp":"11406","telefono":null,"email":"direccion@clubnazaret.org","web":null,"etapas":"EI","fuente":"junta_andalucia","confianza":"alta"}},{"type":"Feature","geometry":{"type":"Point","coordinates":[-5.452229366999916,36.158481547000065]},"properties":{"id":"75eb7d897d4fb7cc","tipo":"guarderia","nombre":"Centro de Educación Infantil Jardilín","direccion":"C/ Cóndor, 1","municipio":"Algeciras","provincia":"Cádiz","cp":"11205","telefono":null,"email":"jardilin@guarderiajardilin.com","web":null,"etapas":"EI","fuente":"junta_andalucia","confianza":"alta"}},{"type":"Feature","geometry":{"type":"Point","coordinates":[-6.285239401826045,36.519395135534694]},"properties":{"id":"1d994bc1547433ad","tipo":"guarderia","nombre":"Centro de Educación Infantil Esclavas S.C.J. Infantil","direccion":"C/ Condesa Villafuente Bermeja, s/n","municipio":"Cádiz","provincia":"Cádiz","cp":"11008","telefono":null,"email":"escuelainfantil@cadiz.esclavasscj.com","web":null,"etapas":"EI","fuente":"junta_andalucia","confianza":"alta"}},{"type":"Feature","geometry":{"type":"Point","coordinates":[-5.45369724137152,36.1542623463835]},"properties":{"id":"bb2582da86b405aa","tipo":"colegio_privado","nombre":"Centro autorizado de enseñanzas artísticas elementales de danza Danzares","direccion":"C/ José Gómez Martiñan, 1","municipio":"Algeciras","provincia":"Cádiz","cp":"11205","telefono":"636149206","email":"degael@hotmail.com","web":null,"etapas":"ART","fuente":"junta_andalucia","confianza":"alta"}},{"type":"Feature","geometry":{"type":"Point","coordinates":[-4.42523,37.47242]},"properties":{"id":"fec78b9719fc8201","tipo":"colegio_privado","nombre":"Centro Docente Privado Victoria Institute of Technology","direccion":"C/ Puerto Serrano s/n, Urb. Villa Horacia","municipio":"Sanlúcar de Barrameda","provincia":"Cádiz","cp":"11540","telefono":"601568976","email":"director@victoriafp.com","web":null,"etapas":null,"fuente":"junta_andalucia","confianza":"alta"}},{"type":"Feature","geometry":{"type":"Point","coordinates":[-4.42523,37.47242]},"properties":{"id":"2878eb8d606262ff","tipo":"colegio_privado","nombre":"Centro Docente Privado Albor Croft-Grupo Ilerna","direccion":"Avda. Reina Sofia,, 2","municipio":"Jerez de la Frontera","provincia":"Cádiz","cp":"11407","telefono":"956304050","email":"masanchez@ilerna.com","web":null,"etapas":null,"fuente":"junta_andalucia","confianza":"alta"}},{"type":"Feature","geometry":{"type":"Point","coordinates":[-5.91985431232433,36.1885474893974]},"properties":{"id":"e7c55a2e0202bde3","tipo":"guarderia","nombre":"Centro de Educación Infantil La Cigüeña 2","direccion":"Avda. del Faro, 49","municipio":"Barbate","provincia":"Cádiz","cp":"11160","telefono":"652480163","email":"ceilaciguenamoron@gmail.com","web":null,"etapas":"EI","fuente":"junta_andalucia","confianza":"alta"}},{"type":"Feature","geometry":{"type":"Point","coordinates":[-5.44671978611321,36.6773643163401]},"properties":{"id":"bbc813b1b5344d85","tipo":"guarderia","nombre":"Centro de Educación Infantil El Jardín de Pepa","direccion":"Avda. Doctor Solís Pascual, 37 B","municipio":"Ubrique","provincia":"Cádiz","cp":"11600","telefono":null,"email":"mariajose.maciasraimundo@gmail.com","web":null,"etapas":"EI","fuente":"junta_andalucia","confianza":"alta"}},{"type":"Feature","geometry":{"type":"Point","coordinates":[-6.10314275733997,36.6929024424712]},"properties":{"id":"9367b610dc70f550","tipo":"guarderia","nombre":"Centro de Educación Infantil Chupetes","direccion":"C/ Hijuela de la Marquesa, s/n Edif. usos múltiples Ciudad de los Niños","municipio":"Jerez de la Frontera","provincia":"Cádiz","cp":"11406","telefono":"631224975","email":"info@chupetesescuelainfantil.com","web":null,"etapas":"EI","fuente":"junta_andalucia","confianza":"alta"}},{"type":"Feature","geometry":{"type":"Point","coordinates":[-5.258738994598389,36.93488568136099]},"properties":{"id":"a91dc3cb5df882be","tipo":"colegio_publico","nombre":"Centro de Educación Permanente Pueblos Blancos","direccion":"Plaza de la Concordia","municipio":"Olvera","provincia":"Cádiz","cp":"11690","telefono":"956128640","email":"11500018.edu@juntadeandalucia.es","web":null,"etapas":"ADUL","fuente":"junta_andalucia","confianza":"alta"}},{"type":"Feature","geometry":{"type":"Point","coordinates":[-5.234201322,36.91635968]},"properties":{"id":"bebb123076445249","tipo":"colegio_publico","nombre":"Sección de Educación Permanente Aihaquem","direccion":"C/ Cerro de la Cruz, 6","municipio":"Torre-Alháquime","provincia":"Cádiz","cp":"11691","telefono":"956128642","email":"11500021.edu@juntadeandalucia.es","web":null,"etapas":"ADUL","fuente":"junta_andalucia","confianza":"alta"}},{"type":"Feature","geometry":{"type":"Point","coordinates":[-5.170504835371338,36.90244163793371]},"properties":{"id":"781c9a8b94a137b0","tipo":"colegio_publico","nombre":"Sección de Educación Permanente La Noria","direccion":"C/ Granada, s/n","municipio":"Alcalá del Valle","provincia":"Cádiz","cp":"11693","telefono":"956128645","email":"11500031.edu@juntadeandalucia.es","web":null,"etapas":"ADUL","fuente":"junta_andalucia","confianza":"alta"}},{"type":"Feature","geometry":{"type":"Point","coordinates":[-5.178036356,36.86264312]},"properties":{"id":"03910227727ad92c","tipo":"colegio_publico","nombre":"Sección de Educación Permanente La Villa","direccion":"C/ Plaza de la Villa, 12","municipio":"Setenil de las Bodegas","provincia":"Cádiz","cp":"11692","telefono":"956128666","email":"11500043.edu@juntadeandalucia.es","web":null,"etapas":"ADUL","fuente":"junta_andalucia","confianza":"alta"}},{"type":"Feature","geometry":{"type":"Point","coordinates":[-5.407137399,36.881455216]},"properties":{"id":"d5ba559f6b23d529","tipo":"colegio_publico","nombre":"Sección de Educación Permanente Sierra de Líjar","direccion":"Plaza de Cádiz,12","municipio":"Algodonales","provincia":"Cádiz","cp":"11680","telefono":"956137810","email":"11500055.edu@juntadeandalucia.es","web":null,"etapas":"ADUL","fuente":"junta_andalucia","confianza":"alta"}},{"type":"Feature","geometry":{"type":"Point","coordinates":[-5.323595477,36.854847436]},"properties":{"id":"3cc9cca911a59951","tipo":"colegio_publico","nombre":"Sección de Educación Permanente Algarín","direccion":"C/ Alta, 1","municipio":"El Gastor","provincia":"Cádiz","cp":"11687","telefono":"956128689","email":"11500067.edu@juntadeandalucia.es","web":null,"etapas":"ADUL","fuente":"junta_andalucia","confianza":"alta"}},{"type":"Feature","geometry":{"type":"Point","coordinates":[-5.3919267654418945,36.83885392564702]},"properties":{"id":"0c04ae27fb7d4321","tipo":"colegio_publico","nombre":"Sección de Educación Permanente Castillo de Zahara","direccion":"C/ Lagunetas, nº23","municipio":"Zahara","provincia":"Cádiz","cp":"11688","telefono":"956139004","email":"11500079.edu@juntadeandalucia.es","web":null,"etapas":"ADUL","fuente":"junta_andalucia","confianza":"alta"}},{"type":"Feature","geometry":{"type":"Point","coordinates":[-5.642431899,36.858907322]},"properties":{"id":"24265ccd1e7601f9","tipo":"colegio_publico","nombre":"Sección de Educación Permanente Villamartín","direccion":"C/ Encrucijada, 26","municipio":"Villamartín","provincia":"Cádiz","cp":"11650","telefono":"956709691","email":"11500080.edu@juntadeandalucia.es","web":null,"etapas":"ADUL","fuente":"junta_andalucia","confianza":"alta"}},{"type":"Feature","geometry":{"type":"Point","coordinates":[-5.544752123,36.919337859]},"properties":{"id":"22ccc7d6c9c70cba","tipo":"colegio_publico","nombre":"Sección de Educación Permanente La Toleta","direccion":"C/ de las Escuelas, s/n","municipio":"Puerto Serrano","provincia":"Cádiz","cp":"11659","telefono":"665676457","email":"11500092.edu@juntadeandalucia.es","web":null,"etapas":"ADUL","fuente":"junta_andalucia","confianza":"alta"}},{"type":"Feature","geometry":{"type":"Point","coordinates":[-5.742085657,36.816015603]},"properties":{"id":"abcf15650627b6e3","tipo":"colegio_publico","nombre":"Sección de Educación Permanente Almarda(Bornos-Coto de Bornos)","direccion":"C/ Granada, 11","municipio":"Bornos","provincia":"Cádiz","cp":"11640","telefono":"619070843","email":"11500109.edu@juntadeandalucia.es","web":null,"etapas":"ADUL","fuente":"junta_andalucia","confianza":"alta"}},{"type":"Feature","geometry":{"type":"Point","coordinates":[-5.5552250146865845,36.78970587657334]},"properties":{"id":"e82f90ebee553a8d","tipo":"colegio_publico","nombre":"Sección de Educación Permanente Prado del Rey","direccion":"C/ Bellavista, s/n","municipio":"Prado del Rey","provincia":"Cádiz","cp":"11660","telefono":"956724229","email":"11500122.edu@juntadeandalucia.es","web":null,"etapas":"ADUL","fuente":"junta_andalucia","confianza":"alta"}},{"type":"Feature","geometry":{"type":"Point","coordinates":[-5.811625515,36.751544777]},"properties":{"id":"ca973a2659515d87","tipo":"colegio_publico","nombre":"Centro de Educación Permanente Blas Infante","direccion":"C/ Granadillo, s/n","municipio":"Arcos de la Frontera","provincia":"Cádiz","cp":"11630","telefono":"956709697","email":"11500134.edu@juntadeandalucia.es","web":null,"etapas":"ADUL","fuente":"junta_andalucia","confianza":"alta"}},{"type":"Feature","geometry":{"type":"Point","coordinates":[-5.657052867,36.656023152]},"properties":{"id":"93ca48ae855c388b","tipo":"colegio_publico","nombre":"Sección de Educación Permanente Tajo del Águila","direccion":"C/ Nueva, 1","municipio":"Algar","provincia":"Cádiz","cp":"11639","telefono":"956710202","email":"11500146.edu@juntadeandalucia.es","web":null,"etapas":"ADUL","fuente":"junta_andalucia","confianza":"alta"}},{"type":"Feature","geometry":{"type":"Point","coordinates":[-5.807152947,36.872574498]},"properties":{"id":"b684ce5962a6988e","tipo":"colegio_publico","nombre":"Sección de Educación Permanente Angostura","direccion":"C/ Corredera, 6","municipio":"Espera","provincia":"Cádiz","cp":"11648","telefono":"956709717","email":"11500158.edu@juntadeandalucia.es","web":null,"etapas":"ADUL","fuente":"junta_andalucia","confianza":"alta"}},{"type":"Feature","geometry":{"type":"Point","coordinates":[-5.4463112354278564,36.67328956400034]},"properties":{"id":"3f98452da61ebe4e","tipo":"colegio_publico","nombre":"Centro de Educación Permanente Siete Villas","direccion":"C/ Ingeniero Romero Carrasco, 36","municipio":"Ubrique","provincia":"Cádiz","cp":"11600","telefono":"956128693","email":"11500161.edu@juntadeandalucia.es","web":null,"etapas":"ADUL","fuente":"junta_andalucia","confianza":"alta"}},{"type":"Feature","geometry":{"type":"Point","coordinates":[-5.421870946884155,36.70017582573842]},"properties":{"id":"2c66a2674aca25bc","tipo":"colegio_publico","nombre":"Sección de Educación Permanente Benaocaz","direccion":"C/ Fray Domingo de Benaocaz, s/n","municipio":"Benaocaz","provincia":"Cádiz","cp":"11612","telefono":"956128699","email":"11500171.edu@juntadeandalucia.es","web":null,"etapas":"ADUL","fuente":"junta_andalucia","confianza":"alta"}},{"type":"Feature","geometry":{"type":"Point","coordinates":[-5.387426018714905,36.69630478337685]},"properties":{"id":"899d221452fdde9b","tipo":"colegio_publico","nombre":"Sección de Educación Permanente Villaluenga del Rosario","direccion":"C/ Real  N.º 21","municipio":"Villaluenga del Rosario","provincia":"Cádiz","cp":"11611","telefono":"956128697","email":"11500183.edu@juntadeandalucia.es","web":null,"etapas":"ADUL","fuente":"junta_andalucia","confianza":"alta"}},{"type":"Feature","geometry":{"type":"Point","coordinates":[-5.368666648864746,36.75962343227757]},"properties":{"id":"d4706aa14da4b797","tipo":"colegio_publico","nombre":"Sección de Educación Permanente Grazalema","direccion":"C/ Arriba, s/n","municipio":"Grazalema","provincia":"Cádiz","cp":"11610","telefono":"956128695","email":"11500195.edu@juntadeandalucia.es","web":null,"etapas":"ADUL","fuente":"junta_andalucia","confianza":"alta"}},{"type":"Feature","geometry":{"type":"Point","coordinates":[-5.50539493560791,36.75863065224584]},"properties":{"id":"cf5fa2bffb57ef49","tipo":"colegio_publico","nombre":"Sección de Educación Permanente El Bosque","direccion":"Avda. Juan XXIII, s/n","municipio":"El Bosque","provincia":"Cádiz","cp":"11670","telefono":"956709719","email":"11500201.edu@juntadeandalucia.es","web":null,"etapas":"ADUL","fuente":"junta_andalucia","confianza":"alta"}},{"type":"Feature","geometry":{"type":"Point","coordinates":[-6.352207167,36.782140386]},"properties":{"id":"f7835fd9221331d4","tipo":"colegio_publico","nombre":"Centro de Educación Permanente Mardeleva","direccion":"C/ Camino del Instituto, s/n.","municipio":"Sanlúcar de Barrameda","provincia":"Cádiz","cp":"11540","telefono":"956386986","email":"11500213.edu@juntadeandalucia.es","web":null,"etapas":"ADUL","fuente":"junta_andalucia","confianza":"alta"}},{"type":"Feature","geometry":{"type":"Point","coordinates":[-6.120822429656982,36.67975172841556]},"properties":{"id":"95e192898ebb91c0","tipo":"colegio_publico","nombre":"Centro de Educación Permanente Trece Rosas","direccion":"Avda. de Nazaret, 8","municipio":"Jerez de la Frontera","provincia":"Cádiz","cp":"11406","telefono":"856811596","email":"11500225.edu@juntadeandalucia.es","web":null,"etapas":"ADUL","fuente":"junta_andalucia","confianza":"alta"}},{"type":"Feature","geometry":{"type":"Point","coordinates":[-6.174491572,36.868206008]},"properties":{"id":"d7b19a8cb90a9e4d","tipo":"colegio_publico","nombre":"Sección de Educación Permanente Almijar","direccion":"C/ 28 de Febrero, 7","municipio":"Trebujena","provincia":"Cádiz","cp":"11560","telefono":"856811557","email":"11500237.edu@juntadeandalucia.es","web":null,"etapas":"ADUL","fuente":"junta_andalucia","confianza":"alta"}},{"type":"Feature","geometry":{"type":"Point","coordinates":[-6.364550436,36.621347299]},"properties":{"id":"5ee184d44deb6f92","tipo":"colegio_publico","nombre":"Sección de Educación Permanente Baifora","direccion":"C/ Lora del Río, s/n","municipio":"Rota","provincia":"Cádiz","cp":"11520","telefono":"956243269","email":"11500249.edu@juntadeandalucia.es","web":null,"etapas":"ADUL","fuente":"junta_andalucia","confianza":"alta"}},{"type":"Feature","geometry":{"type":"Point","coordinates":[-6.438300045,36.739090563]},"properties":{"id":"bddb383af0a66021","tipo":"colegio_publico","nombre":"Sección de Educación Permanente Miguel Espinosa Pau","direccion":"C/ Larga, s/n.  Apartado 89","municipio":"Chipiona","provincia":"Cádiz","cp":"11550","telefono":"956386581","email":"11500250.edu@juntadeandalucia.es","web":null,"etapas":"ADUL","fuente":"junta_andalucia","confianza":"alta"}},{"type":"Feature","geometry":{"type":"Point","coordinates":[-6.137656519,36.678573204]},"properties":{"id":"9956b1617450233c","tipo":"colegio_publico","nombre":"Centro de Educación Permanente Aljibe","direccion":"C/ Vicario, 12 Bajo","municipio":"Jerez de la Frontera","provincia":"Cádiz","cp":"11401","telefono":"856811559","email":"11500262.edu@juntadeandalucia.es","web":null,"etapas":"ADUL","fuente":"junta_andalucia","confianza":"alta"}},{"type":"Feature","geometry":{"type":"Point","coordinates":[-6.143226147,36.699412229]},"properties":{"id":"7bdfcb6bcf96be0a","tipo":"colegio_publico","nombre":"Centro de Educación Permanente Victoria Alba","direccion":"C/ Sarmiento, s/n","municipio":"Jerez de la Frontera","provincia":"Cádiz","cp":"11407","telefono":"856811561","email":"11500274.edu@juntadeandalucia.es","web":null,"etapas":"ADUL","fuente":"junta_andalucia","confianza":"alta"}},{"type":"Feature","geometry":{"type":"Point","coordinates":[-5.93585729598999,36.64800360469774]},"properties":{"id":"beed5e2b6728768e","tipo":"colegio_publico","nombre":"Sección de Educación Permanente Bucharaque(La Barca de la Florida)","direccion":"C/ Ancha, 4. Centro Cultural la Barca","municipio":"Jerez de la Frontera","provincia":"Cádiz","cp":"11570","telefono":"856811563","email":"11500286.edu@juntadeandalucia.es","web":null,"etapas":"ADUL","fuente":"junta_andalucia","confianza":"alta"}},{"type":"Feature","geometry":{"type":"Point","coordinates":[-5.800608564,36.607277178]},"properties":{"id":"cd3ca3b0d0baf279","tipo":"colegio_publico","nombre":"Sección de Educación Permanente El Mimbral","direccion":"C/ Merced, 7","municipio":"San José del Valle","provincia":"Cádiz","cp":"11580","telefono":"856811708","email":"11500298.edu@juntadeandalucia.es","web":null,"etapas":"ADUL","fuente":"junta_andalucia","confianza":"alta"}},{"type":"Feature","geometry":{"type":"Point","coordinates":[-6.075718435,36.685110645]},"properties":{"id":"45d7140298ffd8d8","tipo":"colegio_publico","nombre":"Sección de Educación Permanente Estella del Marqués","direccion":"Plaza de San Miguel, s/n. Centro Cultural","municipio":"Jerez de la Frontera","provincia":"Cádiz","cp":"11593","telefono":null,"email":"11500304.edu@juntadeandalucia.es","web":null,"etapas":"ADUL","fuente":"junta_andalucia","confianza":"alta"}},{"type":"Feature","geometry":{"type":"Point","coordinates":[-6.128590953,36.702194968]},"properties":{"id":"f0392507b8ec9fe2","tipo":"colegio_publico","nombre":"Sección de Educación Permanente La Paz (Cuartillos)","direccion":"C/ Cortés, Km.11,3 Bda. Cuartillo","municipio":"Jerez de la Frontera","provincia":"Cádiz","cp":"11593","telefono":"856811841","email":"11500274.edu@juntadeandalucia.es","web":null,"etapas":"ADUL","fuente":"junta_andalucia","confianza":"alta"}},{"type":"Feature","geometry":{"type":"Point","coordinates":[-5.969941437,36.619790795]},"properties":{"id":"44ec6bd965b1ad34","tipo":"colegio_publico","nombre":"Sección de Educación Permanente El Torno","direccion":"C/ La Iglesia, s/n.  Bda. Los Colonos","municipio":"Jerez de la Frontera","provincia":"Cádiz","cp":"11594","telefono":"671566349","email":"11500328.edu@juntadeandalucia.es","web":null,"etapas":"ADUL","fuente":"junta_andalucia","confianza":"alta"}},{"type":"Feature","geometry":{"type":"Point","coordinates":[-5.942726931,36.609653024]},"properties":{"id":"00c18327146d6f03","tipo":"colegio_publico","nombre":"Sección de Educación Permanente Torrecera","direccion":"C/ Artesanía y Toriles, s/n","municipio":"Jerez de la Frontera","provincia":"Cádiz","cp":"11595","telefono":"671592017","email":"11500331.edu@juntadeandalucia.es","web":null,"etapas":"ADUL","fuente":"junta_andalucia","confianza":"alta"}},{"type":"Feature","geometry":{"type":"Point","coordinates":[-5.917828547,36.832132053]},"properties":{"id":"5f304b531f330eca","tipo":"colegio_publico","nombre":"Sección de Educación Permanente Gibalbín","direccion":"Bda. Gibalbín, s/n","municipio":"Jerez de la Frontera","provincia":"Cádiz","cp":"11592","telefono":"956161076","email":"11500341.edu@juntadeandalucia.es","web":null,"etapas":"ADUL","fuente":"junta_andalucia","confianza":"alta"}},{"type":"Feature","geometry":{"type":"Point","coordinates":[-6.088384579,36.716167382]},"properties":{"id":"bdeed27afe90a605","tipo":"colegio_publico","nombre":"Sección de Educación Permanente Guadalcacín","direccion":"Plaza Feria, s/n (IES La Campiña)","municipio":"Jerez de la Frontera","provincia":"Cádiz","cp":"11591","telefono":null,"email":"11500353.edu@juntadeandalucia.es","web":null,"etapas":"ADUL","fuente":"junta_andalucia","confianza":"alta"}},{"type":"Feature","geometry":{"type":"Point","coordinates":[-6.032688762,36.755347722]},"properties":{"id":"e1018d6086fe8139","tipo":"colegio_publico","nombre":"Sección de Educación Permanente Nueva Jarilla","direccion":"C/ Ronda del Troval, s/n (Centro Social)","municipio":"Jerez de la Frontera","provincia":"Cádiz","cp":"11592","telefono":null,"email":"11500365.edu@juntadeandalucia.es","web":null,"etapas":"ADUL","fuente":"junta_andalucia","confianza":"alta"}},{"type":"Feature","geometry":{"type":"Point","coordinates":[-6.273501813411713,36.51548905184026]},"properties":{"id":"79624492562c6192","tipo":"colegio_publico","nombre":"Centro de Educación Permanente Viento de Levante","direccion":"C/ Federico Joly, s/n","municipio":"Cádiz","provincia":"Cádiz","cp":"11012","telefono":"956243243","email":"11500377.edu@juntadeandalucia.es","web":null,"etapas":"ADUL","fuente":"junta_andalucia","confianza":"alta"}},{"type":"Feature","geometry":{"type":"Point","coordinates":[-6.276476894,36.50791985]},"properties":{"id":"356e45a77fad82fc","tipo":"colegio_publico","nombre":"Centro de Educación Permanente Pintor Zuloaga","direccion":"C/ Pintor Zuloaga, 6-Duplicado/Bajo","municipio":"Cádiz","provincia":"Cádiz","cp":"11010","telefono":"956243245","email":"11500389.edu@juntadeandalucia.es","web":null,"etapas":"ADUL","fuente":"junta_andalucia","confianza":"alta"}},{"type":"Feature","geometry":{"type":"Point","coordinates":[-6.232670545578003,36.589180360043855]},"properties":{"id":"3076eda8ebcbcaea","tipo":"colegio_publico","nombre":"Centro de Educación Permanente La Arboleda Perdida","direccion":"Avda. Instituto Laboral s/n","municipio":"El Puerto de Santa María","provincia":"Cádiz","cp":"11500","telefono":"637422463","email":"11500390.edu@juntadeandalucia.es","web":null,"etapas":"ADUL","fuente":"junta_andalucia","confianza":"alta"}},{"type":"Feature","geometry":{"type":"Point","coordinates":[-6.200162172317505,36.531622639947265]},"properties":{"id":"d5c7cb44fbd308bb","tipo":"colegio_publico","nombre":"Centro de Educación Permanente Inspector Francisco Poveda Díaz","direccion":"Plaza de la Jarcia, s/n","municipio":"Puerto Real","provincia":"Cádiz","cp":"11510","telefono":"956835409","email":"11500407.edu@juntadeandalucia.es","web":null,"etapas":"ADUL","fuente":"junta_andalucia","confianza":"alta"}},{"type":"Feature","geometry":{"type":"Point","coordinates":[-6.1997973918914795,36.46017393405247]},"properties":{"id":"087e41334fd66279","tipo":"colegio_publico","nombre":"Centro de Educación Permanente María Zambrano","direccion":"Plaza San José s/n","municipio":"San Fernando","provincia":"Cádiz","cp":"11100","telefono":"956944279","email":"11500419.edu@juntadeandalucia.es","web":null,"etapas":"ADUL","fuente":"junta_andalucia","confianza":"alta"}},{"type":"Feature","geometry":{"type":"Point","coordinates":[-6.250448226928711,36.66394384965096]},"properties":{"id":"b2e8c1f001e57c54","tipo":"colegio_publico","nombre":"Centro de Educación Permanente La Muralla","direccion":"Ctra. Jerez-Rota, Km 5","municipio":"El Puerto de Santa María","provincia":"Cádiz","cp":"11500","telefono":"956549211","email":"11500420.edu@juntadeandalucia.es","web":null,"etapas":"ADUL","fuente":"junta_andalucia","confianza":"alta"}},{"type":"Feature","geometry":{"type":"Point","coordinates":[-6.248817443847656,36.662566852903375]},"properties":{"id":"c9e15317feaf0624","tipo":"colegio_publico","nombre":"Centro de Educación Permanente Las Lagunas","direccion":"Ctra. Jerez-Rota, Km 5","municipio":"El Puerto de Santa María","provincia":"Cádiz","cp":"11500","telefono":"956243331","email":"11500432.edu@juntadeandalucia.es","web":null,"etapas":"ADUL","fuente":"junta_andalucia","confianza":"alta"}},{"type":"Feature","geometry":{"type":"Point","coordinates":[-6.108913421630859,36.713912151442244]},"properties":{"id":"dd547b4ef39ab877","tipo":"colegio_publico","nombre":"Sección de Educación Permanente El Albero","direccion":"Avda. Tío Pepe, 51","municipio":"Jerez de la Frontera","provincia":"Cádiz","cp":"11407","telefono":"956806180","email":"11500444.edu@juntadeandalucia.es","web":null,"etapas":"ADUL","fuente":"junta_andalucia","confianza":"alta"}},{"type":"Feature","geometry":{"type":"Point","coordinates":[-5.451034954,36.123667902]},"properties":{"id":"1a3fe0203ef4aa12","tipo":"colegio_publico","nombre":"Centro de Educación Permanente Río de la Miel","direccion":"Ctra. El Cobre, Km. 4,5","municipio":"Algeciras","provincia":"Cádiz","cp":"11206","telefono":"956582652","email":"11500456.edu@juntadeandalucia.es","web":null,"etapas":"ADUL","fuente":"junta_andalucia","confianza":"alta"}},{"type":"Feature","geometry":{"type":"Point","coordinates":[-6.152751445770264,36.421161578642014]},"properties":{"id":"20b1e85e3c1828f1","tipo":"colegio_publico","nombre":"Centro de Educación Permanente Dionisio Montero","direccion":"C/ Caraza, s/n","municipio":"Chiclana de la Frontera","provincia":"Cádiz","cp":"11130","telefono":"956243278","email":"11500468.edu@juntadeandalucia.es","web":null,"etapas":"ADUL","fuente":"junta_andalucia","confianza":"alta"}},{"type":"Feature","geometry":{"type":"Point","coordinates":[-6.086651086807251,36.27930070487294]},"properties":{"id":"e2359dfd6a43abf4","tipo":"colegio_publico","nombre":"Centro de Educación Permanente Almadraba","direccion":"C/ Lepanto, s/n","municipio":"Conil de la Frontera","provincia":"Cádiz","cp":"11140","telefono":"956459637","email":"11500471.edu@juntadeandalucia.es","web":null,"etapas":"ADUL","fuente":"junta_andalucia","confianza":"alta"}},{"type":"Feature","geometry":{"type":"Point","coordinates":[-5.962635649,36.253467137]},"properties":{"id":"7d230c8a2096804c","tipo":"colegio_publico","nombre":"Sección de Educación Permanente Hazas de Suerte","direccion":"C/ Molinero, s/n","municipio":"Vejer de la Frontera","provincia":"Cádiz","cp":"11150","telefono":"956459620","email":"11500481.edu@juntadeandalucia.es","web":null,"etapas":"ADUL","fuente":"junta_andalucia","confianza":"alta"}},{"type":"Feature","geometry":{"type":"Point","coordinates":[-5.920530691,36.191195444]},"properties":{"id":"d1cfdb8b2e6b0366","tipo":"colegio_publico","nombre":"Centro de Educación Permanente Guadibeca","direccion":"C/ Cádiz, 34","municipio":"Barbate","provincia":"Cádiz","cp":"11160","telefono":"956459622","email":"11500493.edu@juntadeandalucia.es","web":null,"etapas":"ADUL","fuente":"junta_andalucia","confianza":"alta"}},{"type":"Feature","geometry":{"type":"Point","coordinates":[-5.722169844,36.461589142]},"properties":{"id":"87ddd4c707f9a221","tipo":"colegio_publico","nombre":"Sección de Educación Permanente Maestra Inmaculada Almagro","direccion":"C/ Lepanto, 7","municipio":"Alcalá de los Gazules","provincia":"Cádiz","cp":"11180","telefono":"956420202","email":"11500501.edu@juntadeandalucia.es","web":null,"etapas":"ADUL","fuente":"junta_andalucia","confianza":"alta"}},{"type":"Feature","geometry":{"type":"Point","coordinates":[-5.929195614,36.462153964]},"properties":{"id":"9e8075803b46c9f0","tipo":"colegio_publico","nombre":"Sección de Educación Permanente El Caminillo","direccion":"Paseo Parque El Caminillo, edif El Caminillo","municipio":"Medina-Sidonia","provincia":"Cádiz","cp":"11170","telefono":"956418569","email":"11500511.edu@juntadeandalucia.es","web":null,"etapas":"ADUL","fuente":"junta_andalucia","confianza":"alta"}},{"type":"Feature","geometry":{"type":"Point","coordinates":[-5.864709727,36.522927018]},"properties":{"id":"8d52cb8668e456c7","tipo":"colegio_publico","nombre":"Sección de Educación Permanente Arco Iris","direccion":"C/ Alcalde Ramón Dávila, 1","municipio":"Paterna de Rivera","provincia":"Cádiz","cp":"11178","telefono":"600161562","email":"11500523.edu@juntadeandalucia.es","web":null,"etapas":"ADUL","fuente":"junta_andalucia","confianza":"alta"}},{"type":"Feature","geometry":{"type":"Point","coordinates":[-5.450849533081055,36.13551790897706]},"properties":{"id":"a1cb84bad601f666","tipo":"colegio_publico","nombre":"Centro de Educación Permanente Juan Ramón Jiménez","direccion":"Plaza Omeya, s/n","municipio":"Algeciras","provincia":"Cádiz","cp":"11203","telefono":"956670285","email":"11500535.edu@juntadeandalucia.es","web":null,"etapas":"ADUL","fuente":"junta_andalucia","confianza":"alta"}},{"type":"Feature","geometry":{"type":"Point","coordinates":[-5.359641874,36.16677532]},"properties":{"id":"e5c6dca220785f3f","tipo":"colegio_publico","nombre":"Centro de Educación Permanente Almadraba","direccion":"C/ Virgen de la Palma, s/n. Aptdo. de correos 385","municipio":"La Línea de la Concepción","provincia":"Cádiz","cp":"11300","telefono":"956670287","email":"11500547.edu@juntadeandalucia.es","web":null,"etapas":"ADUL","fuente":"junta_andalucia","confianza":"alta"}},{"type":"Feature","geometry":{"type":"Point","coordinates":[-5.454261302947998,36.43555182528594]},"properties":{"id":"8ac954ddd478238e","tipo":"colegio_publico","nombre":"Centro de Educación Permanente Xémina","direccion":"C/ Sevilla, 77","municipio":"Jimena de la Frontera","provincia":"Cádiz","cp":"11330","telefono":"956670203","email":"11500559.edu@juntadeandalucia.es","web":null,"etapas":"ADUL","fuente":"junta_andalucia","confianza":"alta"}},{"type":"Feature","geometry":{"type":"Point","coordinates":[-5.422797044,36.284204499]},"properties":{"id":"2ac47f51154e684b","tipo":"colegio_publico","nombre":"Sección de Educación Permanente Alegría","direccion":"Avda. Las Adelfas, s/n","municipio":"Castellar de la Frontera","provincia":"Cádiz","cp":"11350","telefono":"956647019","email":"11500560.edu@juntadeandalucia.es","web":null,"etapas":"ADUL","fuente":"junta_andalucia","confianza":"alta"}},{"type":"Feature","geometry":{"type":"Point","coordinates":[-5.600739468,36.012464549]},"properties":{"id":"c35685d51dc1b3b8","tipo":"colegio_publico","nombre":"Sección de Educación Permanente Tarifa","direccion":"Plaza De Santa María, 2 (Edificio El Pósito)","municipio":"Tarifa","provincia":"Cádiz","cp":"11380","telefono":"647496828","email":"11500572.edu@juntadeandalucia.es","web":null,"etapas":"ADUL","fuente":"junta_andalucia","confianza":"alta"}},{"type":"Feature","geometry":{"type":"Point","coordinates":[-5.490320920944214,36.182779199919324]},"properties":{"id":"f64abb37ac53c027","tipo":"colegio_publico","nombre":"Sección de Educación Permanente Villa de los Barrios","direccion":"C/ Vega Maldonado, 19","municipio":"Los Barrios","provincia":"Cádiz","cp":"11370","telefono":"956670271","email":"11500584.edu@juntadeandalucia.es","web":null,"etapas":"ADUL","fuente":"junta_andalucia","confianza":"alta"}},{"type":"Feature","geometry":{"type":"Point","coordinates":[-5.3850934407759485,36.214838076854704]},"properties":{"id":"dd15d0014b1e5ed1","tipo":"colegio_publico","nombre":"Centro de Educación Permanente Albalate","direccion":"C/ Almoraima, 15","municipio":"San Roque","provincia":"Cádiz","cp":"11360","telefono":"956670276","email":"11500596.edu@juntadeandalucia.es","web":null,"etapas":"ADUL","fuente":"junta_andalucia","confianza":"alta"}},{"type":"Feature","geometry":{"type":"Point","coordinates":[-5.810138046,36.343403783]},"properties":{"id":"6894030dece18baa","tipo":"colegio_publico","nombre":"Sección de Educación Permanente Pilar Sánchez Bancalero","direccion":"C/ Corea, s/n","municipio":"Benalup-Casas Viejas","provincia":"Cádiz","cp":"11190","telefono":"956418611","email":"11500602.edu@juntadeandalucia.es","web":null,"etapas":"ADUL","fuente":"junta_andalucia","confianza":"alta"}},{"type":"Feature","geometry":{"type":"Point","coordinates":[-5.45020072,36.138637518]},"properties":{"id":"bd4cd46cdedd0b73","tipo":"colegio_publico","nombre":"Centro de Educación Permanente Al-Yazirat","direccion":"Avda. Príncipes de España, Centro Cívico Reconquista, 19.","municipio":"Algeciras","provincia":"Cádiz","cp":"11202","telefono":"956670283","email":"11500811.edu@juntadeandalucia.es","web":null,"etapas":"ADUL","fuente":"junta_andalucia","confianza":"alta"}},{"type":"Feature","geometry":{"type":"Point","coordinates":[-6.272535646,36.506036804]},"properties":{"id":"3a319dbe9321e1be","tipo":"colegio_publico","nombre":"Colegio de Educación Infantil y Primaria Fermín Salvochea","direccion":"C/ Infante de Orleáns, s/n. Bda.del Loreto","municipio":"Cádiz","provincia":"Cádiz","cp":"11011","telefono":"956243334","email":"11602526.edu@juntadeandalucia.es","web":null,"etapas":"EI,EP","fuente":"junta_andalucia","confianza":"alta"}},{"type":"Feature","geometry":{"type":"Point","coordinates":[-6.210687160491943,36.45180346648519]},"properties":{"id":"d9cee0b4e5be3356","tipo":"colegio_publico","nombre":"Colegio de Educación Infantil y Primaria La Constitución","direccion":"Avda. La Constitución de 1978, s/n","municipio":"San Fernando","provincia":"Cádiz","cp":"11100","telefono":"956243612","email":"11602629.edu@juntadeandalucia.es","web":null,"etapas":"EI,EP","fuente":"junta_andalucia","confianza":"alta"}},{"type":"Feature","geometry":{"type":"Point","coordinates":[-5.471483767032623,36.12003009081057]},"properties":{"id":"ad0fdc6622289f63","tipo":"colegio_publico","nombre":"Colegio de Educación Infantil y Primaria Los Arcos","direccion":"Cañ. Los Tomates, 1. Bda. El Cobre","municipio":"Algeciras","provincia":"Cádiz","cp":"11206","telefono":"956670821","email":"11602630.edu@juntadeandalucia.es","web":null,"etapas":"EI,EP,EE","fuente":"junta_andalucia","confianza":"alta"}},{"type":"Feature","geometry":{"type":"Point","coordinates":[-5.797144174575806,36.74389645833207]},"properties":{"id":"3a47ed59c014586b","tipo":"colegio_publico","nombre":"Colegio de Educación Infantil y Primaria Campoameno","direccion":"Plaza Modesto Gómez, 8","municipio":"Arcos de la Frontera","provincia":"Cádiz","cp":"11630","telefono":"956709815","email":"11602782.edu@juntadeandalucia.es","web":null,"etapas":"EI,EP","fuente":"junta_andalucia","confianza":"alta"}},{"type":"Feature","geometry":{"type":"Point","coordinates":[-5.91589093208313,36.194767566426414]},"properties":{"id":"201730af040ce726","tipo":"colegio_publico","nombre":"Colegio de Educación Infantil y Primaria Francisco Giner de los Ríos","direccion":"Avda. Juan XXIII, s/n","municipio":"Barbate","provincia":"Cádiz","cp":"11160","telefono":"956459590","email":"11602800.edu@juntadeandalucia.es","web":null,"etapas":"EI,EP,EE","fuente":"junta_andalucia","confianza":"alta"}},{"type":"Feature","geometry":{"type":"Point","coordinates":[-6.300036907196045,36.53263990240081]},"properties":{"id":"6ca18071ee492606","tipo":"colegio_publico","nombre":"Colegio de Educación Infantil y Primaria San Felipe","direccion":"C/ Sacramento, s/n","municipio":"Cádiz","provincia":"Cádiz","cp":"11003","telefono":"956243260","email":"11602824.edu@juntadeandalucia.es","web":null,"etapas":"EI,EP","fuente":"junta_andalucia","confianza":"alta"}},{"type":"Feature","geometry":{"type":"Point","coordinates":[-6.30536202,36.528873529]},"properties":{"id":"04f08ad635dcfb0b","tipo":"colegio_publico","nombre":"Colegio de Educación Infantil y Primaria Santa Teresa","direccion":"C/ Duque de Nájera 1","municipio":"Cádiz","provincia":"Cádiz","cp":"11002","telefono":"956243336","email":"11602836.edu@juntadeandalucia.es","web":null,"etapas":"EI,EP,EE","fuente":"junta_andalucia","confianza":"alta"}},{"type":"Feature","geometry":{"type":"Point","coordinates":[-6.092262268066406,36.33033885445761]},"properties":{"id":"2ad1cf2977ff2402","tipo":"colegio_publico","nombre":"Colegio de Educación Infantil y Primaria El Colorado","direccion":"Pago El Colorado, s/n","municipio":"Conil de la Frontera","provincia":"Cádiz","cp":"11149","telefono":"956459749","email":"11602848.edu@juntadeandalucia.es","web":null,"etapas":"EI,EP","fuente":"junta_andalucia","confianza":"alta"}},{"type":"Feature","geometry":{"type":"Point","coordinates":[-6.148797869682312,36.4096396898832]},"properties":{"id":"52fa420a20583fc2","tipo":"colegio_publico","nombre":"Colegio de Educación Infantil y Primaria Profesor Tierno Galván","direccion":"Callej de la Pedrera Blanca, s/n","municipio":"Chiclana de la Frontera","provincia":"Cádiz","cp":"11130","telefono":"956243615","email":"11602851.edu@juntadeandalucia.es","web":null,"etapas":"EI,EP","fuente":"junta_andalucia","confianza":"alta"}},{"type":"Feature","geometry":{"type":"Point","coordinates":[-5.864840447902679,36.523979812401095]},"properties":{"id":"b8654227d06ac301","tipo":"colegio_publico","nombre":"Colegio de Educación Primaria Perafán de Rivera","direccion":"C/ Luis Cernuda, s/n","municipio":"Paterna de Rivera","provincia":"Cádiz","cp":"11178","telefono":"956418550","email":"11602861.edu@juntadeandalucia.es","web":null,"etapas":"EP,EE","fuente":"junta_andalucia","confianza":"alta"}},{"type":"Feature","geometry":{"type":"Point","coordinates":[-5.5538517236709595,36.790736918054144]},"properties":{"id":"85e7d53fbe2296ef","tipo":"colegio_publico","nombre":"Colegio de Educación Primaria San José","direccion":"Avda. Dos de Mayo, s/n","municipio":"Prado del Rey","provincia":"Cádiz","cp":"11660","telefono":"956709638","email":"11602873.edu@juntadeandalucia.es","web":null,"etapas":"EP","fuente":"junta_andalucia","confianza":"alta"}},{"type":"Feature","geometry":{"type":"Point","coordinates":[-6.229568181,36.523572478]},"properties":{"id":"b69d7db956045ac7","tipo":"colegio_publico","nombre":"Colegio de Educación Primaria Río San Pedro","direccion":"Avda. de Argentina, s/n","municipio":"Puerto Real","provincia":"Cádiz","cp":"11519","telefono":"956243618","email":"11602885.edu@juntadeandalucia.es","web":null,"etapas":"EP","fuente":"junta_andalucia","confianza":"alta"}},{"type":"Feature","geometry":{"type":"Point","coordinates":[-6.2434294636695995,36.594669590254945]},"properties":{"id":"bad35cf7a4f77cbf","tipo":"colegio_publico","nombre":"Colegio de Educación Primaria La Gaviota","direccion":"C/ Rafael Alberti, s/n","municipio":"El Puerto de Santa María","provincia":"Cádiz","cp":"11500","telefono":"956243622","email":"11602897.edu@juntadeandalucia.es","web":null,"etapas":"EP","fuente":"junta_andalucia","confianza":"alta"}},{"type":"Feature","geometry":{"type":"Point","coordinates":[-5.391905307769775,36.20944637772457]},"properties":{"id":"9356f27c8311b278","tipo":"colegio_publico","nombre":"Colegio de Educación Infantil y Primaria Carteia","direccion":"C/ La Ermita, s/n","municipio":"San Roque","provincia":"Cádiz","cp":"11360","telefono":"956670778","email":"11602903.edu@juntadeandalucia.es","web":null,"etapas":"EI,EP,EE","fuente":"junta_andalucia","confianza":"alta"}},{"type":"Feature","geometry":{"type":"Point","coordinates":[-5.446824027,36.149044472]},"properties":{"id":"95f20fc3981955b0","tipo":"colegio_publico","nombre":"Colegio de Educación Infantil y Primaria Mediterráneo Don Luis Unciti Esparza","direccion":"Ctra. El Rinconcillo s/n","municipio":"Algeciras","provincia":"Cádiz","cp":"11205","telefono":"670943321","email":"11602964.edu@juntadeandalucia.es","web":null,"etapas":"EI,EP,EE","fuente":"junta_andalucia","confianza":"alta"}},{"type":"Feature","geometry":{"type":"Point","coordinates":[-5.4956746101379395,36.186693263477395]},"properties":{"id":"be4cef275539b315","tipo":"colegio_publico","nombre":"Colegio de Educación Infantil y Primaria Don Luis Lamadrid","direccion":"Bda. El Lazareto, s/n","municipio":"Los Barrios","provincia":"Cádiz","cp":"11370","telefono":"956670780","email":"11602976.edu@juntadeandalucia.es","web":null,"etapas":"EI,EP,EE","fuente":"junta_andalucia","confianza":"alta"}},{"type":"Feature","geometry":{"type":"Point","coordinates":[-6.301771124,36.536577975]},"properties":{"id":"96baef3afd6c7bb0","tipo":"colegio_publico","nombre":"Colegio de Educación Infantil y Primaria Carlos III","direccion":"Paseo Carlos III, s/n","municipio":"Cádiz","provincia":"Cádiz","cp":"11003","telefono":"956243264","email":"11602988.edu@juntadeandalucia.es","web":null,"etapas":"EI,EP","fuente":"junta_andalucia","confianza":"alta"}},{"type":"Feature","geometry":{"type":"Point","coordinates":[-6.121788024902344,36.679364530123365]},"properties":{"id":"563174c2493b4adb","tipo":"colegio_publico","nombre":"Colegio de Educación Infantil y Primaria Montealegre","direccion":"C/ Mallorca, s/n","municipio":"Jerez de la Frontera","provincia":"Cádiz","cp":"11406","telefono":"856811555","email":"11602991.edu@juntadeandalucia.es","web":null,"etapas":"EI,EP,EE","fuente":"junta_andalucia","confianza":"alta"}},{"type":"Feature","geometry":{"type":"Point","coordinates":[-6.017911434173584,36.677893158838934]},"properties":{"id":"3990c826b52c03bb","tipo":"colegio_publico","nombre":"Colegio de Educación Infantil y Primaria Cuartillo","direccion":"Ctra. Cortés Km.11,3. Bda. Cuartillos","municipio":"Jerez de la Frontera","provincia":"Cádiz","cp":"11593","telefono":"856811841","email":"11603002.edu@juntadeandalucia.es","web":null,"etapas":"EI,EP,ESO","fuente":"junta_andalucia","confianza":"alta"}},{"type":"Feature","geometry":{"type":"Point","coordinates":[-6.03012889623642,36.63618615587129]},"properties":{"id":"e83ca3bd64466eed","tipo":"colegio_publico","nombre":"Colegio de Educación Infantil y Primaria La Ina","direccion":"Bda. La Ina, s/n","municipio":"Jerez de la Frontera","provincia":"Cádiz","cp":"11595","telefono":"956156635","email":"11603014.edu@juntadeandalucia.es","web":null,"etapas":"EI,EP,ESO","fuente":"junta_andalucia","confianza":"alta"}},{"type":"Feature","geometry":{"type":"Point","coordinates":[-6.223593058,36.584223091]},"properties":{"id":"69f200b85b43ebc4","tipo":"colegio_publico","nombre":"Colegio de Educación Infantil y Primaria Valdelagrana","direccion":"Avda. Catalina Santos \"La Guachi\", s/n","municipio":"El Puerto de Santa María","provincia":"Cádiz","cp":"11500","telefono":"956243977","email":"11603026.edu@juntadeandalucia.es","web":null,"etapas":"EI,EP,EE","fuente":"junta_andalucia","confianza":"alta"}},{"type":"Feature","geometry":{"type":"Point","coordinates":[-6.187160286,36.476884833]},"properties":{"id":"57117a46cf2abfca","tipo":"colegio_publico","nombre":"Colegio de Educación Infantil y Primaria Los Esteros","direccion":"C/ Nautilus, s/n. Bda. Bazán","municipio":"San Fernando","provincia":"Cádiz","cp":"11100","telefono":"671565219","email":"11603038.edu@juntadeandalucia.es","web":null,"etapas":"EI,EP","fuente":"junta_andalucia","confianza":"alta"}},{"type":"Feature","geometry":{"type":"Point","coordinates":[-6.191568374633789,36.47161498782458]},"properties":{"id":"2f6eaea5b9a89546","tipo":"colegio_publico","nombre":"Colegio de Educación Infantil y Primaria Puente Zuazo","direccion":"C/ Gonzalo de Córdoba, 4","municipio":"San Fernando","provincia":"Cádiz","cp":"11100","telefono":"956243627","email":"11603051.edu@juntadeandalucia.es","web":null,"etapas":"EI,EP,EE","fuente":"junta_andalucia","confianza":"alta"}},{"type":"Feature","geometry":{"type":"Point","coordinates":[-6.389665603637695,36.760341148366976]},"properties":{"id":"c64cc6c9fc7749fd","tipo":"colegio_publico","nombre":"Colegio de Educación Infantil y Primaria La Jara","direccion":"Ctra. de la Jara, s/n","municipio":"Sanlúcar de Barrameda","provincia":"Cádiz","cp":"11540","telefono":"956386562","email":"11603063.edu@juntadeandalucia.es","web":null,"etapas":"EI,EP","fuente":"junta_andalucia","confianza":"alta"}},{"type":"Feature","geometry":{"type":"Point","coordinates":[-5.447447154014299,36.66675342548282]},"properties":{"id":"cf4eac4057f4f9bf","tipo":"colegio_publico","nombre":"Colegio de Educación Infantil y Primaria Ramón Crossa","direccion":"Bda. El Rincón, s/n","municipio":"Ubrique","provincia":"Cádiz","cp":"11600","telefono":"956128900","email":"11603075.edu@juntadeandalucia.es","web":null,"etapas":"EI,EP","fuente":"junta_andalucia","confianza":"alta"}},{"type":"Feature","geometry":{"type":"Point","coordinates":[-5.455591174,36.133696106]},"properties":{"id":"aa970b7f3eb15b7a","tipo":"colegio_publico","nombre":"Colegio de Educación Infantil y Primaria Campo de Gibraltar","direccion":"Avda. de la Caña, 24 y 26","municipio":"Algeciras","provincia":"Cádiz","cp":"11203","telefono":"956670833","email":"11603099.edu@juntadeandalucia.es","web":null,"etapas":"EI,EP,EE","fuente":"junta_andalucia","confianza":"alta"}},{"type":"Feature","geometry":{"type":"Point","coordinates":[-6.27243425,36.501245938]},"properties":{"id":"7b1081829d52d964","tipo":"colegio_publico","nombre":"Colegio de Educación Infantil y Primaria Profesor Tierno Galván","direccion":"C/ Conil de la Frontera, 1","municipio":"Cádiz","provincia":"Cádiz","cp":"11011","telefono":"956243303","email":"11603105.edu@juntadeandalucia.es","web":null,"etapas":"EI,EP,EE","fuente":"junta_andalucia","confianza":"alta"}},{"type":"Feature","geometry":{"type":"Point","coordinates":[-6.206502914428711,36.45553145640271]},"properties":{"id":"4af5d215711f7033","tipo":"colegio_privado","nombre":"Centro Docente Privado de Educación Especial S.A.R. Infanta Doña Cristina","direccion":"C/ Santo Entierro, 35","municipio":"San Fernando","provincia":"Cádiz","cp":"11100","telefono":"856176988","email":"11603130.edu@juntadeandalucia.es","web":null,"etapas":"EE","fuente":"junta_andalucia","confianza":"alta"}},{"type":"Feature","geometry":{"type":"Point","coordinates":[-5.463552474975586,36.86884088208055]},"properties":{"id":"403b7c562c868b49","tipo":"colegio_publico","nombre":"Colegio Público Rural C.R.I.P.E.R","direccion":"Otros Madrigueras, 9 (Lugar)","municipio":"Algodonales","provincia":"Cádiz","cp":"11680","telefono":"697952099","email":"11603142.edu@juntadeandalucia.es","web":null,"etapas":"EI,EP,ESO","fuente":"junta_andalucia","confianza":"alta"}},{"type":"Feature","geometry":{"type":"Point","coordinates":[-5.755119323730469,36.18471893727928]},"properties":{"id":"1ea42a339e271f7f","tipo":"colegio_publico","nombre":"Colegio Público Rural Campiña de Tarifa","direccion":"C/ Real, s/n","municipio":"Tarifa","provincia":"Cádiz","cp":"11392","telefono":"667406344","email":"11603154.edu@juntadeandalucia.es","web":null,"etapas":"EI,EP,ESO","fuente":"junta_andalucia","confianza":"alta"}},{"type":"Feature","geometry":{"type":"Point","coordinates":[-6.426969766616821,36.73482587155048]},"properties":{"id":"3887277ab35b9d9b","tipo":"colegio_publico","nombre":"Colegio de Educación Infantil y Primaria Príncipe Felipe","direccion":"C/ Grazalema, 2","municipio":"Chipiona","provincia":"Cádiz","cp":"11550","telefono":"956386900","email":"11603178.edu@juntadeandalucia.es","web":null,"etapas":"EI,EP","fuente":"junta_andalucia","confianza":"alta"}},{"type":"Feature","geometry":{"type":"Point","coordinates":[-6.233153343200684,36.59473651568146]},"properties":{"id":"cc299c02aff1b9ea","tipo":"colegio_publico","nombre":"Colegio de Educación Infantil y Primaria Menesteo","direccion":"C/ Guacamayo, s/n","municipio":"El Puerto de Santa María","provincia":"Cádiz","cp":"11500","telefono":"956243906","email":"11603245.edu@juntadeandalucia.es","web":null,"etapas":"EI,EP","fuente":"junta_andalucia","confianza":"alta"}},{"type":"Feature","geometry":{"type":"Point","coordinates":[-6.203996484,36.455483317]},"properties":{"id":"a904620a6e635fa4","tipo":"colegio_publico","nombre":"Colegio de Educación Infantil y Primaria Raimundo Rivero","direccion":"C/ Candray, s/n","municipio":"San Fernando","provincia":"Cádiz","cp":"11100","telefono":"956243630","email":"11603270.edu@juntadeandalucia.es","web":null,"etapas":"EI,EP,EE","fuente":"junta_andalucia","confianza":"alta"}},{"type":"Feature","geometry":{"type":"Point","coordinates":[-5.438650386,36.109734314]},"properties":{"id":"44cdb8ed69ff956e","tipo":"colegio_publico","nombre":"Colegio de Educación Infantil y Primaria Caetaria","direccion":"Avda. 28 Febrero, 4 A","municipio":"Algeciras","provincia":"Cádiz","cp":"11207","telefono":"956670789","email":"11603282.edu@juntadeandalucia.es","web":null,"etapas":"EI,EP","fuente":"junta_andalucia","confianza":"alta"}},{"type":"Feature","geometry":{"type":"Point","coordinates":[-5.859317779541016,36.69670910136219]},"properties":{"id":"733f226d54344db1","tipo":"colegio_publico","nombre":"Colegio Público Rural Poeta Julio Mariscal","direccion":"Otros Junta de los Ríos, 18","municipio":"Arcos de la Frontera","provincia":"Cádiz","cp":"11620","telefono":"956709543","email":"11603294.edu@juntadeandalucia.es","web":null,"etapas":"EI","fuente":"junta_andalucia","confianza":"alta"}},{"type":"Feature","geometry":{"type":"Point","coordinates":[-6.086880905285583,36.28245292339623]},"properties":{"id":"f12e0fa9e4786374","tipo":"colegio_publico","nombre":"Colegio de Educación Infantil y Primaria Francisco Fernández Pózar","direccion":"C/ Trafalgar, s/n","municipio":"Conil de la Frontera","provincia":"Cádiz","cp":"11140","telefono":"956459680","email":"11603300.edu@juntadeandalucia.es","web":null,"etapas":"EI,EP","fuente":"junta_andalucia","confianza":"alta"}},{"type":"Feature","geometry":{"type":"Point","coordinates":[-6.152626887,36.411310968]},"properties":{"id":"b58fbd0501ef0172","tipo":"colegio_publico","nombre":"Colegio de Educación Infantil y Primaria El Mayorazgo","direccion":"Avda.  Mayorazgo, s/n","municipio":"Chiclana de la Frontera","provincia":"Cádiz","cp":"11130","telefono":"956243632","email":"11603312.edu@juntadeandalucia.es","web":null,"etapas":"EI,EP,EE","fuente":"junta_andalucia","confianza":"alta"}},{"type":"Feature","geometry":{"type":"Point","coordinates":[-5.342527059,36.171356767]},"properties":{"id":"373b24a1fe9fe0c2","tipo":"colegio_publico","nombre":"Colegio de Educación Infantil y Primaria Pablo Picasso","direccion":"C/ Guadiaro, 37","municipio":"La Línea de la Concepción","provincia":"Cádiz","cp":"11300","telefono":"956670608","email":"11603351.edu@juntadeandalucia.es","web":null,"etapas":"EI,EP,EE","fuente":"junta_andalucia","confianza":"alta"}},{"type":"Feature","geometry":{"type":"Point","coordinates":[-5.928690433502197,36.46686102948372]},"properties":{"id":"ff2e38d0204fa057","tipo":"colegio_publico","nombre":"Colegio de Educación Infantil y Primaria Ángel Ruiz Enciso","direccion":"C/ Alcalde Ruiz Enciso, s/n","municipio":"Medina-Sidonia","provincia":"Cádiz","cp":"11170","telefono":"956418922","email":"11603361.edu@juntadeandalucia.es","web":null,"etapas":"EI,EP,EE","fuente":"junta_andalucia","confianza":"alta"}},{"type":"Feature","geometry":{"type":"Point","coordinates":[-6.206677258014679,36.451289990871764]},"properties":{"id":"9079eb7497059b39","tipo":"colegio_publico","nombre":"Colegio de Educación Infantil y Primaria Erytheia","direccion":"C/ Pintor Hernández Homedes, s/n","municipio":"San Fernando","provincia":"Cádiz","cp":"11100","telefono":"956243683","email":"11603373.edu@juntadeandalucia.es","web":null,"etapas":"EI,EP","fuente":"junta_andalucia","confianza":"alta"}},{"type":"Feature","geometry":{"type":"Point","coordinates":[-5.986894369125366,36.2711226787]},"properties":{"id":"349ef4effd10b2e3","tipo":"colegio_publico","nombre":"Colegio Público Rural Salado-Breña","direccion":"Urb. La Muela, s/n","municipio":"Vejer de la Frontera","provincia":"Cádiz","cp":"11150","telefono":"956459507","email":"11603385.edu@juntadeandalucia.es","web":null,"etapas":"EI,EP","fuente":"junta_andalucia","confianza":"alta"}},{"type":"Feature","geometry":{"type":"Point","coordinates":[-6.267139463,36.506707487]},"properties":{"id":"aaeda2735382e241","tipo":"colegio_privado","nombre":"Centro Docente Privado Nuestra Señora de Lourdes","direccion":"C/ Nueva de Puntales, 1","municipio":"Cádiz","provincia":"Cádiz","cp":"11011","telefono":"956252747","email":"direccion.general@nslourdescadiz.com","web":null,"etapas":"EI,EP,ESO","fuente":"junta_andalucia","confianza":"alta"}},{"type":"Feature","geometry":{"type":"Point","coordinates":[-6.1321306228637695,36.419521249225376]},"properties":{"id":"684db9c81e9e7817","tipo":"colegio_publico","nombre":"Colegio de Educación Infantil y Primaria Giner de los Ríos","direccion":"Callej Huerta del Rosario, 2","municipio":"Chiclana de la Frontera","provincia":"Cádiz","cp":"11130","telefono":"956243980","email":"11603427.edu@juntadeandalucia.es","web":null,"etapas":"EI,EP","fuente":"junta_andalucia","confianza":"alta"}},{"type":"Feature","geometry":{"type":"Point","coordinates":[-5.436934232711792,36.422905469810786]},"properties":{"id":"e418aea012fa0309","tipo":"colegio_publico","nombre":"Colegio de Educación Infantil y Primaria Aljibe","direccion":"Cmo. de la Viña, 4","municipio":"Jimena de la Frontera","provincia":"Cádiz","cp":"11339","telefono":"956670783","email":"11603439.edu@juntadeandalucia.es","web":null,"etapas":"EI,EP,ESO","fuente":"junta_andalucia","confianza":"alta"}},{"type":"Feature","geometry":{"type":"Point","coordinates":[-5.4499053955078125,36.105843783741136]},"properties":{"id":"2943ac9f6338b5ef","tipo":"colegio_publico","nombre":"Colegio de Educación Infantil y Primaria San García","direccion":"C/ Batel, s/n","municipio":"Algeciras","provincia":"Cádiz","cp":"11207","telefono":"956670803","email":"11603464.edu@juntadeandalucia.es","web":null,"etapas":"EI,EP","fuente":"junta_andalucia","confianza":"alta"}},{"type":"Feature","geometry":{"type":"Point","coordinates":[-6.1526548862457275,36.421774534952064]},"properties":{"id":"7f216f1fd8f6e44a","tipo":"colegio_publico","nombre":"Colegio de Educación Infantil y Primaria Las Albinas","direccion":"C/ Caraza, s/n","municipio":"Chiclana de la Frontera","provincia":"Cádiz","cp":"11130","telefono":"956243207","email":"11603476.edu@juntadeandalucia.es","web":null,"etapas":"EI,EP","fuente":"junta_andalucia","confianza":"alta"}},{"type":"Feature","geometry":{"type":"Point","coordinates":[-6.069515808,36.342145081]},"properties":{"id":"27cab0272ffd3ee1","tipo":"colegio_publico","nombre":"Colegio Público Rural Campos de Conil","direccion":"Carril del Pato, 5","municipio":"Conil de la Frontera","provincia":"Cádiz","cp":"11149","telefono":"956459728","email":"11603491.edu@juntadeandalucia.es","web":null,"etapas":"EI,EP","fuente":"junta_andalucia","confianza":"alta"}},{"type":"Feature","geometry":{"type":"Point","coordinates":[-6.082636936048175,36.6162578271026]},"properties":{"id":"ff94a05c68194540","tipo":"colegio_publico","nombre":"Colegio Público Rural Laguna de Medina","direccion":"C/ Fórmula, s/n","municipio":"Jerez de la Frontera","provincia":"Cádiz","cp":"11592","telefono":"856811665","email":"11603506.edu@juntadeandalucia.es","web":null,"etapas":"EI,EP","fuente":"junta_andalucia","confianza":"alta"}},{"type":"Feature","geometry":{"type":"Point","coordinates":[-6.232038958,36.612575854]},"properties":{"id":"13fb0c4e99698e0c","tipo":"colegio_publico","nombre":"Colegio de Educación Infantil y Primaria Las Nieves","direccion":"C/ Barquisimeto, 2","municipio":"El Puerto de Santa María","provincia":"Cádiz","cp":"11500","telefono":"956243983","email":"11603521.edu@juntadeandalucia.es","web":null,"etapas":"EI,EP","fuente":"junta_andalucia","confianza":"alta"}},{"type":"Feature","geometry":{"type":"Point","coordinates":[-5.384684801101685,36.214016981881976]},"properties":{"id":"12b5c9443b7e884c","tipo":"colegio_publico","nombre":"Colegio de Educación Infantil y Primaria Maestro Apolinar","direccion":"C/ Cayo Antonio Prieto, s/n","municipio":"San Roque","provincia":"Cádiz","cp":"11360","telefono":"956670166","email":"11603555.edu@juntadeandalucia.es","web":null,"etapas":"EI,EP,EE","fuente":"junta_andalucia","confianza":"alta"}},{"type":"Feature","geometry":{"type":"Point","coordinates":[-5.8688342571258545,36.35902503175953]},"properties":{"id":"5126c3c8ab2f7779","tipo":"colegio_publico","nombre":"Colegio de Educación Infantil y Primaria Antonio Machado","direccion":"C/ San José de Malcocinado, s/n","municipio":"Medina-Sidonia","provincia":"Cádiz","cp":"11179","telefono":"956418535","email":"11603567.edu@juntadeandalucia.es","web":null,"etapas":"EI,EP","fuente":"junta_andalucia","confianza":"alta"}},{"type":"Feature","geometry":{"type":"Point","coordinates":[-5.354202,36.16365576]},"properties":{"id":"6b83ff3a6a40a9f9","tipo":"colegio_publico","nombre":"Colegio de Educación Infantil y Primaria Buenos Aires","direccion":"C/ Buenos Aires, 8","municipio":"La Línea de la Concepción","provincia":"Cádiz","cp":"11300","telefono":"956670785","email":"11603579.edu@juntadeandalucia.es","web":null,"etapas":"EI,EP","fuente":"junta_andalucia","confianza":"alta"}},{"type":"Feature","geometry":{"type":"Point","coordinates":[-6.135730608547607,36.70591610976046]},"properties":{"id":"fe49c4eb5290d31d","tipo":"guarderia","nombre":"Centro de Educación Infantil Attendis Preschool Jerez","direccion":"Avda. las Adelfas, 12 (Urb. Monte Alto)","municipio":"Jerez de la Frontera","provincia":"Cádiz","cp":"11407","telefono":"956305604","email":"jerez@attendispreschool.com","web":null,"etapas":"EI","fuente":"junta_andalucia","confianza":"alta"}},{"type":"Feature","geometry":{"type":"Point","coordinates":[-6.352584161,36.785391415]},"properties":{"id":"02743d6147f6c2e4","tipo":"colegio_publico","nombre":"Colegio de Educación Infantil y Primaria Vista Alegre","direccion":"C/ Capitán, s/n","municipio":"Sanlúcar de Barrameda","provincia":"Cádiz","cp":"11540","telefono":"956386967","email":"11603609.edu@juntadeandalucia.es","web":null,"etapas":"EI,EP","fuente":"junta_andalucia","confianza":"alta"}},{"type":"Feature","geometry":{"type":"Point","coordinates":[-6.198158581,36.482240077]},"properties":{"id":"08668171aa81c175","tipo":"colegio_privado","nombre":"Centro Docente Privado de Educación Especial Ángel de la Guarda","direccion":"C/ Juan Sebastián Elcano, 35","municipio":"San Fernando","provincia":"Cádiz","cp":"11100","telefono":"956800033","email":"11603610.edu@juntadeandalucia.es","web":null,"etapas":"EE","fuente":"junta_andalucia","confianza":"alta"}},{"type":"Feature","geometry":{"type":"Point","coordinates":[-6.244139671325684,36.593892350364975]},"properties":{"id":"1e5965230b3fdae6","tipo":"colegio_publico","nombre":"Escuela Infantil Las Dunas","direccion":"C/ Aitana, s/n","municipio":"El Puerto de Santa María","provincia":"Cádiz","cp":"11500","telefono":"956243635","email":"11603622.edu@juntadeandalucia.es","web":null,"etapas":"EI","fuente":"junta_andalucia","confianza":"alta"}},{"type":"Feature","geometry":{"type":"Point","coordinates":[-6.353938579559326,36.76885008474818]},"properties":{"id":"ee4b5dac2b821f3d","tipo":"colegio_publico","nombre":"Colegio de Educación Infantil y Primaria La Dehesilla","direccion":"C/ Lentisco, s/n","municipio":"Sanlúcar de Barrameda","provincia":"Cádiz","cp":"11540","telefono":"956386970","email":"11603634.edu@juntadeandalucia.es","web":null,"etapas":"EI,EP","fuente":"junta_andalucia","confianza":"alta"}},{"type":"Feature","geometry":{"type":"Point","coordinates":[-6.123075485229492,36.705156280142326]},"properties":{"id":"97510eaa3f5fdb11","tipo":"colegio_privado","nombre":"Centro Docente Privado Laude El Altillo School","direccion":"C/ Santiago de Chile, s/n","municipio":"Jerez de la Frontera","provincia":"Cádiz","cp":"11407","telefono":"956302400","email":"info@laudealtillo.com","web":null,"etapas":"ESO,BACH","fuente":"junta_andalucia","confianza":"alta"}},{"type":"Feature","geometry":{"type":"Point","coordinates":[-6.27894108037,36.5160490523]},"properties":{"id":"c47f5ed39cd88774","tipo":"guarderia","nombre":"Centro de Educación Infantil Pekes","direccion":"C/ Colarte, s/n","municipio":"Cádiz","provincia":"Cádiz","cp":"11008","telefono":"956256393","email":"info@eipekes.com","web":null,"etapas":"EI","fuente":"junta_andalucia","confianza":"alta"}},{"type":"Feature","geometry":{"type":"Point","coordinates":[-5.350700891,36.159939062]},"properties":{"id":"d0bd3aa4be1ce887","tipo":"colegio_publico","nombre":"Conservatorio Profesional de Música Muñoz Molleda","direccion":"C/ General Ballesteros,4. Complejo Educativo","municipio":"La Línea de la Concepción","provincia":"Cádiz","cp":"11300","telefono":"956670103","email":"11700071.edu@juntadeandalucia.es","web":null,"etapas":"ART","fuente":"junta_andalucia","confianza":"alta"}},{"type":"Feature","geometry":{"type":"Point","coordinates":[-5.391089916229248,36.21000040456822]},"properties":{"id":"1e3523745b410032","tipo":"colegio_publico","nombre":"Escuela Oficial de Idiomas San Roque","direccion":"Plaza de las Constituciones, s/n, Planta 3ª. Edificio \"Diego Salinas\"","municipio":"San Roque","provincia":"Cádiz","cp":"11360","telefono":"956670108","email":"11700081.edu@juntadeandalucia.es","web":null,"etapas":"IDI","fuente":"junta_andalucia","confianza":"alta"}},{"type":"Feature","geometry":{"type":"Point","coordinates":[-6.131956401,36.420695297]},"properties":{"id":"cc38b23a57b5100b","tipo":"colegio_publico","nombre":"Instituto de Educación Secundaria Huerta del Rosario","direccion":"Callej  de los Frailes, s/n","municipio":"Chiclana de la Frontera","provincia":"Cádiz","cp":"11130","telefono":"956243986","email":"11700123.edu@juntadeandalucia.es","web":null,"etapas":"ESO,BACH,EE","fuente":"junta_andalucia","confianza":"alta"}},{"type":"Feature","geometry":{"type":"Point","coordinates":[-5.447600225,36.131471321]},"properties":{"id":"3e2b84c3e6ed4fbd","tipo":"colegio_publico","nombre":"Instituto de Educación Secundaria Levante","direccion":"C/ Acebuchal Bajo, s/n","municipio":"Algeciras","provincia":"Cádiz","cp":"11205","telefono":"956665115","email":"11700135.edu@juntadeandalucia.es","web":null,"etapas":"ESO,BACH","fuente":"junta_andalucia","confianza":"alta"}},{"type":"Feature","geometry":{"type":"Point","coordinates":[-6.209338718,36.451681246]},"properties":{"id":"b40169fb8015bd9a","tipo":"colegio_publico","nombre":"Instituto de Educación Secundaria La Bahía","direccion":"Avda. Constitución, s/n","municipio":"San Fernando","provincia":"Cádiz","cp":"11100","telefono":"956243676","email":"11700147.edu@juntadeandalucia.es","web":null,"etapas":"ESO,BACH,FP","fuente":"junta_andalucia","confianza":"alta"}},{"type":"Feature","geometry":{"type":"Point","coordinates":[-6.178411397,36.872408148]},"properties":{"id":"dadbf750ce982731","tipo":"colegio_publico","nombre":"Instituto de Educación Secundaria Alventus","direccion":"Ronda de Palomares, 17","municipio":"Trebujena","provincia":"Cádiz","cp":"11560","telefono":"856811850","email":"11700159.edu@juntadeandalucia.es","web":null,"etapas":"ESO,BACH","fuente":"junta_andalucia","confianza":"alta"}},{"type":"Feature","geometry":{"type":"Point","coordinates":[-6.100502014160156,36.6959520787169]},"properties":{"id":"79089a6ff8d04ec0","tipo":"colegio_publico","nombre":"Instituto de Educación Secundaria Almunia","direccion":"C/ Málaga, s/n. Bda. San Enrique","municipio":"Jerez de la Frontera","provincia":"Cádiz","cp":"11405","telefono":"956709924","email":"11700160.edu@juntadeandalucia.es","web":null,"etapas":"ESO,BACH,FP","fuente":"junta_andalucia","confianza":"alta"}},{"type":"Feature","geometry":{"type":"Point","coordinates":[-6.146432161331177,36.68639832852592]},"properties":{"id":"edc3b0ddfd728f74","tipo":"colegio_publico","nombre":"Instituto de Educación Secundaria Santa Isabel de Hungría","direccion":"C/ La Merced, 40","municipio":"Jerez de la Frontera","provincia":"Cádiz","cp":"11404","telefono":"856811856","email":"11700172.edu@juntadeandalucia.es","web":null,"etapas":"ESO,BACH","fuente":"junta_andalucia","confianza":"alta"}},{"type":"Feature","geometry":{"type":"Point","coordinates":[-5.444889658,36.431121446]},"properties":{"id":"d997cefb88d31c83","tipo":"colegio_publico","nombre":"Instituto de Educación Secundaria Hozgarganta","direccion":"Avda. de los Deportes, 32","municipio":"Jimena de la Frontera","provincia":"Cádiz","cp":"11330","telefono":"956670517","email":"11700184.edu@juntadeandalucia.es","web":null,"etapas":"ESO,BACH,FP","fuente":"junta_andalucia","confianza":"alta"}},{"type":"Feature","geometry":{"type":"Point","coordinates":[-6.345226764678955,36.7734049858988]},"properties":{"id":"fb177c8bdc611a54","tipo":"colegio_publico","nombre":"Instituto de Educación Secundaria Cristóbal Colón","direccion":"Avda. de la Rondeña, s/n","municipio":"Sanlúcar de Barrameda","provincia":"Cádiz","cp":"11540","telefono":"956386972","email":"11700196.edu@juntadeandalucia.es","web":null,"etapas":"ESO,BACH,FP","fuente":"junta_andalucia","confianza":"alta"}},{"type":"Feature","geometry":{"type":"Point","coordinates":[-6.352962255477905,36.77485734087363]},"properties":{"id":"e33c62d29f029d02","tipo":"colegio_publico","nombre":"Conservatorio Elemental de Música Joaquín Turina","direccion":"C/ Almonte, 6","municipio":"Sanlúcar de Barrameda","provincia":"Cádiz","cp":"11540","telefono":"956386560","email":"11700238.edu@juntadeandalucia.es","web":null,"etapas":"ART","fuente":"junta_andalucia","confianza":"alta"}},{"type":"Feature","geometry":{"type":"Point","coordinates":[-6.149425506591797,36.41641316162827]},"properties":{"id":"fb0eb83cf35d95d3","tipo":"colegio_publico","nombre":"Conservatorio Elemental de Música Santa Cecilia","direccion":"C/ Santa  Ana, 9","municipio":"Chiclana de la Frontera","provincia":"Cádiz","cp":"11130","telefono":"956243110","email":"11700241.edu@juntadeandalucia.es","web":null,"etapas":"ART","fuente":"junta_andalucia","confianza":"alta"}},{"type":"Feature","geometry":{"type":"Point","coordinates":[-5.461406707763672,36.13697359374855]},"properties":{"id":"11096ab8aa3b1ecd","tipo":"colegio_publico","nombre":"Conservatorio Profesional de Música Paco de Lucía","direccion":"Ctra. Cádiz-Málaga, s/n","municipio":"Algeciras","provincia":"Cádiz","cp":"11204","telefono":"956670110","email":"11700251.edu@juntadeandalucia.es","web":null,"etapas":"ART","fuente":"junta_andalucia","confianza":"alta"}},{"type":"Feature","geometry":{"type":"Point","coordinates":[-6.300639692,36.528617001]},"properties":{"id":"b9e732235efa106a","tipo":"colegio_publico","nombre":"Instituto de Educación Secundaria La Caleta","direccion":"C/ Sagasta, 107","municipio":"Cádiz","provincia":"Cádiz","cp":"11002","telefono":"956243135","email":"11700287.edu@juntadeandalucia.es","web":null,"etapas":"ESO,BACH","fuente":"junta_andalucia","confianza":"alta"}},{"type":"Feature","geometry":{"type":"Point","coordinates":[-6.283325871,36.514155884]},"properties":{"id":"8d9aab8f4990e81e","tipo":"colegio_publico","nombre":"Instituto de Educación Secundaria Drago","direccion":"C/ Marianista Cubillo, 15","municipio":"Cádiz","provincia":"Cádiz","cp":"11008","telefono":"956243686","email":"11700299.edu@juntadeandalucia.es","web":null,"etapas":"ESO,BACH,EE","fuente":"junta_andalucia","confianza":"alta"}},{"type":"Feature","geometry":{"type":"Point","coordinates":[-5.723498028,36.460648607]},"properties":{"id":"b63717846b645bf9","tipo":"colegio_publico","nombre":"Instituto de Educación Secundaria Pedro Sáinz de Andino","direccion":"Paseo de la Playa, 19","municipio":"Alcalá de los Gazules","provincia":"Cádiz","cp":"11180","telefono":"956418502","email":"11700305.edu@juntadeandalucia.es","web":null,"etapas":"ESO,BACH,EE","fuente":"junta_andalucia","confianza":"alta"}},{"type":"Feature","geometry":{"type":"Point","coordinates":[-6.2671959400177,36.50623631705461]},"properties":{"id":"0acf860f11048855","tipo":"colegio_publico","nombre":"Instituto Provincial de Educación Permanente Cádiz","direccion":"C/ Batalla del Salado, s/n","municipio":"Cádiz","provincia":"Cádiz","cp":"11011","telefono":"956243330","email":"11700317.edu@juntadeandalucia.es","web":null,"etapas":"BACH,ADUL","fuente":"junta_andalucia","confianza":"alta"}},{"type":"Feature","geometry":{"type":"Point","coordinates":[-5.443103313446045,36.1153088291053]},"properties":{"id":"bc3c2388435e8a3b","tipo":"colegio_publico","nombre":"Instituto de Educación Secundaria El Getares","direccion":"Ctra. Getares, s/n. Urb. Villa Rosa","municipio":"Algeciras","provincia":"Cádiz","cp":"11207","telefono":"956670823","email":"11700342.edu@juntadeandalucia.es","web":null,"etapas":"ESO,BACH","fuente":"junta_andalucia","confianza":"alta"}},{"type":"Feature","geometry":{"type":"Point","coordinates":[-6.159376502037048,36.42048818444229]},"properties":{"id":"002b6d7d74138520","tipo":"colegio_publico","nombre":"Instituto de Educación Secundaria Ciudad de Hércules","direccion":"C/ Cuba, 2","municipio":"Chiclana de la Frontera","provincia":"Cádiz","cp":"11130","telefono":"956243754","email":"11700354.edu@juntadeandalucia.es","web":null,"etapas":"ESO,BACH,FP,EE,ADUL","fuente":"junta_andalucia","confianza":"alta"}},{"type":"Feature","geometry":{"type":"Point","coordinates":[-5.819926857948303,36.75059768670259]},"properties":{"id":"98ca41f85afe0851","tipo":"colegio_publico","nombre":"Conservatorio Elemental de Música Vicente Gómez Zarzuela","direccion":"C/ Francia, s/n","municipio":"Arcos de la Frontera","provincia":"Cádiz","cp":"11630","telefono":"956709585","email":"11700366.edu@juntadeandalucia.es","web":null,"etapas":"ART","fuente":"junta_andalucia","confianza":"alta"}},{"type":"Feature","geometry":{"type":"Point","coordinates":[-6.22597830506279,36.597368792989]},"properties":{"id":"61a945a801852bbb","tipo":"colegio_publico","nombre":"Conservatorio Elemental de Música Rafael Taboada Mantilla","direccion":"C/ Misericordia, 31","municipio":"El Puerto de Santa María","provincia":"Cádiz","cp":"11500","telefono":"956243121","email":"11700378.edu@juntadeandalucia.es","web":null,"etapas":"ART","fuente":"junta_andalucia","confianza":"alta"}},{"type":"Feature","geometry":{"type":"Point","coordinates":[-6.13871806,36.691196327]},"properties":{"id":"9293040965214a9e","tipo":"colegio_privado","nombre":"Centro Docente Privado Nuestra Señora del Rocío","direccion":"C/ Pizarro, 9-11","municipio":"Jerez de la Frontera","provincia":"Cádiz","cp":"11402","telefono":"956185943","email":"escuela@esprohident.com","web":null,"etapas":null,"fuente":"junta_andalucia","confianza":"alta"}},{"type":"Feature","geometry":{"type":"Point","coordinates":[-6.1379241943359375,36.417967220975065]},"properties":{"id":"1077c8141328a6a7","tipo":"colegio_publico","nombre":"Escuela Oficial de Idiomas Chiclana","direccion":"Ctra. de la Barrosa, 40","municipio":"Chiclana de la Frontera","provincia":"Cádiz","cp":"11130","telefono":"956243112","email":"11700408.edu@juntadeandalucia.es","web":null,"etapas":"IDI","fuente":"junta_andalucia","confianza":"alta"}},{"type":"Feature","geometry":{"type":"Point","coordinates":[-5.81614573,36.346903066]},"properties":{"id":"828e94af01847af4","tipo":"colegio_publico","nombre":"Instituto de Educación Secundaria Casas Viejas","direccion":"Ctra. Vejer-Benalup, s/n","municipio":"Benalup-Casas Viejas","provincia":"Cádiz","cp":"11190","telefono":"956418931","email":"11700421.edu@juntadeandalucia.es","web":null,"etapas":"ESO,BACH,FP,EE","fuente":"junta_andalucia","confianza":"alta"}},{"type":"Feature","geometry":{"type":"Point","coordinates":[-6.172771453857422,36.52612229426367]},"properties":{"id":"60134614f9b7202e","tipo":"colegio_publico","nombre":"Instituto de Educación Secundaria Profesor Antonio Muro","direccion":"C/ Séneca, s/n","municipio":"Puerto Real","provincia":"Cádiz","cp":"11510","telefono":"956243998","email":"11700433.edu@juntadeandalucia.es","web":null,"etapas":"ESO,BACH","fuente":"junta_andalucia","confianza":"alta"}},{"type":"Feature","geometry":{"type":"Point","coordinates":[-6.217966675758362,36.608599317537156]},"properties":{"id":"e6be90c20ff101f6","tipo":"colegio_publico","nombre":"Instituto de Educación Secundaria José Luis Tejada Peluffo","direccion":"Avda. Guardia Civil, 1","municipio":"El Puerto de Santa María","provincia":"Cádiz","cp":"11500","telefono":"956243707","email":"11700445.edu@juntadeandalucia.es","web":null,"etapas":"ESO,BACH,FP","fuente":"junta_andalucia","confianza":"alta"}},{"type":"Feature","geometry":{"type":"Point","coordinates":[-6.27375689480955,36.5047185927564]},"properties":{"id":"7059e3202cb02d51","tipo":"colegio_publico","nombre":"Escuela Oficial de Idiomas Cádiz","direccion":"C/ Pintor Sorolla, 15","municipio":"Cádiz","provincia":"Cádiz","cp":"11010","telefono":"956243326","email":"11700457.edu@juntadeandalucia.es","web":null,"etapas":"IDI","fuente":"junta_andalucia","confianza":"alta"}},{"type":"Feature","geometry":{"type":"Point","coordinates":[-6.198954216,36.466864251]},"properties":{"id":"b03b292a78a78545","tipo":"colegio_publico","nombre":"Conservatorio Elemental de Música Chelista Ruiz Casaux","direccion":"C/ Muñoz Torrero, s/n","municipio":"San Fernando","provincia":"Cádiz","cp":"11100","telefono":"956243123","email":"11700469.edu@juntadeandalucia.es","web":null,"etapas":"ART","fuente":"junta_andalucia","confianza":"alta"}},{"type":"Feature","geometry":{"type":"Point","coordinates":[-5.167779922485352,36.902239343734855]},"properties":{"id":"bbfb77679194ab32","tipo":"colegio_publico","nombre":"Instituto de Educación Secundaria Fuente Grande","direccion":"Avda. Blas Infante, s/n","municipio":"Alcalá del Valle","provincia":"Cádiz","cp":"11693","telefono":"856588007","email":"11700470.edu@juntadeandalucia.es","web":null,"etapas":"ESO,BACH,FP,EE,ADUL","fuente":"junta_andalucia","confianza":"alta"}},{"type":"Feature","geometry":{"type":"Point","coordinates":[-5.938389301300049,36.64849425541168]},"properties":{"id":"c5d9a25b49adc259","tipo":"colegio_publico","nombre":"Instituto de Educación Secundaria Vega de Guadalete","direccion":"Avda. del bosque, 2","municipio":"Jerez de la Frontera","provincia":"Cádiz","cp":"11570","telefono":"956709840","email":"11700482.edu@juntadeandalucia.es","web":null,"etapas":"ESO,BACH,FP,EE","fuente":"junta_andalucia","confianza":"alta"}},{"type":"Feature","geometry":{"type":"Point","coordinates":[-5.552674052390216,36.78715806330786]},"properties":{"id":"6481e21e1c6c431e","tipo":"colegio_publico","nombre":"Instituto de Educación Secundaria Carlos III","direccion":"C/ Casimiro de Angulo, 19","municipio":"Prado del Rey","provincia":"Cádiz","cp":"11660","telefono":"956724022","email":"11700500.edu@juntadeandalucia.es","web":null,"etapas":"ESO,BACH,FP,ADUL","fuente":"junta_andalucia","confianza":"alta"}},{"type":"Feature","geometry":{"type":"Point","coordinates":[-6.207318305969238,36.45787861738493]},"properties":{"id":"0f7270331e282e8b","tipo":"colegio_publico","nombre":"Instituto de Educación Secundaria Jorge Juan","direccion":"Avda. Duque de Arcos, 11","municipio":"San Fernando","provincia":"Cádiz","cp":"11100","telefono":"956243374","email":"11700512.edu@juntadeandalucia.es; iesjj@ono.com","web":null,"etapas":"ESO,BACH,FP","fuente":"junta_andalucia","confianza":"alta"}},{"type":"Feature","geometry":{"type":"Point","coordinates":[-5.487654805183411,36.187905544376484]},"properties":{"id":"934896d45963443a","tipo":"colegio_publico","nombre":"Instituto de Educación Secundaria Sierra Luna","direccion":"Avda. de Doña Rosa García, 8","municipio":"Los Barrios","provincia":"Cádiz","cp":"11370","telefono":"956670745","email":"11700561.edu@juntadeandalucia.es","web":null,"etapas":"ESO,BACH,FP,EE,ADUL","fuente":"junta_andalucia","confianza":"alta"}},{"type":"Feature","geometry":{"type":"Point","coordinates":[-5.608338117599487,36.012536537015464]},"properties":{"id":"43672d88d22b7d5e","tipo":"colegio_publico","nombre":"Instituto de Educación Secundaria Almadraba","direccion":"C/ Diego Piñero Moreno, 1","municipio":"Tarifa","provincia":"Cádiz","cp":"11380","telefono":"956670260","email":"11700585.edu@juntadeandalucia.es","web":null,"etapas":"ESO,BACH,FP,EE","fuente":"junta_andalucia","confianza":"alta"}},{"type":"Feature","geometry":{"type":"Point","coordinates":[-5.963988304138184,36.24842644066472]},"properties":{"id":"99890bdf3b29b269","tipo":"colegio_publico","nombre":"Instituto de Educación Secundaria La Janda","direccion":"C/ Zafra, s/n","municipio":"Vejer de la Frontera","provincia":"Cádiz","cp":"11150","telefono":"956459595","email":"11700597.edu@juntadeandalucia.es","web":null,"etapas":"ESO,BACH,FP,EE,ADUL","fuente":"junta_andalucia","confianza":"alta"}},{"type":"Feature","geometry":{"type":"Point","coordinates":[-6.2472617626190186,36.59703638861663]},"properties":{"id":"87d17fd0570e92c7","tipo":"colegio_publico","nombre":"Instituto de Educación Secundaria Pintor Juan Lara","direccion":"Cmo. del Águila, 6","municipio":"El Puerto de Santa María","provincia":"Cádiz","cp":"11500","telefono":"956243502","email":"11700603.edu@juntadeandalucia.es","web":null,"etapas":"ESO,BACH,FP","fuente":"junta_andalucia","confianza":"alta"}},{"type":"Feature","geometry":{"type":"Point","coordinates":[-6.360300779342651,36.77792524288132]},"properties":{"id":"813a5596b9beb805","tipo":"colegio_publico","nombre":"Instituto de Educación Secundaria Juan Sebastián Elcano","direccion":"Plaza Escritor Eduardo Mendicuti, s/n","municipio":"Sanlúcar de Barrameda","provincia":"Cádiz","cp":"11540","telefono":"671531710","email":"11700615.edu@juntadeandalucia.es","web":null,"etapas":"ESO,BACH,FP,EE","fuente":"junta_andalucia","confianza":"alta"}},{"type":"Feature","geometry":{"type":"Point","coordinates":[-6.144785515,36.689080734]},"properties":{"id":"ebe1c6c98e86b669","tipo":"colegio_publico","nombre":"Escuela Oficial de Idiomas Jerez de la Frontera","direccion":"C/ Ponce, 10","municipio":"Jerez de la Frontera","provincia":"Cádiz","cp":"11404","telefono":"856811583","email":"11700627.edu@juntadeandalucia.es","web":null,"etapas":"IDI","fuente":"junta_andalucia","confianza":"alta"}},{"type":"Feature","geometry":{"type":"Point","coordinates":[-6.209631800629722,36.457803256177]},"properties":{"id":"7e7c3794914253f8","tipo":"colegio_publico","nombre":"Escuela Oficial de Idiomas San Fernando","direccion":"Avda. Duque de Arcos, 11","municipio":"San Fernando","provincia":"Cádiz","cp":"11100","telefono":"956243282","email":"11700639.edu@juntadeandalucia.es","web":null,"etapas":"IDI","fuente":"junta_andalucia","confianza":"alta"}},{"type":"Feature","geometry":{"type":"Point","coordinates":[-5.54677773,36.922872111]},"properties":{"id":"f3911da02a1ad2e7","tipo":"colegio_publico","nombre":"Instituto de Educación Secundaria Vía Verde","direccion":"C/ Instituto, 2","municipio":"Puerto Serrano","provincia":"Cádiz","cp":"11659","telefono":"956128553","email":"11700640.edu@juntadeandalucia.es","web":null,"etapas":"ESO,FP,EE","fuente":"junta_andalucia","confianza":"alta"}},{"type":"Feature","geometry":{"type":"Point","coordinates":[-6.278532839,36.520397039]},"properties":{"id":"9844b69d90f38dec","tipo":"colegio_publico","nombre":"Instituto de Educación Secundaria San Severiano","direccion":"Avda. San Severiano, 8","municipio":"Cádiz","provincia":"Cádiz","cp":"11007","telefono":"956243270","email":"11700688.edu@juntadeandalucia.es","web":null,"etapas":"ESO,BACH,FP","fuente":"junta_andalucia","confianza":"alta"}},{"type":"Feature","geometry":{"type":"Point","coordinates":[-6.195806264877319,36.52730343595307]},"properties":{"id":"6081ac260ae42bc3","tipo":"colegio_publico","nombre":"Instituto de Educación Secundaria La Jarcia","direccion":"C/ Ribera del Muelle, s/n","municipio":"Puerto Real","provincia":"Cádiz","cp":"11510","telefono":"956243509","email":"11700718.edu@juntadeandalucia.es","web":null,"etapas":"ESO","fuente":"junta_andalucia","confianza":"alta"}},{"type":"Feature","geometry":{"type":"Point","coordinates":[-6.209110884,36.46022064]},"properties":{"id":"c1286963c4072743","tipo":"colegio_publico","nombre":"Instituto de Educación Secundaria Blas Infante","direccion":"Bda. Blas Infante, s/n","municipio":"San Fernando","provincia":"Cádiz","cp":"11100","telefono":"956243644","email":"11700721.edu@juntadeandalucia.es","web":null,"etapas":"ESO,FP,EE","fuente":"junta_andalucia","confianza":"alta"}},{"type":"Feature","geometry":{"type":"Point","coordinates":[-5.609897228,36.01567232]},"properties":{"id":"23f845da4b190101","tipo":"colegio_publico","nombre":"Instituto de Educación Secundaria Baelo Claudia","direccion":"C/ Los Lances, s/n","municipio":"Tarifa","provincia":"Cádiz","cp":"11380","telefono":"956670180","email":"11700731.edu@juntadeandalucia.es","web":null,"etapas":"ESO","fuente":"junta_andalucia","confianza":"alta"}},{"type":"Feature","geometry":{"type":"Point","coordinates":[-5.641007423400879,36.85657452248981]},"properties":{"id":"7e7530a081870ab4","tipo":"colegio_publico","nombre":"Instituto de Educación Secundaria La Loma","direccion":"C/ Consolación, 67","municipio":"Villamartín","provincia":"Cádiz","cp":"11650","telefono":"956709824","email":"11700743.edu@juntadeandalucia.es","web":null,"etapas":"ESO,EE","fuente":"junta_andalucia","confianza":"alta"}},{"type":"Feature","geometry":{"type":"Point","coordinates":[-5.7461124658584595,36.81684341804532]},"properties":{"id":"555830f2e7776b94","tipo":"colegio_publico","nombre":"Instituto de Educación Secundaria El Convento","direccion":"Plaza de las Monjas, 5","municipio":"Bornos","provincia":"Cádiz","cp":"11640","telefono":"956709827","email":"11700755.edu@juntadeandalucia.es","web":null,"etapas":"ESO,BACH,FP,EE","fuente":"junta_andalucia","confianza":"alta"}},{"type":"Feature","geometry":{"type":"Point","coordinates":[-6.110349528,36.692725453]},"properties":{"id":"c26516ed248a0ebf","tipo":"colegio_publico","nombre":"Instituto de Educación Secundaria Seritium","direccion":"Avda. Amsterdam, s/n","municipio":"Jerez de la Frontera","provincia":"Cádiz","cp":"11406","telefono":"856811846","email":"11700767.edu@juntadeandalucia.es","web":null,"etapas":"ESO,BACH","fuente":"junta_andalucia","confianza":"alta"}},{"type":"Feature","geometry":{"type":"Point","coordinates":[-5.325798686,36.340263633]},"properties":{"id":"8d748b06d5730736","tipo":"colegio_publico","nombre":"Instituto de Educación Secundaria Azahar","direccion":"C/ Córdoba, s/n","municipio":"San Martín del Tesorillo","provincia":"Cádiz","cp":"11340","telefono":"956670255","email":"11700779.edu@juntadeandalucia.es","web":null,"etapas":"ESO","fuente":"junta_andalucia","confianza":"alta"}},{"type":"Feature","geometry":{"type":"Point","coordinates":[-5.867578983306885,36.52383108660862]},"properties":{"id":"47b005bef7cf97f6","tipo":"colegio_publico","nombre":"Instituto de Educación Secundaria Paterna","direccion":"Avda. Blas Infante, 29","municipio":"Paterna de Rivera","provincia":"Cádiz","cp":"11178","telefono":"956418912","email":"11700780.edu@juntadeandalucia.es","web":null,"etapas":"ESO,BACH","fuente":"junta_andalucia","confianza":"alta"}},{"type":"Feature","geometry":{"type":"Point","coordinates":[-6.302386522293091,36.5301915531665]},"properties":{"id":"1bb99bcc0404577e","tipo":"colegio_privado","nombre":"Centro Docente Privado La Salle-Viña","direccion":"C/ Martínez Campos 4","municipio":"Cádiz","provincia":"Cádiz","cp":"11002","telefono":"956212065","email":"11700792.edu@juntadeandalucia.es","web":null,"etapas":"ESO,BACH,FP","fuente":"junta_andalucia","confianza":"alta"}},{"type":"Feature","geometry":{"type":"Point","coordinates":[-6.247658729553223,36.59425413663143]},"properties":{"id":"18bb5a0329964d58","tipo":"colegio_publico","nombre":"Instituto de Educación Secundaria La Arboleda","direccion":"Avda. Padre Ellacuría, 13","municipio":"El Puerto de Santa María","provincia":"Cádiz","cp":"11500","telefono":"956243516","email":"11700810.edu@juntadeandalucia.es","web":null,"etapas":"ESO","fuente":"junta_andalucia","confianza":"alta"}},{"type":"Feature","geometry":{"type":"Point","coordinates":[-6.214085321,36.613296243]},"properties":{"id":"c32b0e5e0b71dc91","tipo":"colegio_publico","nombre":"Instituto de Educación Secundaria Antonio de la Torre","direccion":"C/ de la Guitarra, 4","municipio":"El Puerto de Santa María","provincia":"Cádiz","cp":"11500","telefono":"956243713","email":"11700822.edu@juntadeandalucia.es","web":null,"etapas":"ESO,FP,EE","fuente":"junta_andalucia","confianza":"alta"}},{"type":"Feature","geometry":{"type":"Point","coordinates":[-6.239279992,36.615208355]},"properties":{"id":"09315ecc39064730","tipo":"colegio_publico","nombre":"Instituto de Educación Secundaria Las Banderas","direccion":"Ctra. Sanlúcar, Km. 2,5","municipio":"El Puerto de Santa María","provincia":"Cádiz","cp":"11500","telefono":"956243719","email":"11700834.edu@juntadeandalucia.es","web":null,"etapas":"ESO,FP","fuente":"junta_andalucia","confianza":"alta"}},{"type":"Feature","geometry":{"type":"Point","coordinates":[-5.446193218231201,36.675088010470844]},"properties":{"id":"58bbad09077aeaf4","tipo":"colegio_publico","nombre":"Instituto de Educación Secundaria Maestro Francisco Fatou","direccion":"C/ Menéndez Pidal, 1","municipio":"Ubrique","provincia":"Cádiz","cp":"11600","telefono":"956128917","email":"11700858.edu@juntadeandalucia.es","web":null,"etapas":"ESO,EE","fuente":"junta_andalucia","confianza":"alta"}},{"type":"Feature","geometry":{"type":"Point","coordinates":[-6.347976121506463,36.7623706602282]},"properties":{"id":"6ef146c45fa12a46","tipo":"colegio_publico","nombre":"Instituto de Educación Secundaria Botánico","direccion":"Avda. Pozo de las Vacas, s/n. Finca El Jardín Botánico","municipio":"Sanlúcar de Barrameda","provincia":"Cádiz","cp":"11540","telefono":"956386993","email":"11700871.edu@juntadeandalucia.es","web":null,"etapas":"ESO","fuente":"junta_andalucia","confianza":"alta"}},{"type":"Feature","geometry":{"type":"Point","coordinates":[-6.148813962936401,36.407822105884165]},"properties":{"id":"460187735cd00203","tipo":"colegio_publico","nombre":"Instituto de Educación Secundaria La Pedrera Blanca","direccion":"Callej  de la Pedrera, s/n","municipio":"Chiclana de la Frontera","provincia":"Cádiz","cp":"11130","telefono":"626377806","email":"11700883.edu@juntadeandalucia.es","web":null,"etapas":"ESO,BACH,FP","fuente":"junta_andalucia","confianza":"alta"}},{"type":"Feature","geometry":{"type":"Point","coordinates":[-5.467565059661865,36.147639126688944]},"properties":{"id":"bfbda31bd56a0a73","tipo":"colegio_publico","nombre":"Instituto de Educación Secundaria Las Palomas","direccion":"C/ Adalides, s/n","municipio":"Algeciras","provincia":"Cádiz","cp":"11204","telefono":"956670611","email":"11700913.edu@juntadeandalucia.es","web":null,"etapas":"ESO,EE","fuente":"junta_andalucia","confianza":"alta"}},{"type":"Feature","geometry":{"type":"Point","coordinates":[-5.792090892791748,36.74291637075179]},"properties":{"id":"667b955eb7548be4","tipo":"colegio_publico","nombre":"Instituto de Educación Secundaria Guadalpeña","direccion":"C/ Francia, s/n","municipio":"Arcos de la Frontera","provincia":"Cádiz","cp":"11630","telefono":"956709993","email":"11700937.edu@juntadeandalucia.es","web":null,"etapas":"ESO,BACH,FP","fuente":"junta_andalucia","confianza":"alta"}},{"type":"Feature","geometry":{"type":"Point","coordinates":[-5.925307692,36.194088651]},"properties":{"id":"a400d4bc84b31d78","tipo":"colegio_publico","nombre":"Instituto de Educación Secundaria Vicente Aleixandre","direccion":"Bda. El Pinar, s/n","municipio":"Barbate","provincia":"Cádiz","cp":"11160","telefono":"956459605","email":"11700949.edu@juntadeandalucia.es","web":null,"etapas":"ESO,EE","fuente":"junta_andalucia","confianza":"alta"}},{"type":"Feature","geometry":{"type":"Point","coordinates":[-5.422797044,36.284204499]},"properties":{"id":"5d5749f8639abcf2","tipo":"colegio_publico","nombre":"Instituto de Educación Secundaria Almoraima","direccion":"Avda. de las Adelfas, s/n","municipio":"Castellar de la Frontera","provincia":"Cádiz","cp":"11350","telefono":"956670199","email":"11700950.edu@juntadeandalucia.es","web":null,"etapas":"ESO","fuente":"junta_andalucia","confianza":"alta"}},{"type":"Feature","geometry":{"type":"Point","coordinates":[-6.135950088500977,36.42287093769248]},"properties":{"id":"dab2443a13d011dd","tipo":"colegio_publico","nombre":"Instituto de Educación Secundaria Fernando Quiñones","direccion":"C/ Pablo de Olavide, 2","municipio":"Chiclana de la Frontera","provincia":"Cádiz","cp":"11130","telefono":"956243910","email":"11700962.edu@juntadeandalucia.es","web":null,"etapas":"ESO,BACH,FP","fuente":"junta_andalucia","confianza":"alta"}},{"type":"Feature","geometry":{"type":"Point","coordinates":[-5.802208185195923,36.86984510842665]},"properties":{"id":"04a0b176720cb04a","tipo":"colegio_publico","nombre":"Instituto de Educación Secundaria Castillo de Fatetar","direccion":"Avda. Príncipe de Asturias, s/n","municipio":"Espera","provincia":"Cádiz","cp":"11648","telefono":"956709749","email":"11700986.edu@juntadeandalucia.es","web":null,"etapas":"ESO","fuente":"junta_andalucia","confianza":"alta"}},{"type":"Feature","geometry":{"type":"Point","coordinates":[-5.369213819503784,36.75970508893771]},"properties":{"id":"2850f150e8c8a202","tipo":"colegio_publico","nombre":"Instituto de Educación Secundaria Sierra de Grazalema","direccion":"C/ Santa Clara, s/n","municipio":"Grazalema","provincia":"Cádiz","cp":"11610","telefono":"956132396","email":"11700998.edu@juntadeandalucia.es","web":null,"etapas":"ESO","fuente":"junta_andalucia","confianza":"alta"}},{"type":"Feature","geometry":{"type":"Point","coordinates":[-6.088115572929382,36.71589885564991]},"properties":{"id":"13caa918808bad26","tipo":"colegio_publico","nombre":"Instituto de Educación Secundaria La Campiña","direccion":"C/ Feria, s/n","municipio":"Jerez de la Frontera","provincia":"Cádiz","cp":"11591","telefono":"856811864","email":"11701000.edu@juntadeandalucia.es","web":null,"etapas":"ESO,EE","fuente":"junta_andalucia","confianza":"alta"}},{"type":"Feature","geometry":{"type":"Point","coordinates":[-5.304431934604622,36.29460751915561]},"properties":{"id":"ccce2a41ef935c9e","tipo":"colegio_publico","nombre":"Instituto de Educación Secundaria Sierra Almenara","direccion":"C/ Almenara, 6. P.N. de Guadiaro","municipio":"San Roque","provincia":"Cádiz","cp":"11311","telefono":"956670277","email":"11701012.edu@juntadeandalucia.es","web":null,"etapas":"ESO","fuente":"junta_andalucia","confianza":"alta"}},{"type":"Feature","geometry":{"type":"Point","coordinates":[-6.092391014099121,36.33013141479083]},"properties":{"id":"ae2f79d52125d34a","tipo":"colegio_publico","nombre":"Instituto de Educación Secundaria Roche","direccion":"Pago El Colorado, s/n","municipio":"Conil de la Frontera","provincia":"Cádiz","cp":"11149","telefono":"956459624","email":"11701036.edu@juntadeandalucia.es","web":null,"etapas":"ESO","fuente":"junta_andalucia","confianza":"alta"}},{"type":"Feature","geometry":{"type":"Point","coordinates":[-5.8028411865234375,36.606157681376395]},"properties":{"id":"14942b6ce37eb3c0","tipo":"colegio_publico","nombre":"Instituto de Educación Secundaria Castillo de Tempul","direccion":"C/ Pino, s/n","municipio":"San José del Valle","provincia":"Cádiz","cp":"11580","telefono":"856811860","email":"11701048.edu@juntadeandalucia.es","web":null,"etapas":"ESO,FP,EE","fuente":"junta_andalucia","confianza":"alta"}},{"type":"Feature","geometry":{"type":"Point","coordinates":[-5.175852358775488,36.86213593050536]},"properties":{"id":"3cae7d591226f6eb","tipo":"colegio_publico","nombre":"Instituto de Educación Secundaria Villa de Setenil","direccion":"C/ María Zambrano, 2","municipio":"Setenil de las Bodegas","provincia":"Cádiz","cp":"11692","telefono":"956128840","email":"11701051.edu@juntadeandalucia.es","web":null,"etapas":"ESO","fuente":"junta_andalucia","confianza":"alta"}},{"type":"Feature","geometry":{"type":"Point","coordinates":[-5.425175428390503,36.20889234695865]},"properties":{"id":"1186575ec6838e8c","tipo":"colegio_publico","nombre":"Instituto de Educación Secundaria Mar del Sur","direccion":"C/ Polígono Industrial de Taraguilla La Polvora","municipio":"San Roque","provincia":"Cádiz","cp":"11369","telefono":"956670724","email":"11701061.edu@juntadeandalucia.es","web":null,"etapas":"ESO","fuente":"junta_andalucia","confianza":"alta"}},{"type":"Feature","geometry":{"type":"Point","coordinates":[-5.458993771,36.136988091]},"properties":{"id":"8e1be2a24482e79f","tipo":"colegio_publico","nombre":"Instituto de Educación Secundaria Baelo Claudia","direccion":"Urb. Parque Bolonia, s/n","municipio":"Algeciras","provincia":"Cádiz","cp":"11204","telefono":"956652910","email":"11701085.edu@juntadeandalucia.es","web":null,"etapas":"ESO,EE","fuente":"junta_andalucia","confianza":"alta"}},{"type":"Feature","geometry":{"type":"Point","coordinates":[-5.450433972,36.120417501]},"properties":{"id":"cc3f80c17afeef6c","tipo":"colegio_publico","nombre":"Instituto de Educación Secundaria Federico García Lorca","direccion":"C/ Fernando de Herrera, s/n","municipio":"Algeciras","provincia":"Cádiz","cp":"11207","telefono":"956670806","email":"11701103.edu@juntadeandalucia.es","web":null,"etapas":"ESO,FP,EE","fuente":"junta_andalucia","confianza":"alta"}},{"type":"Feature","geometry":{"type":"Point","coordinates":[-6.131134862,36.674717206]},"properties":{"id":"97da45af9c2875ab","tipo":"colegio_publico","nombre":"Instituto de Educación Secundaria San Telmo","direccion":"Bda. San Telmo, s/n","municipio":"Jerez de la Frontera","provincia":"Cádiz","cp":"11408","telefono":"856811871","email":"11701115.edu@juntadeandalucia.es","web":null,"etapas":"ESO,EE","fuente":"junta_andalucia","confianza":"alta"}},{"type":"Feature","geometry":{"type":"Point","coordinates":[-6.150777339935303,36.69322501489658]},"properties":{"id":"6fc6d2e9073c8a7c","tipo":"colegio_publico","nombre":"Instituto de Educación Secundaria Dra. Josefa de los Reyes","direccion":"Bda. San Valentín, s/n","municipio":"Jerez de la Frontera","provincia":"Cádiz","cp":"11408","telefono":"856811609","email":"11701127.edu@juntadeandalucia.es","web":null,"etapas":"ESO,FP","fuente":"junta_andalucia","confianza":"alta"}},{"type":"Feature","geometry":{"type":"Point","coordinates":[-6.097433567047119,36.69973711739838]},"properties":{"id":"6588fdfc3a3817b6","tipo":"colegio_publico","nombre":"Instituto de Educación Secundaria Lola Flores","direccion":"C/ Caulina, s/n","municipio":"Jerez de la Frontera","provincia":"Cádiz","cp":"11405","telefono":"856811626","email":"11701139.edu@juntadeandalucia.es","web":null,"etapas":"ESO,BACH,FP","fuente":"junta_andalucia","confianza":"alta"}},{"type":"Feature","geometry":{"type":"Point","coordinates":[-6.1395978927612305,36.70113065288223]},"properties":{"id":"8dc53245f6b6a38c","tipo":"colegio_publico","nombre":"Instituto de Educación Secundaria Sofía","direccion":"C/ Doctor Marañón, 13","municipio":"Jerez de la Frontera","provincia":"Cádiz","cp":"11407","telefono":"856811890","email":"11701140.edu@juntadeandalucia.es","web":null,"etapas":"ESO,BACH,EE","fuente":"junta_andalucia","confianza":"alta"}},{"type":"Feature","geometry":{"type":"Point","coordinates":[-5.341624681,36.172410942]},"properties":{"id":"b4a544141e667f0e","tipo":"colegio_publico","nombre":"Instituto de Educación Secundaria Antonio Machado","direccion":"C/ Blanca de los Ríos, 87","municipio":"La Línea de la Concepción","provincia":"Cádiz","cp":"11300","telefono":"956670738","email":"11701152.edu@juntadeandalucia.es","web":null,"etapas":"ESO,BACH","fuente":"junta_andalucia","confianza":"alta"}},{"type":"Feature","geometry":{"type":"Point","coordinates":[-6.35832071,36.627695283]},"properties":{"id":"1728d449ad9d4820","tipo":"colegio_publico","nombre":"Instituto de Educación Secundaria Astaroth","direccion":"C/ Santo Domingo de Guzmán, 2","municipio":"Rota","provincia":"Cádiz","cp":"11520","telefono":"956243768","email":"11701164.edu@juntadeandalucia.es","web":null,"etapas":"ESO,FP,EE","fuente":"junta_andalucia","confianza":"alta"}},{"type":"Feature","geometry":{"type":"Point","coordinates":[-6.278986930847168,36.52240632213707]},"properties":{"id":"ae8884a64f0b027d","tipo":"colegio_publico","nombre":"Conservatorio Profesional de Danza Maribel Gallardo","direccion":"Avda. de las Cortes, nº 3","municipio":"Cádiz","provincia":"Cádiz","cp":"11012","telefono":"956243341","email":"11701176.edu@juntadeandalucia.es","web":null,"etapas":"ART","fuente":"junta_andalucia","confianza":"alta"}},{"type":"Feature","geometry":{"type":"Point","coordinates":[-6.357438036,36.784191163]},"properties":{"id":"b4f80f40dd18b0db","tipo":"colegio_publico","nombre":"Instituto de Educación Secundaria San Lucas","direccion":"Avda. Bajo de Guía, 2","municipio":"Sanlúcar de Barrameda","provincia":"Cádiz","cp":"11540","telefono":"956386552","email":"11701188.edu@juntadeandalucia.es","web":null,"etapas":"ESO,BACH","fuente":"junta_andalucia","confianza":"alta"}},{"type":"Feature","geometry":{"type":"Point","coordinates":[-5.447030067443848,36.11723290210674]},"properties":{"id":"af23d233cb1474e9","tipo":"colegio_publico","nombre":"Sección de Instituto Provincial de Educación Permanente Entre dos aguas","direccion":"C/ Fray Junípero Serra, s/n","municipio":"Algeciras","provincia":"Cádiz","cp":"11207","telefono":"671535003","email":"11701206.edu@juntadeandalucia.es","web":null,"etapas":"BACH,ADUL","fuente":"junta_andalucia","confianza":"alta"}},{"type":"Feature","geometry":{"type":"Point","coordinates":[-6.148524113,36.420962007]},"properties":{"id":"b3111de935e70d8c","tipo":"colegio_privado","nombre":"Centro Docente Privado San Agustín","direccion":"C/ C/ Frailes, 10","municipio":"Chiclana de la Frontera","provincia":"Cádiz","cp":"11130","telefono":"956400423","email":null,"web":null,"etapas":"ESO","fuente":"junta_andalucia","confianza":"alta"}},{"type":"Feature","geometry":{"type":"Point","coordinates":[-6.221745953,36.524469061]},"properties":{"id":"16e0b9d9420b7af9","tipo":"colegio_publico","nombre":"Instituto de Educación Secundaria La Algaida","direccion":"C/ Jamaica, 2","municipio":"Puerto Real","provincia":"Cádiz","cp":"11519","telefono":"956243658","email":"11701231.edu@juntadeandalucia.es","web":null,"etapas":"ESO","fuente":"junta_andalucia","confianza":"alta"}},{"type":"Feature","geometry":{"type":"Point","coordinates":[-6.14216993,36.698755321]},"properties":{"id":"62a5b2bb856b80d5","tipo":"colegio_privado","nombre":"Centro Docente Privado Escuelas Profesionales de la Sagrada Familia","direccion":"C/ Racimo, 3, Poligono San Benito","municipio":"Jerez de la Frontera","provincia":"Cádiz","cp":"11407","telefono":"956304589","email":"jerez@safa.edu","web":null,"etapas":"ESO,FP,EE","fuente":"junta_andalucia","confianza":"alta"}},{"type":"Feature","geometry":{"type":"Point","coordinates":[-5.445680687,36.131195099]},"properties":{"id":"1b7d72ac8123fbc6","tipo":"colegio_privado","nombre":"Centro Docente Privado Instituto de Formación Profesional Superior Puenteuropa","direccion":"Avda. Virgen del Carmen, 29","municipio":"Algeciras","provincia":"Cádiz","cp":"11201","telefono":"956587913","email":"info@puenteuropa.com","web":null,"etapas":null,"fuente":"junta_andalucia","confianza":"alta"}},{"type":"Feature","geometry":{"type":"Point","coordinates":[-5.447203264,36.675591193]},"properties":{"id":"61c7fefcea03e77e","tipo":"colegio_publico","nombre":"Escuela Municipal de Música Maestro Juan Chacón","direccion":"C/ Menéndez Pidal, s/n","municipio":"Ubrique","provincia":"Cádiz","cp":"11600","telefono":"956463806","email":"emmubrique@gmail.com","web":null,"etapas":"ART","fuente":"junta_andalucia","confianza":"alta"}},{"type":"Feature","geometry":{"type":"Point","coordinates":[-5.7212446,36.4619426]},"properties":{"id":"2fb71f6044a28cdd","tipo":"ayuntamiento","nombre":"Ayuntamiento de Alcalá de los Gazules","direccion":"Ayuntamiento de Alcalá de los Gazules, Calle Arroyo, Alcalá de los Gazules, La Janda, Cádiz, Andalucía, España","municipio":"Alcalá de los Gazules","provincia":"Cádiz","cp":null,"telefono":null,"email":null,"web":null,"etapas":null,"fuente":"nominatim","confianza":"alta"}},{"type":"Feature","geometry":{"type":"Point","coordinates":[-5.1731556,36.9050767]},"properties":{"id":"12177a8e81d69a39","tipo":"ayuntamiento","nombre":"Ayuntamiento de Alcalá del Valle","direccion":"Ayuntamiento de Alcalá del Valle, Plaza del Ayuntamiento, Alcalá del Valle, Sierra de Cádiz, Cádiz, Andalucía, 11693, España","municipio":"Alcalá del Valle","provincia":"Cádiz","cp":null,"telefono":null,"email":null,"web":null,"etapas":null,"fuente":"nominatim","confianza":"alta"}},{"type":"Feature","geometry":{"type":"Point","coordinates":[-5.6574557,36.6554084]},"properties":{"id":"10b356bfae1d1baf","tipo":"ayuntamiento","nombre":"Ayuntamiento de Algar","direccion":"Ayuntamiento de Algar, Plaza de la Constitución, Barriada del Calvario, Algar, Sierra de Cádiz, Cádiz, Andalucía, España","municipio":"Algar","provincia":"Cádiz","cp":null,"telefono":null,"email":null,"web":null,"etapas":null,"fuente":"nominatim","confianza":"alta"}},{"type":"Feature","geometry":{"type":"Point","coordinates":[-5.4478427,36.1319321]},"properties":{"id":"7a8fbfd681625618","tipo":"ayuntamiento","nombre":"Ayuntamiento de Algeciras","direccion":"Ayuntamiento de Algeciras, 12, Alfonso XI, Bajadilla, Algeciras, Campo de Gibraltar, Cádiz, Andalucía, 11201, España","municipio":"Algeciras","provincia":"Cádiz","cp":null,"telefono":null,"email":null,"web":null,"etapas":null,"fuente":"nominatim","confianza":"alta"}},{"type":"Feature","geometry":{"type":"Point","coordinates":[-5.4048054,36.8807701]},"properties":{"id":"d649daadfa2e68a9","tipo":"ayuntamiento","nombre":"Ayuntamiento de Algodonales","direccion":"Ayuntamiento de Algodonales, Avenida de Andalucía, Algodonales, Sierra de Cádiz, Cádiz, Andalucía, 11680, España","municipio":"Algodonales","provincia":"Cádiz","cp":null,"telefono":null,"email":null,"web":null,"etapas":null,"fuente":"nominatim","confianza":"alta"}},{"type":"Feature","geometry":{"type":"Point","coordinates":[-5.8068412,36.7480518]},"properties":{"id":"113ffc54e6f6227a","tipo":"ayuntamiento","nombre":"Ayuntamiento de Arcos de la Frontera","direccion":"Ayuntamiento de Arcos de la Frontera, Calle Gradas, Arcos de la Frontera, Sierra de Cádiz, Cádiz, Andalucía, 11630, España","municipio":"Arcos de la Frontera","provincia":"Cádiz","cp":null,"telefono":null,"email":null,"web":null,"etapas":null,"fuente":"nominatim","confianza":"alta"}},{"type":"Feature","geometry":{"type":"Point","coordinates":[-5.9188807,36.1928972]},"properties":{"id":"6c9f82710a7784b3","tipo":"ayuntamiento","nombre":"Ayuntamiento de Barbate","direccion":"Ayuntamiento de Barbate, Calle de Antonio Machado, Residencial Las Pérgolas, Barbate, La Janda, Cádiz, Andalucía, 11160, España","municipio":"Barbate","provincia":"Cádiz","cp":null,"telefono":null,"email":null,"web":null,"etapas":null,"fuente":"nominatim","confianza":"alta"}},{"type":"Feature","geometry":{"type":"Point","coordinates":[-5.8121141,36.3465024]},"properties":{"id":"1ebfd0e69eba62d4","tipo":"ayuntamiento","nombre":"Ayuntamiento de Benalup-Casas Viejas","direccion":"Ayuntamiento de Benalup-Casas Viejas;Ayuntamiento, Calle Cantera, Benalup-Casas Viejas, La Janda, Cádiz, Andalucía, 11190, España","municipio":"Benalup-Casas Viejas","provincia":"Cádiz","cp":null,"telefono":null,"email":null,"web":null,"etapas":null,"fuente":"nominatim","confianza":"alta"}},{"type":"Feature","geometry":{"type":"Point","coordinates":[-5.4212348,36.6994494]},"properties":{"id":"5c82fc1e7a194619","tipo":"ayuntamiento","nombre":"Ayuntamiento de Benaocaz","direccion":"Ayuntamiento de Benaocaz, Plaza de la Constitución, Barrio Nazarí, Benaocaz, Sierra de Cádiz, Cádiz, Andalucía, 11612, España","municipio":"Benaocaz","provincia":"Cádiz","cp":null,"telefono":null,"email":null,"web":null,"etapas":null,"fuente":"nominatim","confianza":"alta"}},{"type":"Feature","geometry":{"type":"Point","coordinates":[-5.7435701,36.8148494]},"properties":{"id":"eac08c467ed44ed9","tipo":"ayuntamiento","nombre":"Ayuntamiento de Bornos","direccion":"Ayuntamiento de Bornos, Plaza del Alcalde José González, Barriada La Paz, Bornos, Sierra de Cádiz, Cádiz, Andalucía, España","municipio":"Bornos","provincia":"Cádiz","cp":null,"telefono":null,"email":null,"web":null,"etapas":null,"fuente":"nominatim","confianza":"alta"}},{"type":"Feature","geometry":{"type":"Point","coordinates":[-5.4201335,36.2859399]},"properties":{"id":"01bf41d81c0f752c","tipo":"ayuntamiento","nombre":"Ayuntamiento de Castellar de la Frontera","direccion":"Ayuntamiento de Castellar de la Frontera, Calle Montaser Kattani, La Almoraima, Castellar de la Frontera, Campo de Gibraltar, Cádiz, Andalucía, 11350, España","municipio":"Castellar de la Frontera","provincia":"Cádiz","cp":null,"telefono":null,"email":null,"web":null,"etapas":null,"fuente":"nominatim","confianza":"alta"}},{"type":"Feature","geometry":{"type":"Point","coordinates":[-6.1493454,36.4196082]},"properties":{"id":"0ac6c73d397709ad","tipo":"ayuntamiento","nombre":"Ayuntamiento de Chiclana de la Frontera","direccion":"Ayuntamiento de Chiclana de la Frontera, 1, Calle Constitución, Chiclana de la Frontera, Bahía de Cádiz, Cádiz, Andalucía, 11130, España","municipio":"Chiclana de la Frontera","provincia":"Cádiz","cp":null,"telefono":null,"email":null,"web":null,"etapas":null,"fuente":"nominatim","confianza":"alta"}},{"type":"Feature","geometry":{"type":"Point","coordinates":[-6.4358834,36.7408967]},"properties":{"id":"b54951f7da3d2520","tipo":"ayuntamiento","nombre":"Ayuntamiento de Chipiona","direccion":"Ayuntamiento de Chipiona, Calle Doctor Tolosa Latour, Chipiona, Costa Noroeste, Cádiz, Andalucía, 11550, España","municipio":"Chipiona","provincia":"Cádiz","cp":null,"telefono":null,"email":null,"web":null,"etapas":null,"fuente":"nominatim","confianza":"alta"}},{"type":"Feature","geometry":{"type":"Point","coordinates":[-6.0878704,36.2770525]},"properties":{"id":"5b91c80c273b5007","tipo":"ayuntamiento","nombre":"Ayuntamiento de Conil de la Frontera","direccion":"Ayuntamiento de Conil de la Frontera, Calle Almendro, Casa de Postas, Conil de la Frontera, La Janda, Cádiz, Andalucía, 11140, España","municipio":"Conil de la Frontera","provincia":"Cádiz","cp":null,"telefono":null,"email":null,"web":null,"etapas":null,"fuente":"nominatim","confianza":"alta"}},{"type":"Feature","geometry":{"type":"Point","coordinates":[-6.2930664,36.5294026]},"properties":{"id":"73876a96971234f1","tipo":"ayuntamiento","nombre":"Ayuntamiento de Cádiz","direccion":"Ayuntamiento de Cádiz, Plaza de San Juan de Dios, Santa María, Cádiz, Bahía de Cádiz, Cádiz, Andalucía, 11005, España","municipio":"Cádiz","provincia":"Cádiz","cp":null,"telefono":null,"email":null,"web":null,"etapas":null,"fuente":"nominatim","confianza":"alta"}},{"type":"Feature","geometry":{"type":"Point","coordinates":[-5.5054598,36.7589882]},"properties":{"id":"a58609c9aa0bbd4f","tipo":"ayuntamiento","nombre":"Ayuntamiento de El Bosque","direccion":"Ayuntamiento de El Bosque, Plaza de la Constitución, El Bosque, Sierra de Cádiz, Cádiz, Andalucía, 11670, España","municipio":"El Bosque","provincia":"Cádiz","cp":null,"telefono":null,"email":null,"web":null,"etapas":null,"fuente":"nominatim","confianza":"alta"}},{"type":"Feature","geometry":{"type":"Point","coordinates":[-5.3236394,36.8550398]},"properties":{"id":"9c7939c983746f30","tipo":"ayuntamiento","nombre":"Ayuntamiento de El Gastor","direccion":"Ayuntamiento de El Gastor, Calle Alta, El Gastor, Sierra de Cádiz, Cádiz, Andalucía, 11687, España","municipio":"El Gastor","provincia":"Cádiz","cp":null,"telefono":null,"email":null,"web":null,"etapas":null,"fuente":"nominatim","confianza":"alta"}},{"type":"Feature","geometry":{"type":"Point","coordinates":[-6.2254291,36.6005479]},"properties":{"id":"a65f6397b1a37add","tipo":"ayuntamiento","nombre":"Ayuntamiento de El Puerto de Santa María","direccion":"Ayuntamiento de El Puerto de Santa María, Calle Descalzos, Sudamérica, El Puerto de Santa María, Bahía de Cádiz, Cádiz, Andalucía, 11500, España","municipio":"El Puerto de Santa María","provincia":"Cádiz","cp":null,"telefono":null,"email":null,"web":null,"etapas":null,"fuente":"nominatim","confianza":"alta"}},{"type":"Feature","geometry":{"type":"Point","coordinates":[-5.8060847,36.8732338]},"properties":{"id":"84f3d800a7072ab8","tipo":"ayuntamiento","nombre":"Ayuntamiento de Espera","direccion":"Ayuntamiento de Espera, Calle Andalucía, Espera, Sierra de Cádiz, Cádiz, Andalucía, 11648, España","municipio":"Espera","provincia":"Cádiz","cp":null,"telefono":null,"email":null,"web":null,"etapas":null,"fuente":"nominatim","confianza":"alta"}},{"type":"Feature","geometry":{"type":"Point","coordinates":[-5.3660454,36.7584198]},"properties":{"id":"c6c8e1e1046a1518","tipo":"ayuntamiento","nombre":"Ayuntamiento de Grazalema","direccion":"Ayuntamiento de Grazalema, 1, Plaza de España, Grazalema, Sierra de Cádiz, Cádiz, Andalucía, 11610, España","municipio":"Grazalema","provincia":"Cádiz","cp":null,"telefono":null,"email":null,"web":null,"etapas":null,"fuente":"nominatim","confianza":"alta"}},{"type":"Feature","geometry":{"type":"Point","coordinates":[-5.9692757,36.6195774]},"properties":{"id":"0d483b039d649993","tipo":"ayuntamiento","nombre":"Ayuntamiento de Jerez de la Frontera","direccion":"Ayuntamiento de El Torno, Plaza de la Artesanía, El Torno, Jerez de la Frontera, Campiña de Jerez, Cádiz, Andalucía, 11570, España","municipio":"Jerez de la Frontera","provincia":"Cádiz","cp":null,"telefono":null,"email":null,"web":null,"etapas":null,"fuente":"nominatim","confianza":"alta"}},{"type":"Feature","geometry":{"type":"Point","coordinates":[-5.4533292,36.4340963]},"properties":{"id":"2230bf26b456b60d","tipo":"ayuntamiento","nombre":"Ayuntamiento de Jimena de la Frontera","direccion":"Ayuntamiento de Jimena de la Frontera, Calle Sevilla, Jimena de la Frontera, Los Ángeles, Jimena de la Frontera, Campo de Gibraltar, Cádiz, Andalucía, 11330, España","municipio":"Jimena de la Frontera","provincia":"Cádiz","cp":null,"telefono":null,"email":null,"web":null,"etapas":null,"fuente":"nominatim","confianza":"alta"}},{"type":"Feature","geometry":{"type":"Point","coordinates":[-5.3508762,36.1596454]},"properties":{"id":"2e2e2ccd940d1587","tipo":"ayuntamiento","nombre":"Ayuntamiento de La Línea de la Concepción","direccion":"Ayuntamiento de La Línea de la Concepción, Plaza Juan José García Cabreros, La Línea de la Concepción, Campo de Gibraltar, Cádiz, Andalucía, 11300, España","municipio":"La Línea de la Concepción","provincia":"Cádiz","cp":null,"telefono":null,"email":null,"web":null,"etapas":null,"fuente":"nominatim","confianza":"alta"}},{"type":"Feature","geometry":{"type":"Point","coordinates":[-5.4928868,36.1856385]},"properties":{"id":"0e9c47df76691a56","tipo":"ayuntamiento","nombre":"Ayuntamiento de Los Barrios","direccion":"Ayuntamiento de Los Barrios, Plaza de la Iglesia, Urbanización El Chaparral, Los Barrios, Campo de Gibraltar, Cádiz, Andalucía, 11370, España","municipio":"Los Barrios","provincia":"Cádiz","cp":null,"telefono":null,"email":null,"web":null,"etapas":null,"fuente":"nominatim","confianza":"alta"}},{"type":"Feature","geometry":{"type":"Point","coordinates":[-5.9276446,36.4560033]},"properties":{"id":"b65fd167894d772a","tipo":"ayuntamiento","nombre":"Ayuntamiento de Medina-Sidonia","direccion":"Ayuntamiento de Medina Sidonia, Plaza de la Libertad, Medina-Sidonia, Medina Sidonia, La Janda, Cádiz, Andalucía, 11170, España","municipio":"Medina-Sidonia","provincia":"Cádiz","cp":null,"telefono":null,"email":null,"web":null,"etapas":null,"fuente":"nominatim","confianza":"alta"}},{"type":"Feature","geometry":{"type":"Point","coordinates":[-5.2675461,36.9350799]},"properties":{"id":"ff41ef4e8e6d74d3","tipo":"ayuntamiento","nombre":"Ayuntamiento de Olvera","direccion":"Ayuntamiento de Olvera, Calle Azuaga, Barrio de la Villa, Olvera, Sierra de Cádiz, Cádiz, Andalucía, 11690, España","municipio":"Olvera","provincia":"Cádiz","cp":null,"telefono":null,"email":null,"web":null,"etapas":null,"fuente":"nominatim","confianza":"alta"}},{"type":"Feature","geometry":{"type":"Point","coordinates":[-5.8658314,36.5230421]},"properties":{"id":"7edc401eb81678af","tipo":"ayuntamiento","nombre":"Ayuntamiento de Paterna de Rivera","direccion":"Ayuntamiento de Paterna de Rivera, Plaza de la Constitución, Barriada Nuestra Señora de la Inhiesta, Paterna de Rivera, La Janda, Cádiz, Andalucía, 11178, España","municipio":"Paterna de Rivera","provincia":"Cádiz","cp":null,"telefono":null,"email":null,"web":null,"etapas":null,"fuente":"nominatim","confianza":"alta"}},{"type":"Feature","geometry":{"type":"Point","coordinates":[-5.5568367,36.7874492]},"properties":{"id":"b8f85c4a737c9c1c","tipo":"ayuntamiento","nombre":"Ayuntamiento de Prado del Rey","direccion":"Ayuntamiento de Prado del Rey, Calle Teniente Trujillo, Prado del Rey, Sierra de Cádiz, Cádiz, Andalucía, 11660, España","municipio":"Prado del Rey","provincia":"Cádiz","cp":null,"telefono":null,"email":null,"web":null,"etapas":null,"fuente":"nominatim","confianza":"alta"}},{"type":"Feature","geometry":{"type":"Point","coordinates":[-6.1922894,36.5288965]},"properties":{"id":"dff6c3e18f363817","tipo":"ayuntamiento","nombre":"Ayuntamiento de Puerto Real","direccion":"Ayuntamiento de Puerto Real, Plaza de Jesús, Las Canteras, Puerto Real, Bahía de Cádiz, Cádiz, Andalucía, 11510, España","municipio":"Puerto Real","provincia":"Cádiz","cp":null,"telefono":null,"email":null,"web":null,"etapas":null,"fuente":"nominatim","confianza":"alta"}},{"type":"Feature","geometry":{"type":"Point","coordinates":[-5.5441736,36.9239279]},"properties":{"id":"1774a1688bbf93af","tipo":"ayuntamiento","nombre":"Ayuntamiento de Puerto Serrano","direccion":"Ayuntamiento de Puerto Serrano, Calle Ronda, Puerto Serrano, Sierra de Cádiz, Cádiz, Andalucía, España","municipio":"Puerto Serrano","provincia":"Cádiz","cp":null,"telefono":null,"email":null,"web":null,"etapas":null,"fuente":"nominatim","confianza":"alta"}},{"type":"Feature","geometry":{"type":"Point","coordinates":[-6.358174,36.6170386]},"properties":{"id":"13e0a8df02b30dca","tipo":"ayuntamiento","nombre":"Ayuntamiento de Rota","direccion":"Ayuntamiento de Rota, 2, Calle Cuna, Rota, Costa Noroeste, Cádiz, Andalucía, 11520, España","municipio":"Rota","provincia":"Cádiz","cp":null,"telefono":null,"email":null,"web":null,"etapas":null,"fuente":"nominatim","confianza":"alta"}},{"type":"Feature","geometry":{"type":"Point","coordinates":[-6.1986625,36.4648759]},"properties":{"id":"357bd35809e9fd8e","tipo":"ayuntamiento","nombre":"Ayuntamiento de San Fernando","direccion":"Ayuntamiento de San Fernando, Plaza del Rey, Carretera de la Carraca, San Fernando, Bahía de Cádiz, Cádiz, Andalucía, 11100, España","municipio":"San Fernando","provincia":"Cádiz","cp":null,"telefono":null,"email":null,"web":null,"etapas":null,"fuente":"nominatim","confianza":"alta"}},{"type":"Feature","geometry":{"type":"Point","coordinates":[-5.7988359,36.6054581]},"properties":{"id":"cbe4da1789e6ed35","tipo":"ayuntamiento","nombre":"Ayuntamiento de San José del Valle","direccion":"Ayuntamiento de San José del Valle, Plaza de Andalucía, Urbanización \"Fray Antonio de la Trinidad\", San José del Valle, Campiña de Jerez, Cádiz, Andalucía, España","municipio":"San José del Valle","provincia":"Cádiz","cp":null,"telefono":null,"email":null,"web":null,"etapas":null,"fuente":"nominatim","confianza":"alta"}},{"type":"Feature","geometry":{"type":"Point","coordinates":[-5.321205,36.3399688]},"properties":{"id":"0eb381a1f9d7d172","tipo":"ayuntamiento","nombre":"Ayuntamiento de San Martín del Tesorillo","direccion":"Ayuntamiento de San Martín del Tesorillo, Calle Larga, San Martín del Tesorillo, Campo de Gibraltar, Cádiz, Andalucía, 11340, España","municipio":"San Martín del Tesorillo","provincia":"Cádiz","cp":null,"telefono":null,"email":null,"web":null,"etapas":null,"fuente":"nominatim","confianza":"alta"}},{"type":"Feature","geometry":{"type":"Point","coordinates":[-5.3769051,36.1785581]},"properties":{"id":"4988c73c3073c58d","tipo":"ayuntamiento","nombre":"Ayuntamiento de San Roque","direccion":"Centro Cívico Casino Buenavista, Calle Isabel Pérez Morales, Distrito Bahía, Campamento, San Roque, Campo de Gibraltar, Cádiz, Andalucía, 11314, España","municipio":"San Roque","provincia":"Cádiz","cp":null,"telefono":null,"email":null,"web":null,"etapas":null,"fuente":"nominatim","confianza":"alta"}},{"type":"Feature","geometry":{"type":"Point","coordinates":[-6.3548484,36.7760424]},"properties":{"id":"93d4bf73b4b4def7","tipo":"ayuntamiento","nombre":"Ayuntamiento de Sanlúcar de Barrameda","direccion":"Ayuntamiento de Sanlúcar de Barrameda, Calle Caballeros, Capuchinos, Pastrana, Sanlúcar de Barrameda, Costa Noroeste, Cádiz, Andalucía, 11540, España","municipio":"Sanlúcar de Barrameda","provincia":"Cádiz","cp":null,"telefono":null,"email":null,"web":null,"etapas":null,"fuente":"nominatim","confianza":"alta"}},{"type":"Feature","geometry":{"type":"Point","coordinates":[-5.1814492,36.8640542]},"properties":{"id":"2572f92b5f9e5aab","tipo":"ayuntamiento","nombre":"Ayuntamiento de Setenil de las Bodegas","direccion":"Ayuntamiento de Setenil de las Bodegas, 5, Calle Villa, Setenil de las Bodegas, Sierra de Cádiz, Cádiz, Andalucía, 11692, España","municipio":"Setenil de las Bodegas","provincia":"Cádiz","cp":null,"telefono":null,"email":null,"web":null,"etapas":null,"fuente":"nominatim","confianza":"alta"}},{"type":"Feature","geometry":{"type":"Point","coordinates":[-5.6020591,36.0117733]},"properties":{"id":"9fbde0daef353701","tipo":"ayuntamiento","nombre":"Ayuntamiento de Tarifa","direccion":"Ayuntamiento de Tarifa, 2, Plaza de Santa María, Barriada de Antonio Ordoñez, Tarifa, Campo de Gibraltar, Cádiz, Andalucía, 11380, España","municipio":"Tarifa","provincia":"Cádiz","cp":null,"telefono":null,"email":null,"web":null,"etapas":null,"fuente":"nominatim","confianza":"alta"}},{"type":"Feature","geometry":{"type":"Point","coordinates":[-5.2345665,36.9157078]},"properties":{"id":"cda3b02ab81df150","tipo":"ayuntamiento","nombre":"Ayuntamiento de Torre-Alháquime","direccion":"Ayuntamiento de Torre Alháquime, Calle Balcara, Torre Alháquime, Sierra de Cádiz, Cádiz, Andalucía, 11690, España","municipio":"Torre-Alháquime","provincia":"Cádiz","cp":null,"telefono":null,"email":null,"web":null,"etapas":null,"fuente":"nominatim","confianza":"alta"}},{"type":"Feature","geometry":{"type":"Point","coordinates":[-6.1767798,36.8695417]},"properties":{"id":"8e668221481a1e23","tipo":"ayuntamiento","nombre":"Ayuntamiento de Trebujena","direccion":"Ayuntamiento de Trebujena, Calle Daoíz, Trebujena, Costa Noroeste, Cádiz, Andalucía, 11560, España","municipio":"Trebujena","provincia":"Cádiz","cp":null,"telefono":null,"email":null,"web":null,"etapas":null,"fuente":"nominatim","confianza":"alta"}},{"type":"Feature","geometry":{"type":"Point","coordinates":[-5.4431881,36.6774227]},"properties":{"id":"101b449ae0c1cc41","tipo":"ayuntamiento","nombre":"Ayuntamiento de Ubrique","direccion":"Ayuntamiento de Ubrique, Calle Consistorio, Ubrique, Sierra de Cádiz, Cádiz, Andalucía, 11600, España","municipio":"Ubrique","provincia":"Cádiz","cp":null,"telefono":null,"email":null,"web":null,"etapas":null,"fuente":"nominatim","confianza":"alta"}},{"type":"Feature","geometry":{"type":"Point","coordinates":[-5.9629813,36.2533471]},"properties":{"id":"8506ec5475eb15e5","tipo":"ayuntamiento","nombre":"Ayuntamiento de Vejer de la Frontera","direccion":"Ayuntamiento de Vejer de la Frontera, Calle San Juan, Vejer de la Frontera, Urbanización Alcazaba, Vejer de la Frontera, La Janda, Cádiz, Andalucía, 11150, España","municipio":"Vejer de la Frontera","provincia":"Cádiz","cp":null,"telefono":null,"email":null,"web":null,"etapas":null,"fuente":"nominatim","confianza":"alta"}},{"type":"Feature","geometry":{"type":"Point","coordinates":[-5.3872288,36.6961748]},"properties":{"id":"4a8b44dee1829013","tipo":"ayuntamiento","nombre":"Ayuntamiento de Villaluenga del Rosario","direccion":"Ayuntamiento, 19, Calle Real, Villaluenga del Rosario, Sierra de Cádiz, Cádiz, Andalucía, 11611, España","municipio":"Villaluenga del Rosario","provincia":"Cádiz","cp":null,"telefono":null,"email":null,"web":null,"etapas":null,"fuente":"nominatim","confianza":"alta"}},{"type":"Feature","geometry":{"type":"Point","coordinates":[-5.6414301,36.8612631]},"properties":{"id":"888f0be51221cbec","tipo":"ayuntamiento","nombre":"Ayuntamiento de Villamartín","direccion":"Ayuntamiento de Villamartín, Calle Matadero, Villamartín, Sierra de Cádiz, Cádiz, Andalucía, 11650, España","municipio":"Villamartín","provincia":"Cádiz","cp":null,"telefono":null,"email":null,"web":null,"etapas":null,"fuente":"nominatim","confianza":"alta"}},{"type":"Feature","geometry":{"type":"Point","coordinates":[-5.3908039,36.8406048]},"properties":{"id":"1334a583231b3705","tipo":"ayuntamiento","nombre":"Ayuntamiento de Zahara","direccion":"Ayuntamiento de Zahara de la Sierra, Plaza del Rey, Zahara de la Sierra, Zahara, Sierra de Cádiz, Cádiz, Andalucía, 11688, España","municipio":"Zahara","provincia":"Cádiz","cp":null,"telefono":null,"email":null,"web":null,"etapas":null,"fuente":"nominatim","confianza":"alta"}},{"type":"Feature","geometry":{"type":"Point","coordinates":[-6.2407701,36.587488]},"properties":{"id":"9aa353edba681ade","tipo":"camping","nombre":"Dunas de San Anton","direccion":null,"municipio":null,"provincia":"Cádiz","cp":null,"telefono":null,"email":null,"web":null,"etapas":null,"fuente":"osm","confianza":"alta"}},{"type":"Feature","geometry":{"type":"Point","coordinates":[-5.9384584,36.2520811]},"properties":{"id":"5214b54132435387","tipo":"camping","nombre":"Vejer","direccion":null,"municipio":null,"provincia":"Cádiz","cp":null,"telefono":null,"email":null,"web":null,"etapas":null,"fuente":"osm","confianza":"alta"}},{"type":"Feature","geometry":{"type":"Point","coordinates":[-6.1570721,36.395191]},"properties":{"id":"6e653b66a701ce61","tipo":"camping","nombre":"La Rana Verde","direccion":null,"municipio":null,"provincia":"Cádiz","cp":null,"telefono":null,"email":null,"web":null,"etapas":null,"fuente":"osm","confianza":"alta"}},{"type":"Feature","geometry":{"type":"Point","coordinates":[-5.4583861,36.770022]},"properties":{"id":"333713635802b616","tipo":"camping","nombre":"Camping Los Linares","direccion":null,"municipio":null,"provincia":"Cádiz","cp":null,"telefono":"+34661704680","email":null,"web":null,"etapas":null,"fuente":"osm","confianza":"alta"}},{"type":"Feature","geometry":{"type":"Point","coordinates":[-6.0138318,36.1883217]},"properties":{"id":"1f628fe34a83a28a","tipo":"camping","nombre":"Camping Camaleón","direccion":null,"municipio":null,"provincia":"Cádiz","cp":null,"telefono":"+34 956 43 71 54","email":null,"web":"https://www.campingcamaleon.com/","etapas":null,"fuente":"osm","confianza":"alta"}},{"type":"Feature","geometry":{"type":"Point","coordinates":[-5.8970142,36.1753851]},"properties":{"id":"8a3b4f0c0606d573","tipo":"camping","nombre":"campo y mare","direccion":null,"municipio":null,"provincia":"Cádiz","cp":null,"telefono":null,"email":null,"web":null,"etapas":null,"fuente":"osm","confianza":"alta"}},{"type":"Feature","geometry":{"type":"Point","coordinates":[-6.2739806,36.5978526]},"properties":{"id":"0fb44e47aa2da28e","tipo":"camping","nombre":"Camping (sin nombre OSM)","direccion":null,"municipio":null,"provincia":"Cádiz","cp":null,"telefono":null,"email":null,"web":null,"etapas":null,"fuente":"osm","confianza":"media"}},{"type":"Feature","geometry":{"type":"Point","coordinates":[-5.1670364,36.8696976]},"properties":{"id":"4a7398f0edf434fc","tipo":"camping","nombre":"El Nogalejo","direccion":"Carretera Setenil Alcalá, 11692","municipio":null,"provincia":"Cádiz","cp":"11692","telefono":"+34623392863","email":"info@campingelnogalejo.es","web":"https://www.campingelnogalejo.es/","etapas":null,"fuente":"osm","confianza":"alta"}},{"type":"Feature","geometry":{"type":"Point","coordinates":[-6.1801744,36.3923433]},"properties":{"id":"5603701bc8c4f9db","tipo":"camping","nombre":"wild camping","direccion":null,"municipio":null,"provincia":"Cádiz","cp":null,"telefono":null,"email":null,"web":null,"etapas":null,"fuente":"osm","confianza":"alta"}},{"type":"Feature","geometry":{"type":"Point","coordinates":[-5.6808237,36.0691577]},"properties":{"id":"fb9b7cc1a2901229","tipo":"camping","nombre":"Camping Valdevaqueros","direccion":null,"municipio":null,"provincia":"Cádiz","cp":null,"telefono":null,"email":null,"web":null,"etapas":null,"fuente":"osm","confianza":"alta"}},{"type":"Feature","geometry":{"type":"Point","coordinates":[-6.2408601,36.5873538]},"properties":{"id":"5c2e7246dccf94fa","tipo":"camping","nombre":"Camping Las Dunas","direccion":null,"municipio":null,"provincia":"Cádiz","cp":null,"telefono":null,"email":null,"web":"https://www.lasdunascamping.com/","etapas":null,"fuente":"osm","confianza":"alta"}},{"type":"Feature","geometry":{"type":"Point","coordinates":[-5.3691194,36.7479109]},"properties":{"id":"308b685229ffb741","tipo":"camping","nombre":"Camping (sin nombre OSM)","direccion":null,"municipio":null,"provincia":"Cádiz","cp":null,"telefono":null,"email":null,"web":null,"etapas":null,"fuente":"osm","confianza":"media"}},{"type":"Feature","geometry":{"type":"Point","coordinates":[-5.6303459,36.0422536]},"properties":{"id":"cfe5f9dad991a70c","tipo":"camping","nombre":"Rio Jara","direccion":null,"municipio":null,"provincia":"Cádiz","cp":null,"telefono":null,"email":null,"web":null,"etapas":null,"fuente":"osm","confianza":"alta"}},{"type":"Feature","geometry":{"type":"Point","coordinates":[-6.1132711,36.3123426]},"properties":{"id":"22b0bd2ab2c56aaa","tipo":"camping","nombre":"Camping Roche","direccion":"Carril de Pilahito, 11140, Conil de la Frontera","municipio":"Conil de la Frontera","provincia":"Cádiz","cp":"11140","telefono":"+34 956 442 216;+34 956 442 624","email":"info@campingroche.com","web":"https://www.campingroche.com/","etapas":null,"fuente":"osm","confianza":"alta"}},{"type":"Feature","geometry":{"type":"Point","coordinates":[-5.6509797,36.0548883]},"properties":{"id":"90e856129621516e","tipo":"camping","nombre":"Camping Tarifa","direccion":null,"municipio":null,"provincia":"Cádiz","cp":null,"telefono":"+34956684778; +34676653689","email":"info@campingtarifa.es","web":"https://campingtarifa.es/","etapas":null,"fuente":"osm","confianza":"alta"}},{"type":"Feature","geometry":{"type":"Point","coordinates":[-5.6798054,36.0704642]},"properties":{"id":"af2c625cd568c375","tipo":"camping","nombre":"Camping Valdevaqueros","direccion":null,"municipio":null,"provincia":"Cádiz","cp":null,"telefono":"+34 956684174","email":null,"web":"https://campingvaldevaqueros.com/","etapas":null,"fuente":"osm","confianza":"alta"}},{"type":"Feature","geometry":{"type":"Point","coordinates":[-5.69226,36.0707076]},"properties":{"id":"22fac0525efda386","tipo":"camping","nombre":"El Jardín de las Dunas","direccion":"Playa Valdevaqueros, 11380, Tarifa","municipio":"Tarifa","provincia":"Cádiz","cp":"11380","telefono":null,"email":null,"web":null,"etapas":null,"fuente":"osm","confianza":"alta"}},{"type":"Feature","geometry":{"type":"Point","coordinates":[-5.6952925,36.075869]},"properties":{"id":"22fef5633c3daf8e","tipo":"camping","nombre":"Camping Paloma","direccion":null,"municipio":null,"provincia":"Cádiz","cp":null,"telefono":null,"email":null,"web":"https://www.campingpaloma.com/","etapas":null,"fuente":"osm","confianza":"alta"}},{"type":"Feature","geometry":{"type":"Point","coordinates":[-6.0368386,36.2017358]},"properties":{"id":"acc81a74b880b676","tipo":"camping","nombre":"Caños de Meca","direccion":"Carretera Veger-Caños de Meca, 10, 11159, Barbate","municipio":"Barbate","provincia":"Cádiz","cp":"11159","telefono":"+34 956 43 71 20","email":null,"web":"https://www.campingcm.com/","etapas":null,"fuente":"osm","confianza":"alta"}},{"type":"Feature","geometry":{"type":"Point","coordinates":[-6.407329,36.6711168]},"properties":{"id":"6f91a00932b8ad9a","tipo":"camping","nombre":"Camping Playa Aguadulce","direccion":null,"municipio":null,"provincia":"Cádiz","cp":null,"telefono":null,"email":null,"web":null,"etapas":null,"fuente":"osm","confianza":"alta"}},{"type":"Feature","geometry":{"type":"Point","coordinates":[-5.3736736,36.7585352]},"properties":{"id":"105e94a31d8ddd8f","tipo":"camping","nombre":"Tajo Rodillo","direccion":null,"municipio":null,"provincia":"Cádiz","cp":null,"telefono":null,"email":null,"web":"https://campingtajorodillo.es/","etapas":null,"fuente":"osm","confianza":"alta"}},{"type":"Feature","geometry":{"type":"Point","coordinates":[-6.0595223,36.2344554]},"properties":{"id":"75d1c311e3dd26ad","tipo":"camping","nombre":"Camping El Palmar","direccion":null,"municipio":null,"provincia":"Cádiz","cp":null,"telefono":"+34 956 232 161","email":"campalmar@hotmail.com","web":"https://www.campingelpalmar.es/","etapas":null,"fuente":"osm","confianza":"alta"}},{"type":"Feature","geometry":{"type":"Point","coordinates":[-6.0914776,36.2879453]},"properties":{"id":"7cb9e22a246144c5","tipo":"camping","nombre":"Camping Los Eukaliptos","direccion":null,"municipio":null,"provincia":"Cádiz","cp":null,"telefono":"+34956441272","email":null,"web":"https://www.campingloseucaliptos.com/","etapas":null,"fuente":"osm","confianza":"alta"}},{"type":"Feature","geometry":{"type":"Point","coordinates":[-6.0924427,36.2929874]},"properties":{"id":"695f658398f2574e","tipo":"camping","nombre":"La Rosaleda","direccion":"Carretera del Pradillo, 11140, Conil de la Frontera","municipio":"Conil de la Frontera","provincia":"Cádiz","cp":"11140","telefono":"+34 956 44 33 27","email":"info@campinglarosaleda.com","web":"https://campinglarosaleda.com/","etapas":null,"fuente":"osm","confianza":"alta"}},{"type":"Feature","geometry":{"type":"Point","coordinates":[-6.1085795,36.2959884]},"properties":{"id":"48243d7b50b4fb26","tipo":"camping","nombre":"Camping Fuente del Gallo","direccion":"Carril el Palillero, 11149, Conil de la Frontera","municipio":"Conil de la Frontera","provincia":"Cádiz","cp":"11149","telefono":"+34 956 440 137","email":"camping@campingfuentedelgallo.com","web":"https://campingfuentedelgallo.com","etapas":null,"fuente":"osm","confianza":"alta"}},{"type":"Feature","geometry":{"type":"Point","coordinates":[-6.0326791,36.2010971]},"properties":{"id":"23b4b588e7a54533","tipo":"camping","nombre":"Camping Pinar San José","direccion":"Carretera de Vejer-Caños de Meca. Km 10,2, 11159","municipio":null,"provincia":"Cádiz","cp":"11159","telefono":"+34 956 437 030","email":"info@campinpinarsanjose.com","web":"https://www.campingpinarsanjose.com/","etapas":null,"fuente":"osm","confianza":"alta"}},{"type":"Feature","geometry":{"type":"Point","coordinates":[-6.026867,36.1896799]},"properties":{"id":"93544035377eefcd","tipo":"camping","nombre":"Faro de Trafalgar","direccion":null,"municipio":null,"provincia":"Cádiz","cp":null,"telefono":"+34 956 43 70 17","email":"campingfarotrafalgar@yahoo.es","web":"https://www.campingfarodetrafalgar.com/","etapas":null,"fuente":"osm","confianza":"alta"}},{"type":"Feature","geometry":{"type":"Point","coordinates":[-5.8362206,36.1230998]},"properties":{"id":"4453b6fe8dea0b19","tipo":"camping","nombre":"Bahía de la Plata via Zahara de los Atunes","direccion":null,"municipio":null,"provincia":"Cádiz","cp":null,"telefono":null,"email":null,"web":null,"etapas":null,"fuente":"osm","confianza":"alta"}},{"type":"Feature","geometry":{"type":"Point","coordinates":[-5.3347791,36.1913612]},"properties":{"id":"f42ee5c005695072","tipo":"camping","nombre":"Camping Sureuropa","direccion":"Travesía Sobrevela 1, 11300, La Línea de la Concepción","municipio":"La Línea de la Concepción","provincia":"Cádiz","cp":"11300","telefono":"+34 956643587","email":"info@campingsureuropa.es","web":"http://www.campingsureuropa.es/","etapas":null,"fuente":"osm","confianza":"alta"}},{"type":"Feature","geometry":{"type":"Point","coordinates":[-5.4612717,36.4427693]},"properties":{"id":"81c15f76b8b89fec","tipo":"camping","nombre":"Camping Los Alcornocales","direccion":null,"municipio":null,"provincia":"Cádiz","cp":null,"telefono":null,"email":null,"web":"https://campinglosalcornocales.com/","etapas":null,"fuente":"osm","confianza":"alta"}},{"type":"Feature","geometry":{"type":"Point","coordinates":[-6.1259876,36.2995047]},"properties":{"id":"78734609915382a8","tipo":"camping","nombre":"Camping Cala del aceite","direccion":"Carretera a Conil Roche, 11400","municipio":null,"provincia":"Cádiz","cp":"11400","telefono":"+34 956442950","email":"info@caladelaceite.com","web":"http://www.caladelaceite.com","etapas":null,"fuente":"osm","confianza":"alta"}},{"type":"Feature","geometry":{"type":"Point","coordinates":[-5.7862485,36.6608729]},"properties":{"id":"96dbb07526cc665c","tipo":"camping","nombre":"Camping \"San José del Valle\"","direccion":null,"municipio":null,"provincia":"Cádiz","cp":null,"telefono":null,"email":null,"web":null,"etapas":null,"fuente":"osm","confianza":"alta"}},{"type":"Feature","geometry":{"type":"Point","coordinates":[-5.4847344,36.6636091]},"properties":{"id":"aef863e416c08d57","tipo":"camping","nombre":"Centro scout Cerro Mulera Scouts de Andalucia","direccion":null,"municipio":null,"provincia":"Cádiz","cp":null,"telefono":null,"email":null,"web":null,"etapas":null,"fuente":"osm","confianza":"alta"}},{"type":"Feature","geometry":{"type":"Point","coordinates":[-6.1260038,36.3019674]},"properties":{"id":"94ebaf1975b81ca1","tipo":"camping","nombre":"El Faro","direccion":null,"municipio":null,"provincia":"Cádiz","cp":null,"telefono":null,"email":null,"web":null,"etapas":null,"fuente":"osm","confianza":"alta"}},{"type":"Feature","geometry":{"type":"Point","coordinates":[-5.6658845,36.4627947]},"properties":{"id":"9b104c1355d5ac37","tipo":"camping","nombre":"Camping los Gazules","direccion":"Carretera de Patrite, 11180, Alcalá de los Gazules (Cádiz) Apdo.","municipio":"Alcalá de los Gazules (Cádiz) Apdo.","provincia":"Cádiz","cp":"11180","telefono":"+34 956 420 486","email":"info@campinglosgazules.com","web":"https://campinglosgazules.com/","etapas":null,"fuente":"osm","confianza":"alta"}},{"type":"Feature","geometry":{"type":"Point","coordinates":[-5.6376714,36.0494112]},"properties":{"id":"dad0cba0dbeea4ff","tipo":"camping","nombre":"Camping (sin nombre OSM)","direccion":null,"municipio":null,"provincia":"Cádiz","cp":null,"telefono":null,"email":null,"web":null,"etapas":null,"fuente":"osm","confianza":"media"}},{"type":"Feature","geometry":{"type":"Point","coordinates":[-5.6179002,36.0384792]},"properties":{"id":"cf0d72d19f90ae5b","tipo":"camping","nombre":"Camping (sin nombre OSM)","direccion":null,"municipio":null,"provincia":"Cádiz","cp":null,"telefono":null,"email":null,"web":null,"etapas":null,"fuente":"osm","confianza":"media"}},{"type":"Feature","geometry":{"type":"Point","coordinates":[-5.6484125,36.0562088]},"properties":{"id":"5814c0d4e081bfbf","tipo":"camping","nombre":"Camping (sin nombre OSM)","direccion":null,"municipio":null,"provincia":"Cádiz","cp":null,"telefono":null,"email":null,"web":null,"etapas":null,"fuente":"osm","confianza":"media"}},{"type":"Feature","geometry":{"type":"Point","coordinates":[-5.6432638,36.0850109]},"properties":{"id":"b12a779ff67077fa","tipo":"camping","nombre":"Camping (sin nombre OSM)","direccion":null,"municipio":null,"provincia":"Cádiz","cp":null,"telefono":null,"email":null,"web":null,"etapas":null,"fuente":"osm","confianza":"media"}},{"type":"Feature","geometry":{"type":"Point","coordinates":[-6.058057,36.2166334]},"properties":{"id":"ff40835465f72152","tipo":"camping","nombre":"Camping (sin nombre OSM)","direccion":null,"municipio":null,"provincia":"Cádiz","cp":null,"telefono":null,"email":null,"web":null,"etapas":null,"fuente":"osm","confianza":"media"}},{"type":"Feature","geometry":{"type":"Point","coordinates":[-5.3366161,36.251007]},"properties":{"id":"faf72502b6b0742f","tipo":"camping","nombre":"La Casita","direccion":"N-340 Km. 126, 11360, San Roque","municipio":"San Roque","provincia":"Cádiz","cp":"11360","telefono":"+34 956 78 00 31","email":null,"web":"https://www.sanroque.es/turismo/camping-la-casita","etapas":null,"fuente":"osm","confianza":"alta"}},{"type":"Feature","geometry":{"type":"Point","coordinates":[-5.5044627,36.7491525]},"properties":{"id":"489310d08c0bbf89","tipo":"camping","nombre":"La Torrecilla","direccion":null,"municipio":null,"provincia":"Cádiz","cp":null,"telefono":null,"email":null,"web":"https://www.campinglatorrecilla.es","etapas":null,"fuente":"osm","confianza":"alta"}},{"type":"Feature","geometry":{"type":"Point","coordinates":[-5.834748,36.1211241]},"properties":{"id":"9f3a7898860e8a76","tipo":"camping","nombre":"Camping (sin nombre OSM)","direccion":null,"municipio":null,"provincia":"Cádiz","cp":null,"telefono":null,"email":null,"web":null,"etapas":null,"fuente":"osm","confianza":"media"}},{"type":"Feature","geometry":{"type":"Point","coordinates":[-5.2159978,36.9394807]},"properties":{"id":"71ae734a9f814c3f","tipo":"camping","nombre":"Camping Pueblo Blanco","direccion":"Carretera N-384","municipio":null,"provincia":"Cádiz","cp":null,"telefono":"+34 956130033","email":null,"web":"https://www.campingpuebloblanco.com/","etapas":null,"fuente":"osm","confianza":"alta"}},{"type":"Feature","geometry":{"type":"Point","coordinates":[-6.4093477,36.7502184]},"properties":{"id":"ddfb46d8a649544f","tipo":"camping","nombre":"La Siesta de la Gaviota","direccion":null,"municipio":null,"provincia":"Cádiz","cp":null,"telefono":null,"email":null,"web":"https://lasiestadelagaviota.es","etapas":null,"fuente":"osm","confianza":"alta"}},{"type":"Feature","geometry":{"type":"Point","coordinates":[-6.2062213,36.5831657]},"properties":{"id":"92517bfafd952d62","tipo":"camping","nombre":"Club Guadalete","direccion":"Camino Tiro de Pichón","municipio":null,"provincia":"Cádiz","cp":null,"telefono":null,"email":null,"web":null,"etapas":null,"fuente":"osm","confianza":"alta"}},{"type":"Feature","geometry":{"type":"Point","coordinates":[-5.7845613,36.7579702]},"properties":{"id":"5ea067357c877616","tipo":"camping","nombre":"Camping Lago de Arcos","direccion":null,"municipio":null,"provincia":"Cádiz","cp":null,"telefono":"+34 662543970","email":"info@campinglagodearcos.com","web":"https://campinglagodearcos.com","etapas":null,"fuente":"osm","confianza":"alta"}},{"type":"Feature","geometry":{"type":"Point","coordinates":[-5.6588728,36.0566834]},"properties":{"id":"5edd3eb0c120727d","tipo":"camping","nombre":"Torre de la Peña","direccion":null,"municipio":null,"provincia":"Cádiz","cp":null,"telefono":null,"email":null,"web":"https://www.campingtp.com/","etapas":null,"fuente":"osm","confianza":"alta"}},{"type":"Feature","geometry":{"type":"Point","coordinates":[-6.292034565057812,36.53051139802742]},"properties":{"id":"ea8c9a5b1fb39a7c","tipo":"contratista_local","nombre":"FRANCISCO JAVIER ARRIOLA TRIAS","direccion":"CADIZ · 16 adjudicaciones públicas · €1.4M total adjudicado","municipio":"Cadiz","provincia":"Cádiz","cp":null,"telefono":null,"email":null,"web":null,"etapas":null,"fuente":"placsp_adjudicaciones","confianza":"media"}},{"type":"Feature","geometry":{"type":"Point","coordinates":[-6.191424527034827,36.529235309053476]},"properties":{"id":"e615dbdd6c071db1","tipo":"contratista_local","nombre":"SANCHEZ SUR SL","direccion":"Puerto Real · 59 adjudicaciones públicas · €5.3M total adjudicado","municipio":"Puerto Real","provincia":"Cádiz","cp":null,"telefono":null,"email":null,"web":null,"etapas":null,"fuente":"placsp_adjudicaciones","confianza":"media"}},{"type":"Feature","geometry":{"type":"Point","coordinates":[-6.227156132633672,36.59996552370418]},"properties":{"id":"8411556c6eaab2cb","tipo":"contratista_local","nombre":"ARTICLIMA ENERGIA S.L","direccion":"EL PUERTO DE SANTA MARIA · 18 adjudicaciones públicas · €14.4M total adjudicado","municipio":"El Puerto De Santa Maria","provincia":"Cádiz","cp":null,"telefono":null,"email":null,"web":null,"etapas":null,"fuente":"placsp_adjudicaciones","confianza":"media"}},{"type":"Feature","geometry":{"type":"Point","coordinates":[-5.813106004599815,36.753283842915245]},"properties":{"id":"6b84df8a6d926e83","tipo":"contratista_local","nombre":"SUMINISTROS Y PINTURAS EL TRINI, S.L.","direccion":"ARCOS DE LA FRONTERA · 13 adjudicaciones públicas · €2.0M total adjudicado","municipio":"Arcos De La Frontera","provincia":"Cádiz","cp":null,"telefono":null,"email":null,"web":null,"etapas":null,"fuente":"placsp_adjudicaciones","confianza":"media"}},{"type":"Feature","geometry":{"type":"Point","coordinates":[-6.190165697898051,36.53034381404064]},"properties":{"id":"506e54453c95270f","tipo":"contratista_local","nombre":"Frío Clima Valentín, S.L.","direccion":"Puerto Real · 24 adjudicaciones públicas · €2.1M total adjudicado","municipio":"Puerto Real","provincia":"Cádiz","cp":null,"telefono":null,"email":null,"web":null,"etapas":null,"fuente":"placsp_adjudicaciones","confianza":"media"}},{"type":"Feature","geometry":{"type":"Point","coordinates":[-6.291783766122868,36.52951073478429]},"properties":{"id":"85d67a401e489f64","tipo":"contratista_local","nombre":"FLUIDMECANICA SUR, S.L.","direccion":"Cádiz · 31 adjudicaciones públicas · €6.4M total adjudicado","municipio":"Cádiz","provincia":"Cádiz","cp":null,"telefono":null,"email":null,"web":null,"etapas":null,"fuente":"placsp_adjudicaciones","confianza":"media"}},{"type":"Feature","geometry":{"type":"Point","coordinates":[-6.291325639350321,36.52916689450019]},"properties":{"id":"b4b6fe3a024e8473","tipo":"contratista_local","nombre":"RENASUR,S.L.","direccion":"Cádiz · 21 adjudicaciones públicas · €1.1M total adjudicado","municipio":"Cádiz","provincia":"Cádiz","cp":null,"telefono":null,"email":null,"web":null,"etapas":null,"fuente":"placsp_adjudicaciones","confianza":"media"}},{"type":"Feature","geometry":{"type":"Point","coordinates":[-5.542558655109448,36.922536736998545]},"properties":{"id":"6e41c1b6f2f7a9a8","tipo":"contratista_local","nombre":"EXCV. Y TTES. CAMPOS ROMERO, S.L.","direccion":"`PUERTO SERRANO · 38 adjudicaciones públicas · €4.2M total adjudicado","municipio":"`Puerto Serrano","provincia":"Cádiz","cp":null,"telefono":null,"email":null,"web":null,"etapas":null,"fuente":"placsp_adjudicaciones","confianza":"media"}},{"type":"Feature","geometry":{"type":"Point","coordinates":[-6.138609464553185,36.681689258331204]},"properties":{"id":"4896e088b7dd163f","tipo":"contratista_local","nombre":"ITER TRIVIUM SLU","direccion":"jerez de la frontera · 6 adjudicaciones públicas · €14.2M total adjudicado","municipio":"Jerez De La Frontera","provincia":"Cádiz","cp":null,"telefono":null,"email":null,"web":null,"etapas":null,"fuente":"placsp_adjudicaciones","confianza":"media"}},{"type":"Feature","geometry":{"type":"Point","coordinates":[-6.225477446951726,36.6010687165961]},"properties":{"id":"749e18385035931d","tipo":"contratista_local","nombre":"KUPPER EQUIPOS SL","direccion":"PUERTO DE SANTA MARIA · 4 adjudicaciones públicas · €259k total adjudicado","municipio":"Puerto De Santa Maria","provincia":"Cádiz","cp":null,"telefono":null,"email":null,"web":null,"etapas":null,"fuente":"placsp_adjudicaciones","confianza":"media"}},{"type":"Feature","geometry":{"type":"Point","coordinates":[-6.139098671221622,36.68105766995231]},"properties":{"id":"fd08e536f60f61d5","tipo":"contratista_local","nombre":"RUTESA SUMINISTROS Y SERVICIOS, S.L.","direccion":"JEREZ DE LA FRONTERA · 12 adjudicaciones públicas · €563k total adjudicado","municipio":"Jerez De La Frontera","provincia":"Cádiz","cp":null,"telefono":null,"email":null,"web":null,"etapas":null,"fuente":"placsp_adjudicaciones","confianza":"media"}},{"type":"Feature","geometry":{"type":"Point","coordinates":[-6.22728199290537,36.60051512212352]},"properties":{"id":"171a3d5e681e6301","tipo":"contratista_local","nombre":"ASFALTOS GARRUCHO, S.A. (Antes GADITANA DE ASFALTOS, S.A.)","direccion":"EL PUERTO DE SANTA MARÍA (CÁDIZ) · 9 adjudicaciones públicas · €118.4M total adjudicado","municipio":"El Puerto De Santa María (Cádiz)","provincia":"Cádiz","cp":null,"telefono":null,"email":null,"web":null,"etapas":null,"fuente":"placsp_adjudicaciones","confianza":"media"}},{"type":"Feature","geometry":{"type":"Point","coordinates":[-5.492344131422732,36.18536727460561]},"properties":{"id":"99a06c862296c883","tipo":"contratista_local","nombre":"Laribar Industrial, SLU","direccion":"Los Barrios, Cádiz · 4 adjudicaciones públicas · €17.7M total adjudicado","municipio":"Los Barrios, Cádiz","provincia":"Cádiz","cp":null,"telefono":null,"email":null,"web":null,"etapas":null,"fuente":"placsp_adjudicaciones","confianza":"media"}},{"type":"Feature","geometry":{"type":"Point","coordinates":[-6.13716538479075,36.68162125311456]},"properties":{"id":"1bb2969ab11af3c3","tipo":"contratista_local","nombre":"TERRITORIO Y CIUDAD, S.L.P.","direccion":"Jerez de la Frontera · 11 adjudicaciones públicas · €15.1M total adjudicado","municipio":"Jerez de la Frontera","provincia":"Cádiz","cp":null,"telefono":null,"email":null,"web":null,"etapas":null,"fuente":"placsp_adjudicaciones","confianza":"media"}},{"type":"Feature","geometry":{"type":"Point","coordinates":[-6.138940982269734,36.68122367954404]},"properties":{"id":"be78587748783299","tipo":"contratista_local","nombre":"EASA Naval, S.L.","direccion":"jerez de la frontera · 11 adjudicaciones públicas · €2.8M total adjudicado","municipio":"Jerez De La Frontera","provincia":"Cádiz","cp":null,"telefono":null,"email":null,"web":null,"etapas":null,"fuente":"placsp_adjudicaciones","confianza":"media"}},{"type":"Feature","geometry":{"type":"Point","coordinates":[-6.351964736406552,36.77511308685172]},"properties":{"id":"43c3d058170a0a1e","tipo":"contratista_local","nombre":"Cristóbal Anillo López","direccion":"Sanlúcar de Barrameda, Cádiz · 4 adjudicaciones públicas · €932k total adjudicado","municipio":"Sanlúcar de Barrameda, Cádiz","provincia":"Cádiz","cp":null,"telefono":null,"email":null,"web":null,"etapas":null,"fuente":"placsp_adjudicaciones","confianza":"media"}},{"type":"Feature","geometry":{"type":"Point","coordinates":[-6.088223359833283,36.71270872186241]},"properties":{"id":"104f5bd5e3e71d82","tipo":"contratista_local","nombre":"INUR, S.L.","direccion":"GUADALCACIN-JEREZ DE LA FRONTERA · 5 adjudicaciones públicas · €1.2M total adjudicado","municipio":"Guadalcacin-Jerez De La Frontera","provincia":"Cádiz","cp":null,"telefono":null,"email":null,"web":null,"etapas":null,"fuente":"placsp_adjudicaciones","confianza":"media"}},{"type":"Feature","geometry":{"type":"Point","coordinates":[-6.139413385388484,36.68107954528241]},"properties":{"id":"7b4c6d382ec4941d","tipo":"contratista_local","nombre":"HOSPITAL JEREZ PUERTA DEL SUR GRUPO HLA, S.A.U","direccion":"Jerez de la Frontera · 7 adjudicaciones públicas · €1.4M total adjudicado","municipio":"Jerez de la Frontera","provincia":"Cádiz","cp":null,"telefono":null,"email":null,"web":null,"etapas":null,"fuente":"placsp_adjudicaciones","confianza":"media"}},{"type":"Feature","geometry":{"type":"Point","coordinates":[-5.386239799422194,36.21080971860539]},"properties":{"id":"384b3e2dd22658d9","tipo":"contratista_local","nombre":"Proyectos y Ejecuciones Técnicas Unidas, SL (INNATE Solutions)","direccion":"San Roque · 4 adjudicaciones públicas · €850k total adjudicado","municipio":"San Roque","provincia":"Cádiz","cp":null,"telefono":null,"email":null,"web":null,"etapas":null,"fuente":"placsp_adjudicaciones","confianza":"media"}},{"type":"Feature","geometry":{"type":"Point","coordinates":[-6.225133114262726,36.60190152445809]},"properties":{"id":"f670e685cf0afd1e","tipo":"contratista_local","nombre":"EXPLOTACION Y CONSERVACIÓN FORESTAL, S.L.","direccion":"El Puerto de Santa María · 3 adjudicaciones públicas · €502k total adjudicado","municipio":"El Puerto de Santa María","provincia":"Cádiz","cp":null,"telefono":null,"email":null,"web":null,"etapas":null,"fuente":"placsp_adjudicaciones","confianza":"media"}},{"type":"Feature","geometry":{"type":"Point","coordinates":[-6.137835961409541,36.68043473093673]},"properties":{"id":"71122760a4916583","tipo":"contratista_local","nombre":"GRUPO NOVANZIA, S.L.U.","direccion":"Jerez De La Frontera · 5 adjudicaciones públicas · €704k total adjudicado","municipio":"Jerez De La Frontera","provincia":"Cádiz","cp":null,"telefono":null,"email":null,"web":null,"etapas":null,"fuente":"placsp_adjudicaciones","confianza":"media"}},{"type":"Feature","geometry":{"type":"Point","coordinates":[-5.6466608370119635,36.258481404933356]},"properties":{"id":"6d21905b6c45c360","tipo":"contratista_local","nombre":"Iberian Trade Services, S.L.","direccion":"Los Barrios (Cádiz) · 3 adjudicaciones públicas · €449k total adjudicado","municipio":"Los Barrios (Cádiz)","provincia":"Cádiz","cp":null,"telefono":null,"email":null,"web":null,"etapas":null,"fuente":"placsp_adjudicaciones","confianza":"media"}},{"type":"Feature","geometry":{"type":"Point","coordinates":[-6.191368200363749,36.52976243071351]},"properties":{"id":"9bd194ae679226b8","tipo":"contratista_local","nombre":"CARPINTERIA NUESTRA SEÑORA DE LOURDES, S.L.","direccion":"PUERTO REAL, CADIZ · 3 adjudicaciones públicas · €300k total adjudicado","municipio":"Puerto Real, Cadiz","provincia":"Cádiz","cp":null,"telefono":null,"email":null,"web":null,"etapas":null,"fuente":"placsp_adjudicaciones","confianza":"media"}},{"type":"Feature","geometry":{"type":"Point","coordinates":[-5.812825435783496,36.75398104696277]},"properties":{"id":"bd9f2a586eda5bcc","tipo":"contratista_local","nombre":"FRANCISCO LOZANO CÁRDENAS","direccion":"ARCOS DE LA FRONTERA · 6 adjudicaciones públicas · €460k total adjudicado","municipio":"Arcos De La Frontera","provincia":"Cádiz","cp":null,"telefono":null,"email":null,"web":null,"etapas":null,"fuente":"placsp_adjudicaciones","confianza":"media"}},{"type":"Feature","geometry":{"type":"Point","coordinates":[-6.136946031442694,36.680851745321064]},"properties":{"id":"766c1fda71def84a","tipo":"contratista_local","nombre":"FERRETERIA XEREZ. S.L.","direccion":"Jerez de la Frontera · 5 adjudicaciones públicas · €153k total adjudicado","municipio":"Jerez de la Frontera","provincia":"Cádiz","cp":null,"telefono":null,"email":null,"web":null,"etapas":null,"fuente":"placsp_adjudicaciones","confianza":"media"}},{"type":"Feature","geometry":{"type":"Point","coordinates":[-5.864346510736773,36.52142148141226]},"properties":{"id":"ce4a5dd675fd83b5","tipo":"contratista_local","nombre":"ORICONST. DE EDIFICACIONES Y CONSTRUCCIONES S.L.","direccion":"Paterna de Rivera · 5 adjudicaciones públicas · €472k total adjudicado","municipio":"Paterna de Rivera","provincia":"Cádiz","cp":null,"telefono":null,"email":null,"web":null,"etapas":null,"fuente":"placsp_adjudicaciones","confianza":"media"}},{"type":"Feature","geometry":{"type":"Point","coordinates":[-5.358027887667372,36.16369468758405]},"properties":{"id":"b8d92e7313d447df","tipo":"contratista_local","nombre":"NUEVO HOGAR BETANIA","direccion":"LA LINEA DE LA CONCEPCION CADIZ · 6 adjudicaciones públicas · €247k total adjudicado","municipio":"La Linea De La Concepcion Cadiz","provincia":"Cádiz","cp":null,"telefono":null,"email":null,"web":null,"etapas":null,"fuente":"placsp_adjudicaciones","confianza":"media"}},{"type":"Feature","geometry":{"type":"Point","coordinates":[-6.197440847919811,36.46486697833313]},"properties":{"id":"7ea5b1cad0f6c192","tipo":"contratista_local","nombre":"FRIZONIA REFRIGERACIÓN CLIMATIZACIÓN, S.L.","direccion":"SAN FERNANDO · 7 adjudicaciones públicas · €131k total adjudicado","municipio":"San Fernando","provincia":"Cádiz","cp":null,"telefono":null,"email":null,"web":null,"etapas":null,"fuente":"placsp_adjudicaciones","confianza":"media"}},{"type":"Feature","geometry":{"type":"Point","coordinates":[-5.448580407867314,36.13019681680001]},"properties":{"id":"e3118fcb6427ab8e","tipo":"contratista_local","nombre":"BENITEZ PAUBLETE SL","direccion":"Algeciras · 6 adjudicaciones públicas · €46k total adjudicado","municipio":"Algeciras","provincia":"Cádiz","cp":null,"telefono":null,"email":null,"web":null,"etapas":null,"fuente":"placsp_adjudicaciones","confianza":"media"}},{"type":"Feature","geometry":{"type":"Point","coordinates":[-5.44922997901474,36.13025121791132]},"properties":{"id":"349e4559b95dfa26","tipo":"contratista_local","nombre":"OHL SERVICIOS - INGESAN","direccion":"SEVILLA · 2 adjudicaciones públicas · €510.5M total adjudicado","municipio":"Sevilla","provincia":"Cádiz","cp":null,"telefono":null,"email":null,"web":null,"etapas":null,"fuente":"placsp_adjudicaciones","confianza":"media"}},{"type":"Feature","geometry":{"type":"Point","coordinates":[-6.128400691789369,36.689425796983116]},"properties":{"id":"e32fd4d6dce708e8","tipo":"contratista_local","nombre":"MANUEL ALBA, S.A. - TECORIVE S.L.U.","direccion":"Jerez de la Frontera (Cádiz) · 32 adjudicaciones públicas · €15.1M total adjudicado","municipio":"Jerez de la Frontera (Cádiz)","provincia":"Cádiz","cp":null,"telefono":null,"email":null,"web":null,"etapas":null,"fuente":"placsp_adjudicaciones","confianza":"media"}},{"type":"Feature","geometry":{"type":"Point","coordinates":[-6.354044020452135,36.775971608953284]},"properties":{"id":"9ee3db68bb276e2e","tipo":"contratista_local","nombre":"IDRACAR2018 SL","direccion":"SANLÚCAR DE BARRAMEDA · 4 adjudicaciones públicas · €4.3M total adjudicado","municipio":"Sanlúcar De Barrameda","provincia":"Cádiz","cp":null,"telefono":null,"email":null,"web":null,"etapas":null,"fuente":"placsp_adjudicaciones","confianza":"media"}},{"type":"Feature","geometry":{"type":"Point","coordinates":[-6.1985777794190895,36.46417072313803]},"properties":{"id":"f9a539f6c855aaf3","tipo":"contratista_local","nombre":"FRUTAS Y CONGELADOS VILA, S.L.","direccion":"SAN FERNANDO (CÁDIZ) · 12 adjudicaciones públicas · €3.4M total adjudicado","municipio":"San Fernando (Cádiz)","provincia":"Cádiz","cp":null,"telefono":null,"email":null,"web":null,"etapas":null,"fuente":"placsp_adjudicaciones","confianza":"media"}},{"type":"Feature","geometry":{"type":"Point","coordinates":[-6.188550034972996,36.52881077594077]},"properties":{"id":"9835efba113406d2","tipo":"contratista_local","nombre":"MAINERSOL S.L.","direccion":"PUERTO REAL · 2 adjudicaciones públicas · €3.1M total adjudicado","municipio":"Puerto Real","provincia":"Cádiz","cp":null,"telefono":null,"email":null,"web":null,"etapas":null,"fuente":"placsp_adjudicaciones","confianza":"media"}},{"type":"Feature","geometry":{"type":"Point","coordinates":[-6.22423333396816,36.60147210741428]},"properties":{"id":"6bf8e032435daf3a","tipo":"contratista_local","nombre":"DI2 Portuense S.L.U.","direccion":"El Puerto de Santa María · 5 adjudicaciones públicas · €3.3M total adjudicado","municipio":"El Puerto de Santa María","provincia":"Cádiz","cp":null,"telefono":null,"email":null,"web":null,"etapas":null,"fuente":"placsp_adjudicaciones","confianza":"media"}},{"type":"Feature","geometry":{"type":"Point","coordinates":[-6.137096085589927,36.681986605297375]},"properties":{"id":"49eb0c68f37a0e35","tipo":"contratista_local","nombre":"SERVICIOS MÉDICOS SANITARIOS DEL SUR, S.A.U.","direccion":"Jerez de la Frontera · 5 adjudicaciones públicas · €5.1M total adjudicado","municipio":"Jerez de la Frontera","provincia":"Cádiz","cp":null,"telefono":null,"email":null,"web":null,"etapas":null,"fuente":"placsp_adjudicaciones","confianza":"media"}},{"type":"Feature","geometry":{"type":"Point","coordinates":[-6.2249988324248005,36.6015023200389]},"properties":{"id":"07a7985c3d8047fd","tipo":"contratista_local","nombre":"GRUPO VALORA GESTION DE RESIDUOS, S.L.","direccion":"El Puerto de Santa Maria · 2 adjudicaciones públicas · €1.0M total adjudicado","municipio":"El Puerto de Santa Maria","provincia":"Cádiz","cp":null,"telefono":null,"email":null,"web":null,"etapas":null,"fuente":"placsp_adjudicaciones","confianza":"media"}},{"type":"Feature","geometry":{"type":"Point","coordinates":[-6.293556199391924,36.53002632763958]},"properties":{"id":"450d9ffec7971324","tipo":"contratista_local","nombre":"BOOM AEC S.L.","direccion":"CÁDIZ · 4 adjudicaciones públicas · €670k total adjudicado","municipio":"Cádiz","provincia":"Cádiz","cp":null,"telefono":null,"email":null,"web":null,"etapas":null,"fuente":"placsp_adjudicaciones","confianza":"media"}},{"type":"Feature","geometry":{"type":"Point","coordinates":[-6.223361101941936,36.59978994106742]},"properties":{"id":"a012c6d2b42ecdff","tipo":"contratista_local","nombre":"Urbexcon Puerto, S.L.","direccion":"El Puerto de Santa María · 6 adjudicaciones públicas · €864k total adjudicado","municipio":"El Puerto de Santa María","provincia":"Cádiz","cp":null,"telefono":null,"email":null,"web":null,"etapas":null,"fuente":"placsp_adjudicaciones","confianza":"media"}},{"type":"Feature","geometry":{"type":"Point","coordinates":[-6.223741426799027,36.600837399100534]},"properties":{"id":"12beec47403088c5","tipo":"contratista_local","nombre":"HORMIGONES Y ARIDOS ESPINOLA, S.L.","direccion":"EL PUERTO DE SANTA MARIA · 11 adjudicaciones públicas · €2.4M total adjudicado","municipio":"El Puerto De Santa Maria","provincia":"Cádiz","cp":null,"telefono":null,"email":null,"web":null,"etapas":null,"fuente":"placsp_adjudicaciones","confianza":"media"}},{"type":"Feature","geometry":{"type":"Point","coordinates":[-6.146720823129703,36.41809453314171]},"properties":{"id":"64bcbc764f0e710e","tipo":"contratista_local","nombre":"LEASAN2007, S.L.","direccion":"chiclana de la frontera · 4 adjudicaciones públicas · €652k total adjudicado","municipio":"Chiclana De La Frontera","provincia":"Cádiz","cp":null,"telefono":null,"email":null,"web":null,"etapas":null,"fuente":"placsp_adjudicaciones","confianza":"media"}},{"type":"Feature","geometry":{"type":"Point","coordinates":[-6.2000613271746285,36.465234716307165]},"properties":{"id":"9c079e4d5bcb25e5","tipo":"contratista_local","nombre":"METALUR TRES CAMINOS, S.L.","direccion":"San Fernando · 4 adjudicaciones públicas · €256k total adjudicado","municipio":"San Fernando","provincia":"Cádiz","cp":null,"telefono":null,"email":null,"web":null,"etapas":null,"fuente":"placsp_adjudicaciones","confianza":"media"}},{"type":"Feature","geometry":{"type":"Point","coordinates":[-5.445745359007028,36.13064352156158]},"properties":{"id":"ff64c3af42872454","tipo":"contratista_local","nombre":"Kalmar Spain Chs SAU","direccion":"Algeciras · 2 adjudicaciones públicas · €245k total adjudicado","municipio":"Algeciras","provincia":"Cádiz","cp":null,"telefono":null,"email":null,"web":null,"etapas":null,"fuente":"placsp_adjudicaciones","confianza":"media"}},{"type":"Feature","geometry":{"type":"Point","coordinates":[-6.14559145749687,36.419379729451336]},"properties":{"id":"3338e5073511b11f","tipo":"contratista_local","nombre":"MADERAS IMPREGNADAS PARA EL EXTERIOR, S.L.","direccion":"CHICLANA DE LA FRONTERA · 9 adjudicaciones públicas · €1.1M total adjudicado","municipio":"Chiclana De La Frontera","provincia":"Cádiz","cp":null,"telefono":null,"email":null,"web":null,"etapas":null,"fuente":"placsp_adjudicaciones","confianza":"media"}},{"type":"Feature","geometry":{"type":"Point","coordinates":[-6.136828729423302,36.682504277508556]},"properties":{"id":"80eeec7ba7182296","tipo":"contratista_local","nombre":"PARAMEDIC, S.L.","direccion":"Jerez de la Frontera · 3 adjudicaciones públicas · €266k total adjudicado","municipio":"Jerez de la Frontera","provincia":"Cádiz","cp":null,"telefono":null,"email":null,"web":null,"etapas":null,"fuente":"placsp_adjudicaciones","confianza":"media"}},{"type":"Feature","geometry":{"type":"Point","coordinates":[-5.2587718004039266,36.93510632538221]},"properties":{"id":"371bdacfbac4a10c","tipo":"contratista_local","nombre":"INSTALACIONES HIPANOVA, S.L.U.","direccion":"OLVERA · 3 adjudicaciones públicas · €234k total adjudicado","municipio":"Olvera","provincia":"Cádiz","cp":null,"telefono":null,"email":null,"web":null,"etapas":null,"fuente":"placsp_adjudicaciones","confianza":"media"}},{"type":"Feature","geometry":{"type":"Point","coordinates":[-6.200033436148683,36.465037622326]},"properties":{"id":"77785721605ba238","tipo":"contratista_local","nombre":"CAUCENATURA SL","direccion":"SAN FERNANDO · 2 adjudicaciones públicas · €144k total adjudicado","municipio":"San Fernando","provincia":"Cádiz","cp":null,"telefono":null,"email":null,"web":null,"etapas":null,"fuente":"placsp_adjudicaciones","confianza":"media"}},{"type":"Feature","geometry":{"type":"Point","coordinates":[-6.291999313405249,36.5308883616844]},"properties":{"id":"9d18ce281075dcb0","tipo":"contratista_local","nombre":"FRANCISCO JAVIER ARRIOLA TRIAS","direccion":"CADIZ · 2 adjudicaciones públicas · €137k total adjudicado","municipio":"Cadiz","provincia":"Cádiz","cp":null,"telefono":null,"email":null,"web":null,"etapas":null,"fuente":"placsp_adjudicaciones","confianza":"media"}},{"type":"Feature","geometry":{"type":"Point","coordinates":[-5.452833648644363,36.14346934974433]},"properties":{"id":"8f7890103362eb8c","tipo":"contratista_local","nombre":"UNITERMIA S.L.","direccion":"Algeciras (Cádiz) · 3 adjudicaciones públicas · €110k total adjudicado","municipio":"Algeciras (Cádiz)","provincia":"Cádiz","cp":null,"telefono":null,"email":null,"web":null,"etapas":null,"fuente":"placsp_adjudicaciones","confianza":"media"}},{"type":"Feature","geometry":{"type":"Point","coordinates":[-6.147905652078581,36.41834474831538]},"properties":{"id":"c3fd85e2b4be590c","tipo":"contratista_local","nombre":"TEMATIC EVENTOS TEMATIZADOS SL","direccion":"Chiclana de la Frontera · 5 adjudicaciones públicas · €410k total adjudicado","municipio":"Chiclana de la Frontera","provincia":"Cádiz","cp":null,"telefono":null,"email":null,"web":null,"etapas":null,"fuente":"placsp_adjudicaciones","confianza":"media"}},{"type":"Feature","geometry":{"type":"Point","coordinates":[-6.145821485532209,36.41953082815868]},"properties":{"id":"bef630118b70a6a1","tipo":"contratista_local","nombre":"FRUCTUOSO PASCUAL E HIJOS, S.L.","direccion":"CHICLANA DE LA FRONTERA · 5 adjudicaciones públicas · €415k total adjudicado","municipio":"Chiclana De La Frontera","provincia":"Cádiz","cp":null,"telefono":null,"email":null,"web":null,"etapas":null,"fuente":"placsp_adjudicaciones","confianza":"media"}},{"type":"Feature","geometry":{"type":"Point","coordinates":[-6.293056454772412,36.530608665476315]},"properties":{"id":"fad9cada4c46c7da","tipo":"contratista_local","nombre":"Universidad de Cádiz","direccion":"Cadiz · 6 adjudicaciones públicas · €603k total adjudicado","municipio":"Cadiz","provincia":"Cádiz","cp":null,"telefono":null,"email":null,"web":null,"etapas":null,"fuente":"placsp_adjudicaciones","confianza":"media"}},{"type":"Feature","geometry":{"type":"Point","coordinates":[-6.294693744316236,36.5303814812956]},"properties":{"id":"556306878fe611da","tipo":"contratista_local","nombre":"Desarrollo Andaluz de Diagnóstico por Imagen, S.A.","direccion":"Cádiz · 5 adjudicaciones públicas · €140k total adjudicado","municipio":"Cádiz","provincia":"Cádiz","cp":null,"telefono":null,"email":null,"web":null,"etapas":null,"fuente":"placsp_adjudicaciones","confianza":"media"}},{"type":"Feature","geometry":{"type":"Point","coordinates":[-6.226645186464548,36.599421379704474]},"properties":{"id":"e9a898f67fed9330","tipo":"contratista_local","nombre":"CONSTRUCCIONES GARRUCHO SA","direccion":"El Puerto de Santa María · 10 adjudicaciones públicas · €1.2M total adjudicado","municipio":"El Puerto de Santa María","provincia":"Cádiz","cp":null,"telefono":null,"email":null,"web":null,"etapas":null,"fuente":"placsp_adjudicaciones","confianza":"media"}},{"type":"Feature","geometry":{"type":"Point","coordinates":[-6.292377669275158,36.531127758699114]},"properties":{"id":"21cd18dea23f16c5","tipo":"contratista_local","nombre":"TG4 CONSULTORES AEC, S.L.","direccion":"Cádiz · 5 adjudicaciones públicas · €236k total adjudicado","municipio":"Cádiz","provincia":"Cádiz","cp":null,"telefono":null,"email":null,"web":null,"etapas":null,"fuente":"placsp_adjudicaciones","confianza":"media"}},{"type":"Feature","geometry":{"type":"Point","coordinates":[-6.354675505697602,36.77588901973995]},"properties":{"id":"ef8c19420d1f2aa6","tipo":"contratista_local","nombre":"ESPECTACULOS CARMELO GARCÍA, S.L.U.","direccion":"SANLUCAR DE BARRAMEDA · 3 adjudicaciones públicas · €68k total adjudicado","municipio":"Sanlucar De Barrameda","provincia":"Cádiz","cp":null,"telefono":null,"email":null,"web":null,"etapas":null,"fuente":"placsp_adjudicaciones","confianza":"media"}},{"type":"Feature","geometry":{"type":"Point","coordinates":[-6.2307043956646995,36.59946851213237]},"properties":{"id":"2ce3b5fbf0cf8869","tipo":"contratista_local","nombre":"INGENIERÍA DEL OZONO SLU","direccion":"PUERTO DE SANTA MARÍA (EL) · 2 adjudicaciones públicas · €63k total adjudicado","municipio":"Puerto De Santa María (El)","provincia":"Cádiz","cp":null,"telefono":null,"email":null,"web":null,"etapas":null,"fuente":"placsp_adjudicaciones","confianza":"media"}},{"type":"Feature","geometry":{"type":"Point","coordinates":[-5.45920267177915,36.172943306830355]},"properties":{"id":"91122f26528fe970","tipo":"contratista_local","nombre":"CONTRATAS Y MOVIMIENTOS DE TIERRAS CARMIN, S.L.","direccion":"Barrios, Los · 6 adjudicaciones públicas · €322k total adjudicado","municipio":"Barrios, Los","provincia":"Cádiz","cp":null,"telefono":null,"email":null,"web":null,"etapas":null,"fuente":"placsp_adjudicaciones","confianza":"media"}},{"type":"Feature","geometry":{"type":"Point","coordinates":[-6.224966569302525,36.5999553894523]},"properties":{"id":"b4e9586bfb63b1b9","tipo":"contratista_local","nombre":"PUSAMA, S.L.","direccion":"Puerto de Santa María · 9 adjudicaciones públicas · €533k total adjudicado","municipio":"Puerto de Santa María","provincia":"Cádiz","cp":null,"telefono":null,"email":null,"web":null,"etapas":null,"fuente":"placsp_adjudicaciones","confianza":"media"}},{"type":"Feature","geometry":{"type":"Point","coordinates":[-6.2911441056353,36.529946592088734]},"properties":{"id":"655b103c955e23c4","tipo":"contratista_local","nombre":"Artetrans Servicios Integrales SL","direccion":"CADIZ · 6 adjudicaciones públicas · €146k total adjudicado","municipio":"Cadiz","provincia":"Cádiz","cp":null,"telefono":null,"email":null,"web":null,"etapas":null,"fuente":"placsp_adjudicaciones","confianza":"media"}},{"type":"Feature","geometry":{"type":"Point","coordinates":[-6.2245775142258735,36.59909612457774]},"properties":{"id":"7204d8b6ca7e5f45","tipo":"contratista_local","nombre":"GESTOFLOR, S.L.","direccion":"Puerto de Santa María, Cádiz · 3 adjudicaciones públicas · €100k total adjudicado","municipio":"Puerto de Santa María, Cádiz","provincia":"Cádiz","cp":null,"telefono":null,"email":null,"web":null,"etapas":null,"fuente":"placsp_adjudicaciones","confianza":"media"}},{"type":"Feature","geometry":{"type":"Point","coordinates":[-6.198786719190407,36.463640370721926]},"properties":{"id":"86440256c716b5ec","tipo":"contratista_local","nombre":"SUR DE IMPORTACIÓN Y EXPORTACIÓN DE NAVALEZ DE CADIZ, SL","direccion":"San Fernando · 8 adjudicaciones públicas · €730k total adjudicado","municipio":"San Fernando","provincia":"Cádiz","cp":null,"telefono":null,"email":null,"web":null,"etapas":null,"fuente":"placsp_adjudicaciones","confianza":"media"}},{"type":"Feature","geometry":{"type":"Point","coordinates":[-6.293601899184557,36.52809085530846]},"properties":{"id":"9e2d27c262b1a7e2","tipo":"contratista_local","nombre":"ELECAM SA","direccion":"CÁDIZ · 4 adjudicaciones públicas · €220k total adjudicado","municipio":"Cádiz","provincia":"Cádiz","cp":null,"telefono":null,"email":null,"web":null,"etapas":null,"fuente":"placsp_adjudicaciones","confianza":"media"}},{"type":"Feature","geometry":{"type":"Point","coordinates":[-6.22539625525845,36.60143424491582]},"properties":{"id":"afbc3f5c7e49b7c3","tipo":"contratista_local","nombre":"Bahía Luz Restauración S.L.","direccion":"EL PUERTO DE SANTA MARIA · 1 adjudicación pública · €12.4M total adjudicado","municipio":"El Puerto De Santa Maria","provincia":"Cádiz","cp":null,"telefono":null,"email":null,"web":null,"etapas":null,"fuente":"placsp_adjudicaciones","confianza":"media"}},{"type":"Feature","geometry":{"type":"Point","coordinates":[-5.694655734668688,36.85095245006072]},"properties":{"id":"f67864e0642d9d8d","tipo":"contratista_local","nombre":"GRUPO GARRIDO DISEÑO Y CONSTRUCCIÓN SL","direccion":"COTO DE BORNOS · 1 adjudicación pública · €11.8M total adjudicado","municipio":"Coto De Bornos","provincia":"Cádiz","cp":null,"telefono":null,"email":null,"web":null,"etapas":null,"fuente":"placsp_adjudicaciones","confianza":"media"}},{"type":"Feature","geometry":{"type":"Point","coordinates":[-6.188377133520987,36.47013061681122]},"properties":{"id":"56895ad9a281f6d8","tipo":"contratista_local","nombre":"URO VEHICULOS ESPECIALES, S.A.","direccion":"SANTIAGO DE COMPOSTELA · 1 adjudicación pública · €1.2M total adjudicado","municipio":"Santiago De Compostela","provincia":"Cádiz","cp":null,"telefono":null,"email":null,"web":null,"etapas":null,"fuente":"placsp_adjudicaciones","confianza":"media"}},{"type":"Feature","geometry":{"type":"Point","coordinates":[-6.226027161279954,36.599409355856594]},"properties":{"id":"b235ab67491ad2f6","tipo":"contratista_local","nombre":"EURONAVAL SERVICIOS INTEGRALES SL","direccion":"EL PUERTO DE SANTA MARIA · 2 adjudicaciones públicas · €1.3M total adjudicado","municipio":"El Puerto De Santa Maria","provincia":"Cádiz","cp":null,"telefono":null,"email":null,"web":null,"etapas":null,"fuente":"placsp_adjudicaciones","confianza":"media"}},{"type":"Feature","geometry":{"type":"Point","coordinates":[-6.136922019924054,36.681373409101084]},"properties":{"id":"32b9a777a5b9a8f7","tipo":"contratista_local","nombre":"ALBAMAR OBRAS MARITIMAS, S.L.","direccion":"Jerez de la Frontera · 1 adjudicación pública · €1.2M total adjudicado","municipio":"Jerez de la Frontera","provincia":"Cádiz","cp":null,"telefono":null,"email":null,"web":null,"etapas":null,"fuente":"placsp_adjudicaciones","confianza":"media"}},{"type":"Feature","geometry":{"type":"Point","coordinates":[-6.293468240327742,36.528289389315724]},"properties":{"id":"e429c5860f05baf2","tipo":"contratista_local","nombre":"Suyfa Defence, S.L.","direccion":"Cádiz · 14 adjudicaciones públicas · €1.9M total adjudicado","municipio":"Cádiz","provincia":"Cádiz","cp":null,"telefono":null,"email":null,"web":null,"etapas":null,"fuente":"placsp_adjudicaciones","confianza":"media"}},{"type":"Feature","geometry":{"type":"Point","coordinates":[-6.293762123490644,36.52909683486421]},"properties":{"id":"ccd316f24c984770","tipo":"contratista_local","nombre":"Cruz Roja Española","direccion":"Cadiz · 3 adjudicaciones públicas · €1.5M total adjudicado","municipio":"Cadiz","provincia":"Cádiz","cp":null,"telefono":null,"email":null,"web":null,"etapas":null,"fuente":"placsp_adjudicaciones","confianza":"media"}},{"type":"Feature","geometry":{"type":"Point","coordinates":[-6.355601029682825,36.77629870373707]},"properties":{"id":"340ddf18ea00e023","tipo":"contratista_local","nombre":"CRISTÓBAL ANILLO LÓPEZ","direccion":"SANLUCAR DE BARRAMEDA · 1 adjudicación pública · €718k total adjudicado","municipio":"Sanlucar De Barrameda","provincia":"Cádiz","cp":null,"telefono":null,"email":null,"web":null,"etapas":null,"fuente":"placsp_adjudicaciones","confianza":"media"}},{"type":"Feature","geometry":{"type":"Point","coordinates":[-6.293125869269771,36.52859808085393]},"properties":{"id":"5937257dea827beb","tipo":"contratista_local","nombre":"IBERMAD, MEDIO AMBIENTE Y DESARROLLO, SL","direccion":"CADIZ · 3 adjudicaciones públicas · €815k total adjudicado","municipio":"Cadiz","provincia":"Cádiz","cp":null,"telefono":null,"email":null,"web":null,"etapas":null,"fuente":"placsp_adjudicaciones","confianza":"media"}},{"type":"Feature","geometry":{"type":"Point","coordinates":[-5.928022579813773,36.45668916716699]},"properties":{"id":"df6b2ffa9c9da3a7","tipo":"contratista_local","nombre":"Terra Nullius SL","direccion":"Medina Sidonia · 1 adjudicación pública · €640k total adjudicado","municipio":"Medina Sidonia","provincia":"Cádiz","cp":null,"telefono":null,"email":null,"web":null,"etapas":null,"fuente":"placsp_adjudicaciones","confianza":"media"}},{"type":"Feature","geometry":{"type":"Point","coordinates":[-6.120282118052808,36.449637919454545]},"properties":{"id":"3e3c7764df86ccca","tipo":"contratista_local","nombre":"DESARROLLOS TECNICOS INDUSTRIALES DE GALICIA SA","direccion":"Narón · 1 adjudicación pública · €600k total adjudicado","municipio":"Narón","provincia":"Cádiz","cp":null,"telefono":null,"email":null,"web":null,"etapas":null,"fuente":"placsp_adjudicaciones","confianza":"media"}},{"type":"Feature","geometry":{"type":"Point","coordinates":[-5.447788832297197,36.12922222635215]},"properties":{"id":"69ff833ba239e35f","tipo":"contratista_local","nombre":"TECNICA Y PROYECTOS, S.A.","direccion":"Sevilla · 1 adjudicación pública · €600k total adjudicado","municipio":"Sevilla","provincia":"Cádiz","cp":null,"telefono":null,"email":null,"web":null,"etapas":null,"fuente":"placsp_adjudicaciones","confianza":"media"}},{"type":"Feature","geometry":{"type":"Point","coordinates":[-5.742375209969612,36.81573715049853]},"properties":{"id":"70850e5b8ff8e38c","tipo":"contratista_local","nombre":"NEOCON BORNOS 2011 SLU","direccion":"BORNOS · 1 adjudicación pública · €470k total adjudicado","municipio":"Bornos","provincia":"Cádiz","cp":null,"telefono":null,"email":null,"web":null,"etapas":null,"fuente":"placsp_adjudicaciones","confianza":"media"}},{"type":"Feature","geometry":{"type":"Point","coordinates":[-6.22400397946178,36.599773631433955]},"properties":{"id":"c7749e88dc6866c2","tipo":"contratista_local","nombre":"Firmes y Carreteras S.A.","direccion":"El Puerto de santa maría · 2 adjudicaciones públicas · €2.1M total adjudicado","municipio":"El Puerto de santa maría","provincia":"Cádiz","cp":null,"telefono":null,"email":null,"web":null,"etapas":null,"fuente":"placsp_adjudicaciones","confianza":"media"}},{"type":"Feature","geometry":{"type":"Point","coordinates":[-5.375242715229019,36.17765266297899]},"properties":{"id":"57e8e2deaac8264d","tipo":"contratista_local","nombre":"CONSTRUCCIONES ROJAS CARRILLO S.L.","direccion":"CAMPAMENTO ( SAN ROQUE ) · 1 adjudicación pública · €355k total adjudicado","municipio":"Campamento ( San Roque )","provincia":"Cádiz","cp":null,"telefono":null,"email":null,"web":null,"etapas":null,"fuente":"placsp_adjudicaciones","confianza":"media"}},{"type":"Feature","geometry":{"type":"Point","coordinates":[-6.139047563358111,36.680501639146804]},"properties":{"id":"631adc48c5b7d670","tipo":"contratista_local","nombre":"Clínica Beiman Instituto Andaluz de Medicina Deportiva, S.L.","direccion":"Jerez de la Frontera · 1 adjudicación pública · €331k total adjudicado","municipio":"Jerez de la Frontera","provincia":"Cádiz","cp":null,"telefono":null,"email":null,"web":null,"etapas":null,"fuente":"placsp_adjudicaciones","confianza":"media"}},{"type":"Feature","geometry":{"type":"Point","coordinates":[-6.087085557381351,36.714640004740176]},"properties":{"id":"09d8cc920456c6af","tipo":"contratista_local","nombre":"IERTEC SMART TECHNOLOGIES, S.L","direccion":"Guadalcacín (JEREZ DE LA FRONTERA) · 1 adjudicación pública · €330k total adjudicado","municipio":"Guadalcacín (JEREZ DE LA FRONTERA)","provincia":"Cádiz","cp":null,"telefono":null,"email":null,"web":null,"etapas":null,"fuente":"placsp_adjudicaciones","confianza":"media"}},{"type":"Feature","geometry":{"type":"Point","coordinates":[-6.144984687140182,36.420645103369154]},"properties":{"id":"d742ca4f16e7a8d6","tipo":"contratista_local","nombre":"Señalizaciones Ortega, S.L.","direccion":"Chiclana Frontera · 4 adjudicaciones públicas · €458k total adjudicado","municipio":"Chiclana Frontera","provincia":"Cádiz","cp":null,"telefono":null,"email":null,"web":null,"etapas":null,"fuente":"placsp_adjudicaciones","confianza":"media"}},{"type":"Feature","geometry":{"type":"Point","coordinates":[-6.135722344195095,36.68982008422396]},"properties":{"id":"313bcb178aeec93b","tipo":"contratista_local","nombre":"AINELEC LM","direccion":"MADRID · 1 adjudicación pública · €265k total adjudicado","municipio":"Madrid","provincia":"Cádiz","cp":null,"telefono":null,"email":null,"web":null,"etapas":null,"fuente":"placsp_adjudicaciones","confianza":"media"}},{"type":"Feature","geometry":{"type":"Point","coordinates":[-5.49315015364216,36.18614285564971]},"properties":{"id":"ce83e8262764e5aa","tipo":"contratista_local","nombre":"Servicios Funerarios Bahia de Algeciras S. COOP. AND.","direccion":"los barrios · 1 adjudicación pública · €248k total adjudicado","municipio":"Los Barrios","provincia":"Cádiz","cp":null,"telefono":null,"email":null,"web":null,"etapas":null,"fuente":"placsp_adjudicaciones","confianza":"media"}},{"type":"Feature","geometry":{"type":"Point","coordinates":[-6.147540275236594,36.41833975209573]},"properties":{"id":"a6c00431ec567f52","tipo":"contratista_local","nombre":"TOMAS BRIONES SAUCEDO SL","direccion":"CHICLANA DE LA FRONTERA · 3 adjudicaciones públicas · €219k total adjudicado","municipio":"Chiclana De La Frontera","provincia":"Cádiz","cp":null,"telefono":null,"email":null,"web":null,"etapas":null,"fuente":"placsp_adjudicaciones","confianza":"media"}},{"type":"Feature","geometry":{"type":"Point","coordinates":[-6.1370380540120895,36.68066405060845]},"properties":{"id":"36dbba066781b36f","tipo":"contratista_local","nombre":"Angal Vehículos Industriales, S.L.","direccion":"Jerez de la Frontera · 1 adjudicación pública · €177k total adjudicado","municipio":"Jerez de la Frontera","provincia":"Cádiz","cp":null,"telefono":null,"email":null,"web":null,"etapas":null,"fuente":"placsp_adjudicaciones","confianza":"media"}},{"type":"Feature","geometry":{"type":"Point","coordinates":[-6.1460908457821555,36.41762587583025]},"properties":{"id":"7b570b41ff75284b","tipo":"contratista_local","nombre":"OBRAS HIDRAULICAS DEL SUR, S.L.","direccion":"CHICLANA DE LA FRONTERA · 1 adjudicación pública · €176k total adjudicado","municipio":"Chiclana De La Frontera","provincia":"Cádiz","cp":null,"telefono":null,"email":null,"web":null,"etapas":null,"fuente":"placsp_adjudicaciones","confianza":"media"}},{"type":"Feature","geometry":{"type":"Point","coordinates":[-6.198220572185256,36.46572193971002]},"properties":{"id":"851b921fd789dac2","tipo":"contratista_local","nombre":"ALSUNI SAN FERNANDO, S.L.","direccion":"San Fernando · 9 adjudicaciones públicas · €537k total adjudicado","municipio":"San Fernando","provincia":"Cádiz","cp":null,"telefono":null,"email":null,"web":null,"etapas":null,"fuente":"placsp_adjudicaciones","confianza":"media"}},{"type":"Feature","geometry":{"type":"Point","coordinates":[-5.605222170122442,36.01355575916237]},"properties":{"id":"a4d56f20cdc89566","tipo":"contratista_local","nombre":"JOSÉ MANUEL NÚÑEZ NÚÑEZ","direccion":"Tarifa · 1 adjudicación pública · €173k total adjudicado","municipio":"Tarifa","provincia":"Cádiz","cp":null,"telefono":null,"email":null,"web":null,"etapas":null,"fuente":"placsp_adjudicaciones","confianza":"media"}},{"type":"Feature","geometry":{"type":"Point","coordinates":[-5.926175481604071,36.45777598180498]},"properties":{"id":"409ebba375ae5e8f","tipo":"contratista_local","nombre":"CERRAJERÍA GÓMEZ LOZANO, S.L.","direccion":"Medina-Sidonia · 9 adjudicaciones públicas · €794k total adjudicado","municipio":"Medina-Sidonia","provincia":"Cádiz","cp":null,"telefono":null,"email":null,"web":null,"etapas":null,"fuente":"placsp_adjudicaciones","confianza":"media"}},{"type":"Feature","geometry":{"type":"Point","coordinates":[-5.814661337498472,36.34524053048626]},"properties":{"id":"36d41822550cff1b","tipo":"contratista_local","nombre":"TECNOQUALITY SERVICIOS DE LA CONSTRUCCION SL","direccion":"Benalup-Casas Viejas. Cádiz · 1 adjudicación pública · €167k total adjudicado","municipio":"Benalup-Casas Viejas. Cádiz","provincia":"Cádiz","cp":null,"telefono":null,"email":null,"web":null,"etapas":null,"fuente":"placsp_adjudicaciones","confianza":"media"}},{"type":"Feature","geometry":{"type":"Point","coordinates":[-6.2948910059399585,36.529196536110966]},"properties":{"id":"ab94b2ca9e635f76","tipo":"contratista_local","nombre":"JOSE MANUEL PASCUAL PASCUAL S.A.","direccion":"CADIZ · 1 adjudicación pública · €166k total adjudicado","municipio":"Cadiz","provincia":"Cádiz","cp":null,"telefono":null,"email":null,"web":null,"etapas":null,"fuente":"placsp_adjudicaciones","confianza":"media"}},{"type":"Feature","geometry":{"type":"Point","coordinates":[-6.293364990644739,36.529472016360856]},"properties":{"id":"4680923c6e05b48a","tipo":"contratista_local","nombre":"Construcciones Butrón Ortíz, S.L.","direccion":"CADIZ · 1 adjudicación pública · €154k total adjudicado","municipio":"Cadiz","provincia":"Cádiz","cp":null,"telefono":null,"email":null,"web":null,"etapas":null,"fuente":"placsp_adjudicaciones","confianza":"media"}},{"type":"Feature","geometry":{"type":"Point","coordinates":[-6.291797407606171,36.529034980415496]},"properties":{"id":"55b21ecf5fea5ec4","tipo":"contratista_local","nombre":"IDCQ HOSPITALES Y SANIDAD SLU","direccion":"cadiz · 2 adjudicaciones públicas · €348k total adjudicado","municipio":"Cadiz","provincia":"Cádiz","cp":null,"telefono":null,"email":null,"web":null,"etapas":null,"fuente":"placsp_adjudicaciones","confianza":"media"}},{"type":"Feature","geometry":{"type":"Point","coordinates":[-6.137623716748381,36.6821665081299]},"properties":{"id":"760928a6cfd89305","tipo":"contratista_local","nombre":"SENDA ANIMACION SL","direccion":"JEREZ DE LA FRONTERA · 2 adjudicaciones públicas · €164k total adjudicado","municipio":"Jerez De La Frontera","provincia":"Cádiz","cp":null,"telefono":null,"email":null,"web":null,"etapas":null,"fuente":"placsp_adjudicaciones","confianza":"media"}},{"type":"Feature","geometry":{"type":"Point","coordinates":[-6.137168814991592,36.68102173484888]},"properties":{"id":"52c8ef497251e1a8","tipo":"contratista_local","nombre":"CONDE DELGADO, S.L.","direccion":"JEREZ DE LA FRONTERA · 1 adjudicación pública · €112k total adjudicado","municipio":"Jerez De La Frontera","provincia":"Cádiz","cp":null,"telefono":null,"email":null,"web":null,"etapas":null,"fuente":"placsp_adjudicaciones","confianza":"media"}},{"type":"Feature","geometry":{"type":"Point","coordinates":[-6.434138930930682,36.73454337626768]},"properties":{"id":"32e8193c3801f6d8","tipo":"contratista_local","nombre":"INGENIERIA FLOZAGA GUTERH S.L.","direccion":"Chipiona · 2 adjudicaciones públicas · €124k total adjudicado","municipio":"Chipiona","provincia":"Cádiz","cp":null,"telefono":null,"email":null,"web":null,"etapas":null,"fuente":"placsp_adjudicaciones","confianza":"media"}},{"type":"Feature","geometry":{"type":"Point","coordinates":[-6.144709076956377,36.41809242703651]},"properties":{"id":"f98a0dfc4ad41103","tipo":"contratista_local","nombre":"MOTORAZA, S.L.","direccion":"CHICLANA DE LA FRONTERA · 1 adjudicación pública · €100k total adjudicado","municipio":"Chiclana De La Frontera","provincia":"Cádiz","cp":null,"telefono":null,"email":null,"web":null,"etapas":null,"fuente":"placsp_adjudicaciones","confianza":"media"}},{"type":"Feature","geometry":{"type":"Point","coordinates":[-5.919004500703034,36.193918366594744]},"properties":{"id":"172d19d099b38cc9","tipo":"contratista_local","nombre":"DS GREEN TRANSITION, S.L","direccion":"BARBATE · 9 adjudicaciones públicas · €649k total adjudicado","municipio":"Barbate","provincia":"Cádiz","cp":null,"telefono":null,"email":null,"web":null,"etapas":null,"fuente":"placsp_adjudicaciones","confianza":"media"}},{"type":"Feature","geometry":{"type":"Point","coordinates":[-6.144341731754513,36.420139936478236]},"properties":{"id":"382c11212e00a204","tipo":"contratista_local","nombre":"MATERIALES DE CONSTRUCCION Y FERRALLAS ARAGON TORRES, S.L.","direccion":"CHICLANA DE LA FRONTERA · 2 adjudicaciones públicas · €203k total adjudicado","municipio":"Chiclana De La Frontera","provincia":"Cádiz","cp":null,"telefono":null,"email":null,"web":null,"etapas":null,"fuente":"placsp_adjudicaciones","confianza":"media"}},{"type":"Feature","geometry":{"type":"Point","coordinates":[-6.227379569604768,36.600644549154715]},"properties":{"id":"f1bf487ed6f42d2c","tipo":"contratista_local","nombre":"TECNICAS GADES, S.L.","direccion":"El Puerto de Santa María · 6 adjudicaciones públicas · €383k total adjudicado","municipio":"El Puerto de Santa María","provincia":"Cádiz","cp":null,"telefono":null,"email":null,"web":null,"etapas":null,"fuente":"placsp_adjudicaciones","confianza":"media"}},{"type":"Feature","geometry":{"type":"Point","coordinates":[-6.293694882774704,36.529147154374776]},"properties":{"id":"a3ecc52c2c5614d9","tipo":"contratista_local","nombre":"MOTORAZA S.L.","direccion":"Cádiz · 5 adjudicaciones públicas · €124k total adjudicado","municipio":"Cádiz","provincia":"Cádiz","cp":null,"telefono":null,"email":null,"web":null,"etapas":null,"fuente":"placsp_adjudicaciones","confianza":"media"}},{"type":"Feature","geometry":{"type":"Point","coordinates":[-6.228790218794479,36.59912430768804]},"properties":{"id":"b0b64a8e5725295d","tipo":"contratista_local","nombre":"ANSAMA REGALOS DE EMPRESA, S.L.","direccion":"PUERTO DE SANTA MARIA (CADIZ) · 9 adjudicaciones públicas · €199k total adjudicado","municipio":"Puerto De Santa Maria (Cadiz)","provincia":"Cádiz","cp":null,"telefono":null,"email":null,"web":null,"etapas":null,"fuente":"placsp_adjudicaciones","confianza":"media"}},{"type":"Feature","geometry":{"type":"Point","coordinates":[-6.353029917160012,36.775637683739575]},"properties":{"id":"138dcf1777dd80ec","tipo":"contratista_local","nombre":"MARIA MACARENA CASTELLANO FERNÁNDEZ","direccion":"SANLÚCAR DE BARRAMEDA · 1 adjudicación pública · €66k total adjudicado","municipio":"Sanlúcar De Barrameda","provincia":"Cádiz","cp":null,"telefono":null,"email":null,"web":null,"etapas":null,"fuente":"placsp_adjudicaciones","confianza":"media"}},{"type":"Feature","geometry":{"type":"Point","coordinates":[-5.811503973777987,36.75271597146854]},"properties":{"id":"22a8624870742f1a","tipo":"contratista_local","nombre":"FRANCISCO LOZANO CÁRDENAS","direccion":"ARCOS DE LA FRONTERA · 1 adjudicación pública · €61k total adjudicado","municipio":"Arcos De La Frontera","provincia":"Cádiz","cp":null,"telefono":null,"email":null,"web":null,"etapas":null,"fuente":"placsp_adjudicaciones","confianza":"media"}},{"type":"Feature","geometry":{"type":"Point","coordinates":[-6.29352804372198,36.53064190463449]},"properties":{"id":"44951ddbf57d5726","tipo":"contratista_local","nombre":"ILUSTRE COLEGIO OFICIAL  DE VETERINARIOS DE CADIZ","direccion":"Cádiz · 1 adjudicación pública · €60k total adjudicado","municipio":"Cádiz","provincia":"Cádiz","cp":null,"telefono":null,"email":null,"web":null,"etapas":null,"fuente":"placsp_adjudicaciones","confianza":"media"}},{"type":"Feature","geometry":{"type":"Point","coordinates":[-5.3468202298114385,36.16682824993059]},"properties":{"id":"e4b03e20c63062db","tipo":"contratista_local","nombre":"Editorial Campo de Gibraltar SA","direccion":"La Línea de la Concepción · 1 adjudicación pública · €59k total adjudicado","municipio":"La Línea de la Concepción","provincia":"Cádiz","cp":null,"telefono":null,"email":null,"web":null,"etapas":null,"fuente":"placsp_adjudicaciones","confianza":"media"}},{"type":"Feature","geometry":{"type":"Point","coordinates":[-6.293032109450951,36.52916037134518]},"properties":{"id":"a4e362589b737110","tipo":"contratista_local","nombre":"DYNFILE SISTEMAS S.L.","direccion":"CÁDIZ · 1 adjudicación pública · €55k total adjudicado","municipio":"Cádiz","provincia":"Cádiz","cp":null,"telefono":null,"email":null,"web":null,"etapas":null,"fuente":"placsp_adjudicaciones","confianza":"media"}},{"type":"Feature","geometry":{"type":"Point","coordinates":[-6.137195900764212,36.68126566392299]},"properties":{"id":"f90806dc823fd8e9","tipo":"contratista_local","nombre":"SD TORREBOCA S.L.","direccion":"Jerez de la frontera · 1 adjudicación pública · €55k total adjudicado","municipio":"Jerez de la frontera","provincia":"Cádiz","cp":null,"telefono":null,"email":null,"web":null,"etapas":null,"fuente":"placsp_adjudicaciones","confianza":"media"}},{"type":"Feature","geometry":{"type":"Point","coordinates":[-6.294561327819869,36.53029527344336]},"properties":{"id":"1e76d0691cb1fa94","tipo":"contratista_local","nombre":"Minimal Notebooks","direccion":"Cádiz · 1 adjudicación pública · €53k total adjudicado","municipio":"Cádiz","provincia":"Cádiz","cp":null,"telefono":null,"email":null,"web":null,"etapas":null,"fuente":"placsp_adjudicaciones","confianza":"media"}},{"type":"Feature","geometry":{"type":"Point","coordinates":[-6.137295678227444,36.682780050174415]},"properties":{"id":"9b85ed043bd09268","tipo":"contratista_local","nombre":"LOS CAÑOS MUSICA, S.L.","direccion":"Jerez de la Frontera · 1 adjudicación pública · €50k total adjudicado","municipio":"Jerez de la Frontera","provincia":"Cádiz","cp":null,"telefono":null,"email":null,"web":null,"etapas":null,"fuente":"placsp_adjudicaciones","confianza":"media"}},{"type":"Feature","geometry":{"type":"Point","coordinates":[-5.404510200410102,36.87879089375918]},"properties":{"id":"f7b843d8b170a5fe","tipo":"contratista_local","nombre":"Hnos. Lobato Rodríguez, SL","direccion":"ALGODONALES · 5 adjudicaciones públicas · €222k total adjudicado","municipio":"Algodonales","provincia":"Cádiz","cp":null,"telefono":null,"email":null,"web":null,"etapas":null,"fuente":"placsp_adjudicaciones","confianza":"media"}},{"type":"Feature","geometry":{"type":"Point","coordinates":[-6.229789418555502,36.59827928350137]},"properties":{"id":"2d5ef31655aeee1e","tipo":"contratista_local","nombre":"Gestlabor Hostelería, S.L","direccion":"El Puerto de Santa María (Cádiz) · 1 adjudicación pública · €45k total adjudicado","municipio":"El Puerto de Santa María (Cádiz)","provincia":"Cádiz","cp":null,"telefono":null,"email":null,"web":null,"etapas":null,"fuente":"placsp_adjudicaciones","confianza":"media"}},{"type":"Feature","geometry":{"type":"Point","coordinates":[-6.352592947129285,36.7762418185098]},"properties":{"id":"a57999348867b8e3","tipo":"contratista_local","nombre":"CENTRO MEDICO AVANZA, S.L.","direccion":"SANLUCAR DE BARRAMEDA · 1 adjudicación pública · €45k total adjudicado","municipio":"Sanlucar De Barrameda","provincia":"Cádiz","cp":null,"telefono":null,"email":null,"web":null,"etapas":null,"fuente":"placsp_adjudicaciones","confianza":"media"}},{"type":"Feature","geometry":{"type":"Point","coordinates":[-6.145252273111251,36.42020820315232]},"properties":{"id":"e866b5db7219e750","tipo":"contratista_local","nombre":"Francisco Benitez Tocino","direccion":"Chiclana de la Frontera · 1 adjudicación pública · €43k total adjudicado","municipio":"Chiclana de la Frontera","provincia":"Cádiz","cp":null,"telefono":null,"email":null,"web":null,"etapas":null,"fuente":"placsp_adjudicaciones","confianza":"media"}},{"type":"Feature","geometry":{"type":"Point","coordinates":[-6.14543065772728,36.4189345435386]},"properties":{"id":"aa4da47ca40b0e1e","tipo":"contratista_local","nombre":"FRANCISCO ABAD MUÑOZ","direccion":"CHICLANA DE LA FRONTERA · 1 adjudicación pública · €41k total adjudicado","municipio":"Chiclana De La Frontera","provincia":"Cádiz","cp":null,"telefono":null,"email":null,"web":null,"etapas":null,"fuente":"placsp_adjudicaciones","confianza":"media"}},{"type":"Feature","geometry":{"type":"Point","coordinates":[-5.742568450767841,36.814817877272425]},"properties":{"id":"536b649ea80de467","tipo":"contratista_local","nombre":"GESTION INTEGRAL DE OBRAS SERVICIOS E INSTALACIONES S.L.","direccion":"BORNOS · 1 adjudicación pública · €40k total adjudicado","municipio":"Bornos","provincia":"Cádiz","cp":null,"telefono":null,"email":null,"web":null,"etapas":null,"fuente":"placsp_adjudicaciones","confianza":"media"}},{"type":"Feature","geometry":{"type":"Point","coordinates":[-6.138902691661915,36.68228527190314]},"properties":{"id":"af00db89d345f752","tipo":"contratista_local","nombre":"INTEGRACIÓN, DESARROLLO Y MANTENIMIENTO ELECTRÓNICO S.L","direccion":"JEREZ DE LA FRONTERA · 2 adjudicaciones públicas · €140k total adjudicado","municipio":"Jerez De La Frontera","provincia":"Cádiz","cp":null,"telefono":null,"email":null,"web":null,"etapas":null,"fuente":"placsp_adjudicaciones","confianza":"media"}},{"type":"Feature","geometry":{"type":"Point","coordinates":[-5.920378236764931,36.191400379285696]},"properties":{"id":"738a458a3806f568","tipo":"contratista_local","nombre":"CENTRO DE ACTIVIDADES MEDICAS DE BARBATE EL CARMEN, S.L.","direccion":"Barbate · 2 adjudicaciones públicas · €63k total adjudicado","municipio":"Barbate","provincia":"Cádiz","cp":null,"telefono":null,"email":null,"web":null,"etapas":null,"fuente":"placsp_adjudicaciones","confianza":"media"}},{"type":"Feature","geometry":{"type":"Point","coordinates":[-5.44680042350452,36.13085939021804]},"properties":{"id":"8ba5679ab0b0852f","tipo":"contratista_local","nombre":"FERNANDO COSANO CORRERO S.L.","direccion":"ALGECIRAS · 1 adjudicación pública · €37k total adjudicado","municipio":"Algeciras","provincia":"Cádiz","cp":null,"telefono":null,"email":null,"web":null,"etapas":null,"fuente":"placsp_adjudicaciones","confianza":"media"}},{"type":"Feature","geometry":{"type":"Point","coordinates":[-6.162391529801555,36.53879241205586]},"properties":{"id":"aa471015358a0c14","tipo":"contratista_local","nombre":"servicios auxiliares de puertos,s.a.","direccion":"Ceuta · 3 adjudicaciones públicas · €215k total adjudicado","municipio":"Ceuta","provincia":"Cádiz","cp":null,"telefono":null,"email":null,"web":null,"etapas":null,"fuente":"placsp_adjudicaciones","confianza":"media"}},{"type":"Feature","geometry":{"type":"Point","coordinates":[-6.137422748580365,36.68317108231093]},"properties":{"id":"bbe24ccb82ffa22c","tipo":"contratista_local","nombre":"INSTITUTO CHARBEL, S.L.","direccion":"JEREZ DE LA FRONTERA · 1 adjudicación pública · €35k total adjudicado","municipio":"Jerez De La Frontera","provincia":"Cádiz","cp":null,"telefono":null,"email":null,"web":null,"etapas":null,"fuente":"placsp_adjudicaciones","confianza":"media"}},{"type":"Feature","geometry":{"type":"Point","coordinates":[-5.927577262273608,36.458767364691106]},"properties":{"id":"62bdee07b8abdc7d","tipo":"contratista_local","nombre":"SÁNCHEZ J. CONSTRUCCIONES CIVILES Y EDIFICACIONES S.L.","direccion":"MEDINA SIDONIA · 1 adjudicación pública · €33k total adjudicado","municipio":"Medina Sidonia","provincia":"Cádiz","cp":null,"telefono":null,"email":null,"web":null,"etapas":null,"fuente":"placsp_adjudicaciones","confianza":"media"}},{"type":"Feature","geometry":{"type":"Point","coordinates":[-6.138338213165842,36.68164263752718]},"properties":{"id":"40a0fe96b1415c52","tipo":"contratista_local","nombre":"CEACHE CONFORT DE HOGAR, S.L.","direccion":"JEREZ DE LA FRONTERA · 1 adjudicación pública · €32k total adjudicado","municipio":"Jerez De La Frontera","provincia":"Cádiz","cp":null,"telefono":null,"email":null,"web":null,"etapas":null,"fuente":"placsp_adjudicaciones","confianza":"media"}},{"type":"Feature","geometry":{"type":"Point","coordinates":[-6.086572750535815,36.276850778411664]},"properties":{"id":"ddb325f5e50d39e0","tipo":"contratista_local","nombre":"CENTRO MEDICO SAN SEBASTIAN S.L.","direccion":"Conil de la Frontera · 2 adjudicaciones públicas · €36k total adjudicado","municipio":"Conil de la Frontera","provincia":"Cádiz","cp":null,"telefono":null,"email":null,"web":null,"etapas":null,"fuente":"placsp_adjudicaciones","confianza":"media"}},{"type":"Feature","geometry":{"type":"Point","coordinates":[-5.302792422888167,36.292570163750625]},"properties":{"id":"83bac1d01b7b6146","tipo":"contratista_local","nombre":"SUMINISTROS ELECTRICOS COTO, S.L.","direccion":"ECIJA · 1 adjudicación pública · €30k total adjudicado","municipio":"Ecija","provincia":"Cádiz","cp":null,"telefono":null,"email":null,"web":null,"etapas":null,"fuente":"placsp_adjudicaciones","confianza":"media"}},{"type":"Feature","geometry":{"type":"Point","coordinates":[-5.34827075518576,36.16710674207336]},"properties":{"id":"8a7892d10157e55a","tipo":"contratista_local","nombre":"EXCAVACIONES JAVIER VALERO, SL","direccion":"La Línea · 3 adjudicaciones públicas · €186k total adjudicado","municipio":"La Línea","provincia":"Cádiz","cp":null,"telefono":null,"email":null,"web":null,"etapas":null,"fuente":"placsp_adjudicaciones","confianza":"media"}},{"type":"Feature","geometry":{"type":"Point","coordinates":[-6.197691450285732,36.46594913823953]},"properties":{"id":"77aef43b70ac0dee","tipo":"contratista_local","nombre":"CIMBIS SERVICIOS Y NEGOCIOS S.L.","direccion":"San Fernando · 2 adjudicaciones públicas · €160k total adjudicado","municipio":"San Fernando","provincia":"Cádiz","cp":null,"telefono":null,"email":null,"web":null,"etapas":null,"fuente":"placsp_adjudicaciones","confianza":"media"}},{"type":"Feature","geometry":{"type":"Point","coordinates":[-6.190527699033168,36.52795429719708]},"properties":{"id":"5ef057f040216651","tipo":"contratista_local","nombre":"INSTRUMENTACIÓN ELECTRICIDAD S.A.","direccion":"PUERTO REAL · 1 adjudicación pública · €27k total adjudicado","municipio":"Puerto Real","provincia":"Cádiz","cp":null,"telefono":null,"email":null,"web":null,"etapas":null,"fuente":"placsp_adjudicaciones","confianza":"media"}},{"type":"Feature","geometry":{"type":"Point","coordinates":[-6.29388164966394,36.52845518261357]},"properties":{"id":"6063db41723eec0a","tipo":"contratista_local","nombre":"MARTINEZ TUBIO, EVARISTA","direccion":"Cádiz · 1 adjudicación pública · €27k total adjudicado","municipio":"Cádiz","provincia":"Cádiz","cp":null,"telefono":null,"email":null,"web":null,"etapas":null,"fuente":"placsp_adjudicaciones","confianza":"media"}},{"type":"Feature","geometry":{"type":"Point","coordinates":[-6.126856961559272,36.69792957159821]},"properties":{"id":"fe738565ee97503e","tipo":"contratista_local","nombre":"INPREX, SERVICIO DE PREVENCIÓN DE RIESGOS LABORALES, S.L","direccion":"ALMENDRALEJO · 1 adjudicación pública · €27k total adjudicado","municipio":"Almendralejo","provincia":"Cádiz","cp":null,"telefono":null,"email":null,"web":null,"etapas":null,"fuente":"placsp_adjudicaciones","confianza":"media"}},{"type":"Feature","geometry":{"type":"Point","coordinates":[-6.137353900781739,36.68085455410328]},"properties":{"id":"0010236da10f85af","tipo":"contratista_local","nombre":"JEREZ FLAMENCO INTERNACIONAL","direccion":"Jerez de la Frontera · 2 adjudicaciones públicas · €65k total adjudicado","municipio":"Jerez de la Frontera","provincia":"Cádiz","cp":null,"telefono":null,"email":null,"web":null,"etapas":null,"fuente":"placsp_adjudicaciones","confianza":"media"}},{"type":"Feature","geometry":{"type":"Point","coordinates":[-6.223658760870338,36.60061993475912]},"properties":{"id":"8d85f96d2b949ced","tipo":"contratista_local","nombre":"La Mota Ediciones Sociedad Cooperativa Andaluza","direccion":"El Puerto de Santa María · 2 adjudicaciones públicas · €149k total adjudicado","municipio":"El Puerto de Santa María","provincia":"Cádiz","cp":null,"telefono":null,"email":null,"web":null,"etapas":null,"fuente":"placsp_adjudicaciones","confianza":"media"}},{"type":"Feature","geometry":{"type":"Point","coordinates":[-6.291802221755505,36.53043183965578]},"properties":{"id":"71c0d56e26062de5","tipo":"contratista_local","nombre":"ASOCIACIÓN CARDIJN","direccion":"Cadiz · 1 adjudicación pública · €25k total adjudicado","municipio":"Cadiz","provincia":"Cádiz","cp":null,"telefono":null,"email":null,"web":null,"etapas":null,"fuente":"placsp_adjudicaciones","confianza":"media"}},{"type":"Feature","geometry":{"type":"Point","coordinates":[-5.447560803246432,36.13294295666711]},"properties":{"id":"d74f67e52955d074","tipo":"contratista_local","nombre":"Algesonitc, S.L.","direccion":"Algeciras · 1 adjudicación pública · €24k total adjudicado","municipio":"Algeciras","provincia":"Cádiz","cp":null,"telefono":null,"email":null,"web":null,"etapas":null,"fuente":"placsp_adjudicaciones","confianza":"media"}},{"type":"Feature","geometry":{"type":"Point","coordinates":[-6.188969651971518,36.5286295131335]},"properties":{"id":"d3b7610089b0fcfe","tipo":"contratista_local","nombre":"Equipos y Materiales de Precisión Prisma, S.L.","direccion":"Puerto Real · 1 adjudicación pública · €24k total adjudicado","municipio":"Puerto Real","provincia":"Cádiz","cp":null,"telefono":null,"email":null,"web":null,"etapas":null,"fuente":"placsp_adjudicaciones","confianza":"media"}},{"type":"Feature","geometry":{"type":"Point","coordinates":[-6.090844011343304,36.29443876763408]},"properties":{"id":"90f6e43c3e1c35d0","tipo":"contratista_local","nombre":"NIVELACIONES BUTI, S.L.","direccion":"CHICLANA · 1 adjudicación pública · €22k total adjudicado","municipio":"Chiclana","provincia":"Cádiz","cp":null,"telefono":null,"email":null,"web":null,"etapas":null,"fuente":"placsp_adjudicaciones","confianza":"media"}},{"type":"Feature","geometry":{"type":"Point","coordinates":[-5.452010603739154,36.43332747542108]},"properties":{"id":"bc6610db0c4b3d3e","tipo":"contratista_local","nombre":"Francisco Jesús Gallego Rubiales","direccion":"Jimena de la Frontera · 1 adjudicación pública · €22k total adjudicado","municipio":"Jimena de la Frontera","provincia":"Cádiz","cp":null,"telefono":null,"email":null,"web":null,"etapas":null,"fuente":"placsp_adjudicaciones","confianza":"media"}},{"type":"Feature","geometry":{"type":"Point","coordinates":[-6.2237332693499665,36.599250439758606]},"properties":{"id":"ee2d46a158ad9825","tipo":"contratista_local","nombre":"RECAMBIOS MORALES & HIJOS S.L.","direccion":"El Puerto de Santa Maria · 1 adjudicación pública · €22k total adjudicado","municipio":"El Puerto de Santa Maria","provincia":"Cádiz","cp":null,"telefono":null,"email":null,"web":null,"etapas":null,"fuente":"placsp_adjudicaciones","confianza":"media"}},{"type":"Feature","geometry":{"type":"Point","coordinates":[-6.139112514657491,36.6817141647591]},"properties":{"id":"893667a0111aafec","tipo":"contratista_local","nombre":"PUBLICACIONES DEL SUR, S. A.","direccion":"Jerez de la Frontera · 1 adjudicación pública · €21k total adjudicado","municipio":"Jerez de la Frontera","provincia":"Cádiz","cp":null,"telefono":null,"email":null,"web":null,"etapas":null,"fuente":"placsp_adjudicaciones","confianza":"media"}},{"type":"Feature","geometry":{"type":"Point","coordinates":[-6.1994618272121835,36.464311306418274]},"properties":{"id":"bcc0e42e240f9080","tipo":"contratista_local","nombre":"PLANNING ORGANIZACION DE PROYECTOS, S.L.","direccion":"SAN FERNANDO · 6 adjudicaciones públicas · €205k total adjudicado","municipio":"San Fernando","provincia":"Cádiz","cp":null,"telefono":null,"email":null,"web":null,"etapas":null,"fuente":"placsp_adjudicaciones","confianza":"media"}},{"type":"Feature","geometry":{"type":"Point","coordinates":[-5.44767444827218,36.13267160015895]},"properties":{"id":"d7d9097fbc9d488d","tipo":"contratista_local","nombre":"SOCIEDAD ANONIMA","direccion":"Algeciras · 1 adjudicación pública · €20k total adjudicado","municipio":"Algeciras","provincia":"Cádiz","cp":null,"telefono":null,"email":null,"web":null,"etapas":null,"fuente":"placsp_adjudicaciones","confianza":"media"}},{"type":"Feature","geometry":{"type":"Point","coordinates":[-6.198758882879154,36.4634120542181]},"properties":{"id":"806c83df027d5431","tipo":"contratista_local","nombre":"TOMAS MARTIN S.L.","direccion":"SAN FERNANDO · 2 adjudicaciones públicas · €114k total adjudicado","municipio":"San Fernando","provincia":"Cádiz","cp":null,"telefono":null,"email":null,"web":null,"etapas":null,"fuente":"placsp_adjudicaciones","confianza":"media"}},{"type":"Feature","geometry":{"type":"Point","coordinates":[-6.145364167152399,36.41867846234281]},"properties":{"id":"a246c4acd91bc005","tipo":"contratista_local","nombre":"INVERTEILAN","direccion":"CHICLANA DE LA FRONTERA · 4 adjudicaciones públicas · €388k total adjudicado","municipio":"Chiclana De La Frontera","provincia":"Cádiz","cp":null,"telefono":null,"email":null,"web":null,"etapas":null,"fuente":"placsp_adjudicaciones","confianza":"media"}},{"type":"Feature","geometry":{"type":"Point","coordinates":[-5.448951283593099,36.12989049765582]},"properties":{"id":"020e12ceac334f4d","tipo":"contratista_local","nombre":"Emell Eventos SL","direccion":"ALGECIRAS · 8 adjudicaciones públicas · €339k total adjudicado","municipio":"Algeciras","provincia":"Cádiz","cp":null,"telefono":null,"email":null,"web":null,"etapas":null,"fuente":"placsp_adjudicaciones","confianza":"media"}},{"type":"Feature","geometry":{"type":"Point","coordinates":[-6.147457598358544,36.418906201751625]},"properties":{"id":"91721088a5f4cc71","tipo":"contratista_local","nombre":"ACUATICHICLANA S.L,","direccion":"CHICLANA DE LA FRONTERA · 1 adjudicación pública · €15k total adjudicado","municipio":"Chiclana De La Frontera","provincia":"Cádiz","cp":null,"telefono":null,"email":null,"web":null,"etapas":null,"fuente":"placsp_adjudicaciones","confianza":"media"}},{"type":"Feature","geometry":{"type":"Point","coordinates":[-6.402819207175014,36.74476655290338]},"properties":{"id":"233b119e600f128a","tipo":"contratista_local","nombre":"HOFRICAL, S.L.","direccion":"LUCENA · 1 adjudicación pública · €14k total adjudicado","municipio":"Lucena","provincia":"Cádiz","cp":null,"telefono":null,"email":null,"web":null,"etapas":null,"fuente":"placsp_adjudicaciones","confianza":"media"}},{"type":"Feature","geometry":{"type":"Point","coordinates":[-6.032058265431274,36.75954621248072]},"properties":{"id":"88d52c83a923a133","tipo":"contratista_local","nombre":"DURAN ALQUILERES, S.L.U.","direccion":"NUEVA JARILLA · 1 adjudicación pública · €12k total adjudicado","municipio":"Nueva Jarilla","provincia":"Cádiz","cp":null,"telefono":null,"email":null,"web":null,"etapas":null,"fuente":"placsp_adjudicaciones","confianza":"media"}},{"type":"Feature","geometry":{"type":"Point","coordinates":[-6.147755238793349,36.41983326728736]},"properties":{"id":"2130f7ca49e1a1c0","tipo":"contratista_local","nombre":"CENTROS MEDICOS ASISTENCIALES DE MEDICINA INTEGRAL. S.L.","direccion":"Chiclana de la Frontera · 5 adjudicaciones públicas · €482k total adjudicado","municipio":"Chiclana de la Frontera","provincia":"Cádiz","cp":null,"telefono":null,"email":null,"web":null,"etapas":null,"fuente":"placsp_adjudicaciones","confianza":"media"}},{"type":"Feature","geometry":{"type":"Point","coordinates":[-6.13624586992179,36.682188923420036]},"properties":{"id":"89aa5c801afcc79c","tipo":"contratista_local","nombre":"Sieben Soluciones Clínicas Sanitarias, SL","direccion":"Jerez de la Frontera · 1 adjudicación pública · €12k total adjudicado","municipio":"Jerez de la Frontera","provincia":"Cádiz","cp":null,"telefono":null,"email":null,"web":null,"etapas":null,"fuente":"placsp_adjudicaciones","confianza":"media"}},{"type":"Feature","geometry":{"type":"Point","coordinates":[-6.435160445326513,36.735018769036444]},"properties":{"id":"91021e6268dbd2e5","tipo":"contratista_local","nombre":"SAYMA JARDIN, S.L.","direccion":"chipiona · 6 adjudicaciones públicas · €226k total adjudicado","municipio":"Chipiona","provincia":"Cádiz","cp":null,"telefono":null,"email":null,"web":null,"etapas":null,"fuente":"placsp_adjudicaciones","confianza":"media"}},{"type":"Feature","geometry":{"type":"Point","coordinates":[-5.4486761110458035,36.13137266119552]},"properties":{"id":"d8a02e8fcaf97b1e","tipo":"contratista_local","nombre":"JOSE FUENTES DOBLAS, SL","direccion":"ALGECIRAS · 1 adjudicación pública · €11k total adjudicado","municipio":"Algeciras","provincia":"Cádiz","cp":null,"telefono":null,"email":null,"web":null,"etapas":null,"fuente":"placsp_adjudicaciones","confianza":"media"}},{"type":"Feature","geometry":{"type":"Point","coordinates":[-5.2605562097307805,36.935230159751505]},"properties":{"id":"03f32f0ae92f6640","tipo":"contratista_local","nombre":"ANTONIO ESCOT PERIAÑEZ","direccion":"OLVERA · 1 adjudicación pública · €11k total adjudicado","municipio":"Olvera","provincia":"Cádiz","cp":null,"telefono":null,"email":null,"web":null,"etapas":null,"fuente":"placsp_adjudicaciones","confianza":"media"}},{"type":"Feature","geometry":{"type":"Point","coordinates":[-6.291722222963312,36.52978491911423]},"properties":{"id":"54a8a894e83e034c","tipo":"contratista_local","nombre":"Indalbi Sur S.L.","direccion":"Cádiz · 6 adjudicaciones públicas · €290k total adjudicado","municipio":"Cádiz","provincia":"Cádiz","cp":null,"telefono":null,"email":null,"web":null,"etapas":null,"fuente":"placsp_adjudicaciones","confianza":"media"}},{"type":"Feature","geometry":{"type":"Point","coordinates":[-5.389050142188808,36.216647898101776]},"properties":{"id":"ad0469f9ac96f7f2","tipo":"contratista_local","nombre":"LORO BEACH, S.L.","direccion":"SAN ROQUE (CÁDIZ) · 1 adjudicación pública · €10k total adjudicado","municipio":"San Roque (Cádiz)","provincia":"Cádiz","cp":null,"telefono":null,"email":null,"web":null,"etapas":null,"fuente":"placsp_adjudicaciones","confianza":"media"}},{"type":"Feature","geometry":{"type":"Point","coordinates":[-6.229578422776095,36.60037428777407]},"properties":{"id":"cc8c030d75c17e83","tipo":"contratista_local","nombre":"ELYMTEC ELECTROMECANICA, S.COOP.AND.","direccion":"El Puerto de Santa María (Cádiz) · 10 adjudicaciones públicas · €560k total adjudicado","municipio":"El Puerto de Santa María (Cádiz)","provincia":"Cádiz","cp":null,"telefono":null,"email":null,"web":null,"etapas":null,"fuente":"placsp_adjudicaciones","confianza":"media"}},{"type":"Feature","geometry":{"type":"Point","coordinates":[-6.225261181687137,36.5998071103321]},"properties":{"id":"93a8209814ea6deb","tipo":"contratista_local","nombre":"SOLUCIONES EMPRESARIALES BAHÍA DE CÁDIZ, S.L.U","direccion":"EL PUERTO DE SANTA MARIA · 6 adjudicaciones públicas · €277k total adjudicado","municipio":"El Puerto De Santa Maria","provincia":"Cádiz","cp":null,"telefono":null,"email":null,"web":null,"etapas":null,"fuente":"placsp_adjudicaciones","confianza":"media"}},{"type":"Feature","geometry":{"type":"Point","coordinates":[-6.22475818210124,36.59928849182919]},"properties":{"id":"3feeec619e77b0b5","tipo":"contratista_local","nombre":"PSICAS AYF S.L.","direccion":"EL PUERTO DE SANTA MARIA · 5 adjudicaciones públicas · €72k total adjudicado","municipio":"El Puerto De Santa Maria","provincia":"Cádiz","cp":null,"telefono":null,"email":null,"web":null,"etapas":null,"fuente":"placsp_adjudicaciones","confianza":"media"}},{"type":"Feature","geometry":{"type":"Point","coordinates":[-6.190707653708552,36.527316905126625]},"properties":{"id":"a017155ed3942d79","tipo":"contratista_local","nombre":"IDEALEX LAROCA INTELGRAL SERVICE SLU","direccion":"Puerto Real · 6 adjudicaciones públicas · €44k total adjudicado","municipio":"Puerto Real","provincia":"Cádiz","cp":null,"telefono":null,"email":null,"web":null,"etapas":null,"fuente":"placsp_adjudicaciones","confianza":"media"}},{"type":"Feature","geometry":{"type":"Point","coordinates":[-5.807382944076618,36.87184520360956]},"properties":{"id":"2f24fdb1a45f0ede","tipo":"contratista_local","nombre":"Maria Teresa Cabral Carrasco","direccion":"ESPERA · 1 adjudicación pública · €8k total adjudicado","municipio":"Espera","provincia":"Cádiz","cp":null,"telefono":null,"email":null,"web":null,"etapas":null,"fuente":"placsp_adjudicaciones","confianza":"media"}},{"type":"Feature","geometry":{"type":"Point","coordinates":[-6.290967351829599,36.530168328957885]},"properties":{"id":"1e8e30547e38c975","tipo":"contratista_local","nombre":"ANTONIO LOPEZ CANO S.L.","direccion":"Cádiz · 1 adjudicación pública · €7k total adjudicado","municipio":"Cádiz","provincia":"Cádiz","cp":null,"telefono":null,"email":null,"web":null,"etapas":null,"fuente":"placsp_adjudicaciones","confianza":"media"}},{"type":"Feature","geometry":{"type":"Point","coordinates":[-6.136758944526338,36.68301464759226]},"properties":{"id":"7a00ce098e724f89","tipo":"contratista_local","nombre":"OFTALMED CCT S.L.","direccion":"JEREZ DE LA FRONTERA · 1 adjudicación pública · €7k total adjudicado","municipio":"Jerez De La Frontera","provincia":"Cádiz","cp":null,"telefono":null,"email":null,"web":null,"etapas":null,"fuente":"placsp_adjudicaciones","confianza":"media"}},{"type":"Feature","geometry":{"type":"Point","coordinates":[-6.291614144581643,36.52966028718874]},"properties":{"id":"5094d5e5e2accd25","tipo":"contratista_local","nombre":"SERVICIOS DOCUMENTALES DE ANDALUCIA, SLU","direccion":"CÁDIZ · 1 adjudicación pública · €7k total adjudicado","municipio":"Cádiz","provincia":"Cádiz","cp":null,"telefono":null,"email":null,"web":null,"etapas":null,"fuente":"placsp_adjudicaciones","confianza":"media"}},{"type":"Feature","geometry":{"type":"Point","coordinates":[-6.292121218313269,36.528536058413984]},"properties":{"id":"077923553375e4ad","tipo":"contratista_local","nombre":"DENISDENIS ASOCIACIÓN MUSICAL","direccion":"CÁDIZ · 1 adjudicación pública · €6k total adjudicado","municipio":"Cádiz","provincia":"Cádiz","cp":null,"telefono":null,"email":null,"web":null,"etapas":null,"fuente":"placsp_adjudicaciones","confianza":"media"}},{"type":"Feature","geometry":{"type":"Point","coordinates":[-5.448364026421168,36.132221908734195]},"properties":{"id":"9e6fde7626a12229","tipo":"contratista_local","nombre":"REPUESTOS ALGESUR, S.L.","direccion":"Algeciras · 3 adjudicaciones públicas · €126k total adjudicado","municipio":"Algeciras","provincia":"Cádiz","cp":null,"telefono":null,"email":null,"web":null,"etapas":null,"fuente":"placsp_adjudicaciones","confianza":"media"}},{"type":"Feature","geometry":{"type":"Point","coordinates":[-6.224456834140235,36.601788738250185]},"properties":{"id":"8ec49d6b0b07db8d","tipo":"contratista_local","nombre":"CONTROL DE CALIDAD CADIZ, S.L.","direccion":"EL PUERTO DE SANTA MARIA · 2 adjudicaciones públicas · €5k total adjudicado","municipio":"El Puerto De Santa Maria","provincia":"Cádiz","cp":null,"telefono":null,"email":null,"web":null,"etapas":null,"fuente":"placsp_adjudicaciones","confianza":"media"}},{"type":"Feature","geometry":{"type":"Point","coordinates":[-6.094221931611338,36.29336222324579]},"properties":{"id":"8616492a3e0080db","tipo":"contratista_local","nombre":"OFICOPYER SL","direccion":"Chiclana · 1 adjudicación pública · €4k total adjudicado","municipio":"Chiclana","provincia":"Cádiz","cp":null,"telefono":null,"email":null,"web":null,"etapas":null,"fuente":"placsp_adjudicaciones","confianza":"media"}},{"type":"Feature","geometry":{"type":"Point","coordinates":[-5.4488765230194565,36.13069991999803]},"properties":{"id":"a4cd32c1272c3d60","tipo":"contratista_local","nombre":"REHARAL, S.L.","direccion":"Algeciras · 1 adjudicación pública · €3k total adjudicado","municipio":"Algeciras","provincia":"Cádiz","cp":null,"telefono":null,"email":null,"web":null,"etapas":null,"fuente":"placsp_adjudicaciones","confianza":"media"}},{"type":"Feature","geometry":{"type":"Point","coordinates":[-5.3864219363642585,36.21063891376383]},"properties":{"id":"58c498ed51889019","tipo":"contratista_local","nombre":"ANTONIA ARTEL PEREGRINA","direccion":"SAN ROQUE · 1 adjudicación pública · €2k total adjudicado","municipio":"San Roque","provincia":"Cádiz","cp":null,"telefono":null,"email":null,"web":null,"etapas":null,"fuente":"placsp_adjudicaciones","confianza":"media"}},{"type":"Feature","geometry":{"type":"Point","coordinates":[-6.224115879440562,36.60133078792358]},"properties":{"id":"1ebf9fa52e737a47","tipo":"contratista_local","nombre":"LA TRIBU DEL TALENTO SLU","direccion":"El Puerto de Santa María · 1 adjudicación pública · €2k total adjudicado","municipio":"El Puerto de Santa María","provincia":"Cádiz","cp":null,"telefono":null,"email":null,"web":null,"etapas":null,"fuente":"placsp_adjudicaciones","confianza":"media"}},{"type":"Feature","geometry":{"type":"Point","coordinates":[-6.190846424977832,36.52856705639975]},"properties":{"id":"106b9db74d806c5b","tipo":"contratista_local","nombre":"CONTROL DE PLAGAS CÁDIZ, S.L.","direccion":"PUERTO REAL · 2 adjudicaciones públicas · €52k total adjudicado","municipio":"Puerto Real","provincia":"Cádiz","cp":null,"telefono":null,"email":null,"web":null,"etapas":null,"fuente":"placsp_adjudicaciones","confianza":"media"}},{"type":"Feature","geometry":{"type":"Point","coordinates":[-6.093131706958779,36.295394830795395]},"properties":{"id":"308572ff316e1198","tipo":"contratista_local","nombre":"FRANCISCO JAVIER SANCHEZ ABRIL","direccion":"CHICLANA · 1 adjudicación pública · €1k total adjudicado","municipio":"Chiclana","provincia":"Cádiz","cp":null,"telefono":null,"email":null,"web":null,"etapas":null,"fuente":"placsp_adjudicaciones","confianza":"media"}},{"type":"Feature","geometry":{"type":"Point","coordinates":[-6.134699560345065,36.68900214386103]},"properties":{"id":"e39cff896f3862ea","tipo":"contratista_local","nombre":"SERUNION S.A.U.","direccion":"MADRID · 1 adjudicación pública · €0k total adjudicado","municipio":"Madrid","provincia":"Cádiz","cp":null,"telefono":null,"email":null,"web":null,"etapas":null,"fuente":"placsp_adjudicaciones","confianza":"media"}},{"type":"Feature","geometry":{"type":"Point","coordinates":[-6.136223075065872,36.68144004339709]},"properties":{"id":"0e9f31e210fbe93f","tipo":"contratista_local","nombre":"JOSE MARIA RUIZ BERLANGA","direccion":"JEREZ DE LA FRONTERA · 1 adjudicación pública · €0k total adjudicado","municipio":"Jerez De La Frontera","provincia":"Cádiz","cp":null,"telefono":null,"email":null,"web":null,"etapas":null,"fuente":"placsp_adjudicaciones","confianza":"media"}},{"type":"Feature","geometry":{"type":"Point","coordinates":[-6.1476381298136715,36.41999890257575]},"properties":{"id":"ca7b8f06eb23c876","tipo":"contratista_local","nombre":"HERMANOS OLIVA BAHIA SLL","direccion":"Chiclana de la Frontera · 2 adjudicaciones públicas · €125k total adjudicado","municipio":"Chiclana de la Frontera","provincia":"Cádiz","cp":null,"telefono":null,"email":null,"web":null,"etapas":null,"fuente":"placsp_adjudicaciones","confianza":"media"}},{"type":"Feature","geometry":{"type":"Point","coordinates":[-6.199484977257278,36.46558244514569]},"properties":{"id":"a1d3f18edeb3d9dd","tipo":"contratista_local","nombre":"Domo Frio S.L.U.","direccion":"San Fernando · 1 adjudicación pública · €0k total adjudicado","municipio":"San Fernando","provincia":"Cádiz","cp":null,"telefono":null,"email":null,"web":null,"etapas":null,"fuente":"placsp_adjudicaciones","confianza":"media"}},{"type":"Feature","geometry":{"type":"Point","coordinates":[-6.196889817646759,36.46333663904759]},"properties":{"id":"f863877d1692dae0","tipo":"contratista_local","nombre":"MANUEL TOLEDO COCA, S.L.","direccion":"SAN FERNANDO · 1 adjudicación pública · €0k total adjudicado","municipio":"San Fernando","provincia":"Cádiz","cp":null,"telefono":null,"email":null,"web":null,"etapas":null,"fuente":"placsp_adjudicaciones","confianza":"media"}},{"type":"Feature","geometry":{"type":"Point","coordinates":[-6.293158438017097,36.53018896157678]},"properties":{"id":"51f281f7e7ddf96b","tipo":"contratista_local","nombre":"MASCYF S.L.","direccion":"Cádiz · 2 adjudicaciones públicas · €475k total adjudicado","municipio":"Cádiz","provincia":"Cádiz","cp":null,"telefono":null,"email":null,"web":null,"etapas":null,"fuente":"placsp_adjudicaciones","confianza":"media"}},{"type":"Feature","geometry":{"type":"Point","coordinates":[-6.19115353105436,36.52936997841562]},"properties":{"id":"7c5e9e4569aef656","tipo":"contratista_local","nombre":"Epresa Energía,S.A.","direccion":"Puerto Real · 1 adjudicación pública · €0k total adjudicado","municipio":"Puerto Real","provincia":"Cádiz","cp":null,"telefono":null,"email":null,"web":null,"etapas":null,"fuente":"placsp_adjudicaciones","confianza":"media"}},{"type":"Feature","geometry":{"type":"Point","coordinates":[-5.4566518816187735,36.133039975086284]},"properties":{"id":"8ee45f5385553742","tipo":"contratista_local","nombre":"Tecnosecurity S.L","direccion":"Albacete · 1 adjudicación pública · €0k total adjudicado","municipio":"Albacete","provincia":"Cádiz","cp":null,"telefono":null,"email":null,"web":null,"etapas":null,"fuente":"placsp_adjudicaciones","confianza":"media"}},{"type":"Feature","geometry":{"type":"Point","coordinates":[-6.1450959859390135,36.420114398781486]},"properties":{"id":"44e5f9240646cab6","tipo":"contratista_local","nombre":"SEBASTIAN CABEZA VELAZQUEZ","direccion":"CHICLANA DE LA FRONTERA · 3 adjudicaciones públicas · €183k total adjudicado","municipio":"Chiclana De La Frontera","provincia":"Cádiz","cp":null,"telefono":null,"email":null,"web":null,"etapas":null,"fuente":"placsp_adjudicaciones","confianza":"media"}},{"type":"Feature","geometry":{"type":"Point","coordinates":[-5.815817072134967,36.34470889053026]},"properties":{"id":"2e53ba417c468965","tipo":"contratista_local","nombre":"VICTOR MANUEL RODRIGUEZ FERNANDEZ","direccion":"Benalup Casas Viejas · 7 adjudicaciones públicas · €396k total adjudicado","municipio":"Benalup Casas Viejas","provincia":"Cádiz","cp":null,"telefono":null,"email":null,"web":null,"etapas":null,"fuente":"placsp_adjudicaciones","confianza":"media"}},{"type":"Feature","geometry":{"type":"Point","coordinates":[-5.815559029810099,36.34562551366681]},"properties":{"id":"0612d8c90e49ba6d","tipo":"contratista_local","nombre":"CABRALES GARCIA JUAN MANUEL","direccion":"BENALUP CASAS VIEJAS · 1 adjudicación pública · €0k total adjudicado","municipio":"Benalup Casas Viejas","provincia":"Cádiz","cp":null,"telefono":null,"email":null,"web":null,"etapas":null,"fuente":"placsp_adjudicaciones","confianza":"media"}},{"type":"Feature","geometry":{"type":"Point","coordinates":[-5.452462252031747,36.43389238475789]},"properties":{"id":"9ed3b5f565d4a1f0","tipo":"contratista_local","nombre":"OSCAR BAÑON CORONIL","direccion":"JIMENA DE LA FRONTERA · 2 adjudicaciones públicas · €99k total adjudicado","municipio":"Jimena De La Frontera","provincia":"Cádiz","cp":null,"telefono":null,"email":null,"web":null,"etapas":null,"fuente":"placsp_adjudicaciones","confianza":"media"}},{"type":"Feature","geometry":{"type":"Point","coordinates":[-6.226294356180851,36.60002473732589]},"properties":{"id":"cd01f7c02c413561","tipo":"contratista_local","nombre":"TRANSPORTES Y EXCAVACIONES PORTUENSES, SL","direccion":"EL PUERTO DE SANTA MARIA · 1 adjudicación pública · €0k total adjudicado","municipio":"El Puerto De Santa Maria","provincia":"Cádiz","cp":null,"telefono":null,"email":null,"web":null,"etapas":null,"fuente":"placsp_adjudicaciones","confianza":"media"}},{"type":"Feature","geometry":{"type":"Point","coordinates":[-5.813502636096104,36.753900232622605]},"properties":{"id":"7e4cdaf96ddecc6d","tipo":"contratista_local","nombre":"COSNTRUCCIONES Y CERAMMICAS LAGOS S.L.U.","direccion":"ARCOS DE LA FRONTERA · 15 adjudicaciones públicas · €579k total adjudicado","municipio":"Arcos De La Frontera","provincia":"Cádiz","cp":null,"telefono":null,"email":null,"web":null,"etapas":null,"fuente":"placsp_adjudicaciones","confianza":"media"}},{"type":"Feature","geometry":{"type":"Point","coordinates":[-6.137370911620852,36.6813021375743]},"properties":{"id":"7893e1a531978f5e","tipo":"contratista_local","nombre":"HEZRON MAQUINARIAS SLL","direccion":"JEREZ DE LA FRONTERA · 1 adjudicación pública · €0k total adjudicado","municipio":"Jerez De La Frontera","provincia":"Cádiz","cp":null,"telefono":null,"email":null,"web":null,"etapas":null,"fuente":"placsp_adjudicaciones","confianza":"media"}},{"type":"Feature","geometry":{"type":"Point","coordinates":[-5.810913744553941,36.75359120130553]},"properties":{"id":"b9c53c53e52e21e0","tipo":"contratista_local","nombre":"OBRAS Y EXCAVACIONES MANZANO, S.L.U.","direccion":"ARCOS DE LA FRONTERA · 2 adjudicaciones públicas · €29k total adjudicado","municipio":"Arcos De La Frontera","provincia":"Cádiz","cp":null,"telefono":null,"email":null,"web":null,"etapas":null,"fuente":"placsp_adjudicaciones","confianza":"media"}},{"type":"Feature","geometry":{"type":"Point","coordinates":[-6.13655122169289,36.6816638983537]},"properties":{"id":"ffad38c375497ebf","tipo":"contratista_local","nombre":"JUAN JIMENEZ ROMERO, S.L.","direccion":"Jerez de la Frontera · 14 adjudicaciones públicas · €880k total adjudicado","municipio":"Jerez de la Frontera","provincia":"Cádiz","cp":null,"telefono":null,"email":null,"web":null,"etapas":null,"fuente":"placsp_adjudicaciones","confianza":"media"}},{"type":"Feature","geometry":{"type":"Point","coordinates":[-5.814690755091947,36.34494419325879]},"properties":{"id":"be38b2f160aa32c4","tipo":"contratista_local","nombre":"Movimientos y Excavaciones Asta Regia, S.L.","direccion":"Benalup Casas Viejas · 3 adjudicaciones públicas · €215k total adjudicado","municipio":"Benalup Casas Viejas","provincia":"Cádiz","cp":null,"telefono":null,"email":null,"web":null,"etapas":null,"fuente":"placsp_adjudicaciones","confianza":"media"}},{"type":"Feature","geometry":{"type":"Point","coordinates":[-5.806098345321817,36.871141705955544]},"properties":{"id":"3330b8c6bb2dbb5c","tipo":"contratista_local","nombre":"ÁRIDOS ALCALÁ S.L.","direccion":"ESPERA · 6 adjudicaciones públicas · €135k total adjudicado","municipio":"Espera","provincia":"Cádiz","cp":null,"telefono":null,"email":null,"web":null,"etapas":null,"fuente":"placsp_adjudicaciones","confianza":"media"}},{"type":"Feature","geometry":{"type":"Point","coordinates":[-6.224007337738392,36.59930481390234]},"properties":{"id":"a051d9264de16058","tipo":"contratista_local","nombre":"ARENAS Y MOVIMIENTOS DEL SUR, S.L.","direccion":"El Puerto de Santa María · 2 adjudicaciones públicas · €0k total adjudicado","municipio":"El Puerto de Santa María","provincia":"Cádiz","cp":null,"telefono":null,"email":null,"web":null,"etapas":null,"fuente":"placsp_adjudicaciones","confianza":"media"}},{"type":"Feature","geometry":{"type":"Point","coordinates":[-5.454449076626889,36.43321961512801]},"properties":{"id":"cc2435b538c6cd1d","tipo":"contratista_local","nombre":"RECICLADOS LOS ALCORNOCALES S.L.","direccion":"JIMENA DE LA FRONTERA · 11 adjudicaciones públicas · €430k total adjudicado","municipio":"Jimena De La Frontera","provincia":"Cádiz","cp":null,"telefono":null,"email":null,"web":null,"etapas":null,"fuente":"placsp_adjudicaciones","confianza":"media"}},{"type":"Feature","geometry":{"type":"Point","coordinates":[-5.452336344945828,36.43147323117408]},"properties":{"id":"5ef9e44ae35a81a3","tipo":"contratista_local","nombre":"MONTRES GESTION FORESTAL, S.L","direccion":"JIMENA DE LA FRONTERA · 2 adjudicaciones públicas · €113k total adjudicado","municipio":"Jimena De La Frontera","provincia":"Cádiz","cp":null,"telefono":null,"email":null,"web":null,"etapas":null,"fuente":"placsp_adjudicaciones","confianza":"media"}},{"type":"Feature","geometry":{"type":"Point","coordinates":[-5.968265351961034,36.250828199206325]},"properties":{"id":"38a0863e43c00217","tipo":"contratista_local","nombre":"Industrial de Vehículos Rubio Pistola, S.L.","direccion":"Vejer de la Frontera · 2 adjudicaciones públicas · €0k total adjudicado","municipio":"Vejer de la Frontera","provincia":"Cádiz","cp":null,"telefono":null,"email":null,"web":null,"etapas":null,"fuente":"placsp_adjudicaciones","confianza":"media"}},{"type":"Feature","geometry":{"type":"Point","coordinates":[-5.967090498734612,36.25103141856235]},"properties":{"id":"839ebd5e65353b2a","tipo":"contratista_local","nombre":"MARGON VEJER, S.L.","direccion":"VEJER DE LA FRONTERA · 1 adjudicación pública · €0k total adjudicado","municipio":"Vejer De La Frontera","provincia":"Cádiz","cp":null,"telefono":null,"email":null,"web":null,"etapas":null,"fuente":"placsp_adjudicaciones","confianza":"media"}},{"type":"Feature","geometry":{"type":"Point","coordinates":[-5.966725713917998,36.25369818060632]},"properties":{"id":"9e74cf40448e4680","tipo":"contratista_local","nombre":"ANTONIO LEAL ZARA","direccion":"Vejer de la Frontera · 1 adjudicación pública","municipio":"Vejer de la Frontera","provincia":"Cádiz","cp":null,"telefono":null,"email":null,"web":null,"etapas":null,"fuente":"placsp_adjudicaciones","confianza":"media"}},{"type":"Feature","geometry":{"type":"Point","coordinates":[-6.199077552258858,36.463196837647764]},"properties":{"id":"e2c0cc81a6c92b53","tipo":"contratista_local","nombre":"JESUS RUIZ REINA","direccion":"SAN FERNANDO · 1 adjudicación pública","municipio":"San Fernando","provincia":"Cádiz","cp":null,"telefono":null,"email":null,"web":null,"etapas":null,"fuente":"placsp_adjudicaciones","confianza":"media"}},{"type":"Feature","geometry":{"type":"Point","coordinates":[-6.145928122863173,36.417794949075066]},"properties":{"id":"c9c236912ac1b99c","tipo":"contratista_local","nombre":"ANTONIA ARIZA BENITEZ","direccion":"CHICLANA DE LA FRONTERA · 1 adjudicación pública","municipio":"Chiclana De La Frontera","provincia":"Cádiz","cp":null,"telefono":null,"email":null,"web":null,"etapas":null,"fuente":"placsp_adjudicaciones","confianza":"media"}},{"type":"Feature","geometry":{"type":"Point","coordinates":[-5.302207135985596,36.29907393309922]},"properties":{"id":"5113a3d81deca173","tipo":"contratista_local","nombre":"Enrique Dominguez Cantero","direccion":"PN GUADIARO SAN ROQUE · 1 adjudicación pública","municipio":"Pn Guadiaro San Roque","provincia":"Cádiz","cp":null,"telefono":null,"email":null,"web":null,"etapas":null,"fuente":"placsp_adjudicaciones","confianza":"media"}},{"type":"Feature","geometry":{"type":"Point","coordinates":[-6.294563303834943,36.52956810949312]},"properties":{"id":"7112fe56df8876f7","tipo":"contratista_local","nombre":"SISTEMAS DE OFICINA DE CADIZ","direccion":"CADIZ · 2 adjudicaciones públicas · €261k total adjudicado","municipio":"Cadiz","provincia":"Cádiz","cp":null,"telefono":null,"email":null,"web":null,"etapas":null,"fuente":"placsp_adjudicaciones","confianza":"media"}},{"type":"Feature","geometry":{"type":"Point","coordinates":[-6.3515987967413,36.77620509058277]},"properties":{"id":"a3a1abd7f190c038","tipo":"contratista_local","nombre":"Concert Tour Gestiones, S.L.","direccion":"Sanlúcar de Barrameda · 7 adjudicaciones públicas · €500k total adjudicado","municipio":"Sanlúcar de Barrameda","provincia":"Cádiz","cp":null,"telefono":null,"email":null,"web":null,"etapas":null,"fuente":"placsp_adjudicaciones","confianza":"media"}},{"type":"Feature","geometry":{"type":"Point","coordinates":[-5.4453384801507525,36.13128588488841]},"properties":{"id":"a2d74adccb7ec368","tipo":"contratista_local","nombre":"Calpe Institute of Technology, S.L.","direccion":"Algeciras · 1 adjudicación pública","municipio":"Algeciras","provincia":"Cádiz","cp":null,"telefono":null,"email":null,"web":null,"etapas":null,"fuente":"placsp_adjudicaciones","confianza":"media"}},{"type":"Feature","geometry":{"type":"Point","coordinates":[-5.346781870346319,36.16714579857683]},"properties":{"id":"90115634a1735d9a","tipo":"contratista_local","nombre":"AUTOMOCION RUBIO VAZQUEZ, S.L.","direccion":"LA LINEA DE LA CONCEPCION · 1 adjudicación pública","municipio":"La Linea De La Concepcion","provincia":"Cádiz","cp":null,"telefono":null,"email":null,"web":null,"etapas":null,"fuente":"placsp_adjudicaciones","confianza":"media"}},{"type":"Feature","geometry":{"type":"Point","coordinates":[-6.001347341323734,36.74328550152523]},"properties":{"id":"76cd7594de7b13a3","tipo":"contratista_local","nombre":"TEDITRONIC, SL","direccion":"Cartagena · 1 adjudicación pública","municipio":"Cartagena","provincia":"Cádiz","cp":null,"telefono":null,"email":null,"web":null,"etapas":null,"fuente":"placsp_adjudicaciones","confianza":"media"}},{"type":"Feature","geometry":{"type":"Point","coordinates":[-6.139797030420528,36.68210213737782]},"properties":{"id":"574816ba2a1c972f","tipo":"contratista_local","nombre":"CONTROLNET WEB SLU","direccion":"JEREZ DE LA FRONTERA · 1 adjudicación pública","municipio":"Jerez De La Frontera","provincia":"Cádiz","cp":null,"telefono":null,"email":null,"web":null,"etapas":null,"fuente":"placsp_adjudicaciones","confianza":"media"}},{"type":"Feature","geometry":{"type":"Point","coordinates":[-5.38821397820681,36.210218738402176]},"properties":{"id":"6c1b5701e6de7917","tipo":"contratista_local","nombre":"PERFORMANCE54 EUROPE S.L.","direccion":"San Roque, Cadiz · 1 adjudicación pública","municipio":"San Roque, Cadiz","provincia":"Cádiz","cp":null,"telefono":null,"email":null,"web":null,"etapas":null,"fuente":"placsp_adjudicaciones","confianza":"media"}},{"type":"Feature","geometry":{"type":"Point","coordinates":[-6.14717169731973,36.418362027507875]},"properties":{"id":"8d0082ec838c6a5e","tipo":"contratista_local","nombre":"CUADERNO AMARILLO SLL","direccion":"Chiclana De La Frontera · 1 adjudicación pública","municipio":"Chiclana De La Frontera","provincia":"Cádiz","cp":null,"telefono":null,"email":null,"web":null,"etapas":null,"fuente":"placsp_adjudicaciones","confianza":"media"}},{"type":"Feature","geometry":{"type":"Point","coordinates":[-6.19662475437225,36.464450159343656]},"properties":{"id":"b7d08f8b78b3a90c","tipo":"contratista_local","nombre":"MANUEL GARCÍA RAMÍREZ SUMINISTROS SLU","direccion":"SAN FERNANDO · 1 adjudicación pública","municipio":"San Fernando","provincia":"Cádiz","cp":null,"telefono":null,"email":null,"web":null,"etapas":null,"fuente":"placsp_adjudicaciones","confianza":"media"}},{"type":"Feature","geometry":{"type":"Point","coordinates":[-5.350129066218552,36.16705046634135]},"properties":{"id":"47d92b7d9ee5e833","tipo":"contratista_local","nombre":"ASANSULL","direccion":"LA LINEA · 1 adjudicación pública","municipio":"La Linea","provincia":"Cádiz","cp":null,"telefono":null,"email":null,"web":null,"etapas":null,"fuente":"placsp_adjudicaciones","confianza":"media"}},{"type":"Feature","geometry":{"type":"Point","coordinates":[-5.446678095623102,36.130515139529464]},"properties":{"id":"2b87ea14b55f94be","tipo":"contratista_local","nombre":"ASOCIACION DE MUJERES PROGRESISTAS VICTORIA KENT","direccion":"ALGECIRAS · 1 adjudicación pública","municipio":"Algeciras","provincia":"Cádiz","cp":null,"telefono":null,"email":null,"web":null,"etapas":null,"fuente":"placsp_adjudicaciones","confianza":"media"}},{"type":"Feature","geometry":{"type":"Point","coordinates":[-5.799191446407751,36.605856287651775]},"properties":{"id":"661a52fec2dc7cac","tipo":"contratista_local","nombre":"JULIA YARITZA CARRION MALLA","direccion":"SAN JOSE DEL VALLE · 1 adjudicación pública","municipio":"San Jose Del Valle","provincia":"Cádiz","cp":null,"telefono":null,"email":null,"web":null,"etapas":null,"fuente":"placsp_adjudicaciones","confianza":"media"}},{"type":"Feature","geometry":{"type":"Point","coordinates":[-5.798228050579069,36.60652028946593]},"properties":{"id":"dc5f3be397ec33a9","tipo":"contratista_local","nombre":"Fabian Freire Rentería","direccion":"SAN JOSE DEL VALLE · 1 adjudicación pública","municipio":"San Jose Del Valle","provincia":"Cádiz","cp":null,"telefono":null,"email":null,"web":null,"etapas":null,"fuente":"placsp_adjudicaciones","confianza":"media"}},{"type":"Feature","geometry":{"type":"Point","coordinates":[-6.226011980393793,36.60077814302391]},"properties":{"id":"18501b0b76c5d08e","tipo":"contratista_local","nombre":"MANTENIMIENTO DE COMUNICACIONES Y ELECTRÓNICA S.A.","direccion":"Puerto de Santa María · 13 adjudicaciones públicas · €502k total adjudicado","municipio":"Puerto de Santa María","provincia":"Cádiz","cp":null,"telefono":null,"email":null,"web":null,"etapas":null,"fuente":"placsp_adjudicaciones","confianza":"media"}},{"type":"Feature","geometry":{"type":"Point","coordinates":[-6.1451550772239045,36.41988268777407]},"properties":{"id":"bb4642d3a5b42311","tipo":"contratista_local","nombre":"MONTAJES IPSUS, S.L.","direccion":"Chiclana de la Frontera · 10 adjudicaciones públicas · €855k total adjudicado","municipio":"Chiclana de la Frontera","provincia":"Cádiz","cp":null,"telefono":null,"email":null,"web":null,"etapas":null,"fuente":"placsp_adjudicaciones","confianza":"media"}},{"type":"Feature","geometry":{"type":"Point","coordinates":[-6.224316993332935,36.601437262879124]},"properties":{"id":"77602c59df09207f","tipo":"contratista_local","nombre":"worldwide MARINE YACHT SERVICE S.A","direccion":"El Puerto de Santa María · 8 adjudicaciones públicas · €1.4M total adjudicado","municipio":"El Puerto de Santa María","provincia":"Cádiz","cp":null,"telefono":null,"email":null,"web":null,"etapas":null,"fuente":"placsp_adjudicaciones","confianza":"media"}},{"type":"Feature","geometry":{"type":"Point","coordinates":[-5.258386707217034,36.9341738158164]},"properties":{"id":"675670f34e78f924","tipo":"contratista_local","nombre":"TRANSPORTES HERMANOS GOMEZ GALLARDO,S.L.","direccion":"OLVERA · 7 adjudicaciones públicas · €442k total adjudicado","municipio":"Olvera","provincia":"Cádiz","cp":null,"telefono":null,"email":null,"web":null,"etapas":null,"fuente":"placsp_adjudicaciones","confianza":"media"}},{"type":"Feature","geometry":{"type":"Point","coordinates":[-6.1452444332631,36.41867871497895]},"properties":{"id":"9d73788fa51a34c4","tipo":"contratista_local","nombre":"ARQUITECTURA PREFABRICADA Y MODULAR SL","direccion":"CHICLANA DE LA FRONTERA · 6 adjudicaciones públicas · €869k total adjudicado","municipio":"Chiclana De La Frontera","provincia":"Cádiz","cp":null,"telefono":null,"email":null,"web":null,"etapas":null,"fuente":"placsp_adjudicaciones","confianza":"media"}},{"type":"Feature","geometry":{"type":"Point","coordinates":[-6.225303361921128,36.600945777303636]},"properties":{"id":"d3576a48cafd4e05","tipo":"contratista_local","nombre":"EXPLOTACION Y CONSERVACIÓN FORESTAL, S.L.","direccion":"El Puerto de Santa María · 6 adjudicaciones públicas · €743k total adjudicado","municipio":"El Puerto de Santa María","provincia":"Cádiz","cp":null,"telefono":null,"email":null,"web":null,"etapas":null,"fuente":"placsp_adjudicaciones","confianza":"media"}},{"type":"Feature","geometry":{"type":"Point","coordinates":[-6.139061818312262,36.68192828017077]},"properties":{"id":"0c880505ad6c4913","tipo":"contratista_local","nombre":"EL MOTORISTA, S.L.","direccion":"JEREZ DE LA FRONTERA · 5 adjudicaciones públicas · €259k total adjudicado","municipio":"Jerez De La Frontera","provincia":"Cádiz","cp":null,"telefono":null,"email":null,"web":null,"etapas":null,"fuente":"placsp_adjudicaciones","confianza":"media"}},{"type":"Feature","geometry":{"type":"Point","coordinates":[-5.558662907220418,36.78757915937655]},"properties":{"id":"56a2ef006066527c","tipo":"contratista_local","nombre":"GARCIA DOBLAS S.L.","direccion":"PRADO DEL REY (CADIZ) · 5 adjudicaciones públicas · €151k total adjudicado","municipio":"Prado Del Rey (Cadiz)","provincia":"Cádiz","cp":null,"telefono":null,"email":null,"web":null,"etapas":null,"fuente":"placsp_adjudicaciones","confianza":"media"}},{"type":"Feature","geometry":{"type":"Point","coordinates":[-6.3594115545368854,36.62183170153165]},"properties":{"id":"bce5e3fdbeb1e9a2","tipo":"contratista_local","nombre":"TALLERES BUENDIA","direccion":"Rota · 5 adjudicaciones públicas · €117k total adjudicado","municipio":"Rota","provincia":"Cádiz","cp":null,"telefono":null,"email":null,"web":null,"etapas":null,"fuente":"placsp_adjudicaciones","confianza":"media"}},{"type":"Feature","geometry":{"type":"Point","coordinates":[-6.136139215638114,36.68181388625558]},"properties":{"id":"7ef9c1a38867cc1b","tipo":"contratista_local","nombre":"SUMINISTROS INDUSTRIALES SHERRY SUR, S.L.","direccion":"JEREZ DE LA FRONTERA, CÁDIZ · 5 adjudicaciones públicas · €78k total adjudicado","municipio":"Jerez De La Frontera, Cádiz","provincia":"Cádiz","cp":null,"telefono":null,"email":null,"web":null,"etapas":null,"fuente":"placsp_adjudicaciones","confianza":"media"}},{"type":"Feature","geometry":{"type":"Point","coordinates":[-6.3621059369207105,36.62315575389915]},"properties":{"id":"0882c64707aa35a9","tipo":"contratista_local","nombre":"METALBAHIA, S.L.","direccion":"ROTA · 5 adjudicaciones públicas · €24k total adjudicado","municipio":"Rota","provincia":"Cádiz","cp":null,"telefono":null,"email":null,"web":null,"etapas":null,"fuente":"placsp_adjudicaciones","confianza":"media"}},{"type":"Feature","geometry":{"type":"Point","coordinates":[-6.196355690503997,36.464250066233255]},"properties":{"id":"7408b415c704d01f","tipo":"contratista_local","nombre":"Olvera Halconeros SL","direccion":"San Fernando · 4 adjudicaciones públicas · €99k total adjudicado","municipio":"San Fernando","provincia":"Cádiz","cp":null,"telefono":null,"email":null,"web":null,"etapas":null,"fuente":"placsp_adjudicaciones","confianza":"media"}},{"type":"Feature","geometry":{"type":"Point","coordinates":[-6.136735609953587,36.68273175309788]},"properties":{"id":"eeabe94952ea56b7","tipo":"contratista_local","nombre":"GRUAS SAN TELMO, S.A.","direccion":"Jerez de la Frontera · 4 adjudicaciones públicas · €56k total adjudicado","municipio":"Jerez de la Frontera","provincia":"Cádiz","cp":null,"telefono":null,"email":null,"web":null,"etapas":null,"fuente":"placsp_adjudicaciones","confianza":"media"}},{"type":"Feature","geometry":{"type":"Point","coordinates":[-6.225133288594567,36.59980675297634]},"properties":{"id":"4688fed6d3dbd8fc","tipo":"contratista_local","nombre":"D&G de Tiendas LB (SL)","direccion":"EL PUERTO DE SANTA MARIA · 4 adjudicaciones públicas · €55k total adjudicado","municipio":"El Puerto De Santa Maria","provincia":"Cádiz","cp":null,"telefono":null,"email":null,"web":null,"etapas":null,"fuente":"placsp_adjudicaciones","confianza":"media"}},{"type":"Feature","geometry":{"type":"Point","coordinates":[-6.293547749814529,36.52912078285351]},"properties":{"id":"1afc2cdc76263dd5","tipo":"contratista_local","nombre":"MENKEEPER SEGURIDAD SL","direccion":"CADIZ · 4 adjudicaciones públicas · €0k total adjudicado","municipio":"Cadiz","provincia":"Cádiz","cp":null,"telefono":null,"email":null,"web":null,"etapas":null,"fuente":"placsp_adjudicaciones","confianza":"media"}},{"type":"Feature","geometry":{"type":"Point","coordinates":[-5.446078291664699,36.678554357164735]},"properties":{"id":"566adb2a4a66a33a","tipo":"contratista_local","nombre":"CENTRO MEDICO NTRA SRA DE LOS REMEDIOS, SL","direccion":"UBRIQUE · 3 adjudicaciones públicas · €424k total adjudicado","municipio":"Ubrique","provincia":"Cádiz","cp":null,"telefono":null,"email":null,"web":null,"etapas":null,"fuente":"placsp_adjudicaciones","confianza":"media"}},{"type":"Feature","geometry":{"type":"Point","coordinates":[-6.1367430914601195,36.68137465711802]},"properties":{"id":"3bb9fcc0259da5a4","tipo":"contratista_local","nombre":"Ingemansur SL","direccion":"Jerez de la Frontera · 3 adjudicaciones públicas · €326k total adjudicado","municipio":"Jerez de la Frontera","provincia":"Cádiz","cp":null,"telefono":null,"email":null,"web":null,"etapas":null,"fuente":"placsp_adjudicaciones","confianza":"media"}},{"type":"Feature","geometry":{"type":"Point","coordinates":[-6.199932534434071,36.46576707937343]},"properties":{"id":"274b74a761584684","tipo":"contratista_local","nombre":"podasur de la bahia sl","direccion":"San Fernando · 3 adjudicaciones públicas · €264k total adjudicado","municipio":"San Fernando","provincia":"Cádiz","cp":null,"telefono":null,"email":null,"web":null,"etapas":null,"fuente":"placsp_adjudicaciones","confianza":"media"}},{"type":"Feature","geometry":{"type":"Point","coordinates":[-6.189445756499413,36.52786900096144]},"properties":{"id":"25903a40a5bdd849","tipo":"contratista_local","nombre":"BAYPORT GLOBAL SUPPLIES S.A.","direccion":"Puerto Real · 3 adjudicaciones públicas · €137k total adjudicado","municipio":"Puerto Real","provincia":"Cádiz","cp":null,"telefono":null,"email":null,"web":null,"etapas":null,"fuente":"placsp_adjudicaciones","confianza":"media"}},{"type":"Feature","geometry":{"type":"Point","coordinates":[-6.189211492628731,36.52857963879936]},"properties":{"id":"39e0ecd6337bfcbe","tipo":"contratista_local","nombre":"MANISUR 2005 SL","direccion":"PUERTO REAL · 3 adjudicaciones públicas · €70k total adjudicado","municipio":"Puerto Real","provincia":"Cádiz","cp":null,"telefono":null,"email":null,"web":null,"etapas":null,"fuente":"placsp_adjudicaciones","confianza":"media"}},{"type":"Feature","geometry":{"type":"Point","coordinates":[-6.292443825498213,36.529465955732036]},"properties":{"id":"4cff16ef560de376","tipo":"contratista_local","nombre":"Dicode Suministros, Sl","direccion":"Cádiz · 3 adjudicaciones públicas · €44k total adjudicado","municipio":"Cádiz","provincia":"Cádiz","cp":null,"telefono":null,"email":null,"web":null,"etapas":null,"fuente":"placsp_adjudicaciones","confianza":"media"}},{"type":"Feature","geometry":{"type":"Point","coordinates":[-6.292250553452892,36.52974056823149]},"properties":{"id":"37dd53f986ca4927","tipo":"contratista_local","nombre":"PAPELERIA LAS CORTES SLL","direccion":"CADIZ · 3 adjudicaciones públicas · €42k total adjudicado","municipio":"Cadiz","provincia":"Cádiz","cp":null,"telefono":null,"email":null,"web":null,"etapas":null,"fuente":"placsp_adjudicaciones","confianza":"media"}},{"type":"Feature","geometry":{"type":"Point","coordinates":[-5.8111384747548795,36.75369207203858]},"properties":{"id":"15819b62d672606a","tipo":"contratista_local","nombre":"CALVARIO PRODUCCIONES S.L.U","direccion":"ARCOS DE LA FRONTERA · 3 adjudicaciones públicas · €35k total adjudicado","municipio":"Arcos De La Frontera","provincia":"Cádiz","cp":null,"telefono":null,"email":null,"web":null,"etapas":null,"fuente":"placsp_adjudicaciones","confianza":"media"}},{"type":"Feature","geometry":{"type":"Point","coordinates":[-6.199935958674537,36.46526874213776]},"properties":{"id":"fd180dc0e97f4e20","tipo":"contratista_local","nombre":"MOON SUPPLY SL","direccion":"SAN FERNANDO · 3 adjudicaciones públicas · €26k total adjudicado","municipio":"San Fernando","provincia":"Cádiz","cp":null,"telefono":null,"email":null,"web":null,"etapas":null,"fuente":"placsp_adjudicaciones","confianza":"media"}},{"type":"Feature","geometry":{"type":"Point","coordinates":[-6.126627483479112,36.687523776942136]},"properties":{"id":"547380fa67b9c344","tipo":"contratista_local","nombre":"Lyreco España, S.A.","direccion":"España · 3 adjudicaciones públicas · €21k total adjudicado","municipio":"España","provincia":"Cádiz","cp":null,"telefono":null,"email":null,"web":null,"etapas":null,"fuente":"placsp_adjudicaciones","confianza":"media"}},{"type":"Feature","geometry":{"type":"Point","coordinates":[-6.126468179300827,36.68788873856076]},"properties":{"id":"a41602b5b2b10280","tipo":"contratista_local","nombre":"EJOC2004 S.L.","direccion":"Jerez de la Frontera (Cádiz) · 2 adjudicaciones públicas · €4.7M total adjudicado","municipio":"Jerez de la Frontera (Cádiz)","provincia":"Cádiz","cp":null,"telefono":null,"email":null,"web":null,"etapas":null,"fuente":"placsp_adjudicaciones","confianza":"media"}},{"type":"Feature","geometry":{"type":"Point","coordinates":[-5.811658863984123,36.75393311888645]},"properties":{"id":"a4254206fd142f22","tipo":"contratista_local","nombre":"UTE MANZANO-CABERO","direccion":"Arcos de la Frontera · 2 adjudicaciones públicas · €2.4M total adjudicado","municipio":"Arcos de la Frontera","provincia":"Cádiz","cp":null,"telefono":null,"email":null,"web":null,"etapas":null,"fuente":"placsp_adjudicaciones","confianza":"media"}},{"type":"Feature","geometry":{"type":"Point","coordinates":[-6.138099048923603,36.68134972689967]},"properties":{"id":"16274df8721313e4","tipo":"contratista_local","nombre":"MARTIN CASILLAS, S.L.U.","direccion":"Jerez de la Frontera · 2 adjudicaciones públicas · €1.9M total adjudicado","municipio":"Jerez de la Frontera","provincia":"Cádiz","cp":null,"telefono":null,"email":null,"web":null,"etapas":null,"fuente":"placsp_adjudicaciones","confianza":"media"}},{"type":"Feature","geometry":{"type":"Point","coordinates":[-6.137183485897772,36.68131641569716]},"properties":{"id":"36e270f4154d3f30","tipo":"contratista_local","nombre":"Verinsur S.A.","direccion":"Jerez de la Frontera · 2 adjudicaciones públicas · €1.4M total adjudicado","municipio":"Jerez de la Frontera","provincia":"Cádiz","cp":null,"telefono":null,"email":null,"web":null,"etapas":null,"fuente":"placsp_adjudicaciones","confianza":"media"}},{"type":"Feature","geometry":{"type":"Point","coordinates":[-6.19923709788581,36.46509475553006]},"properties":{"id":"18c3a2681ca8b392","tipo":"contratista_local","nombre":"AURUM SERVICIOS INTEGRALES S.A.","direccion":"San Fernando - CÁDIZ · 2 adjudicaciones públicas · €954k total adjudicado","municipio":"San Fernando - CÁDIZ","provincia":"Cádiz","cp":null,"telefono":null,"email":null,"web":null,"etapas":null,"fuente":"placsp_adjudicaciones","confianza":"media"}},{"type":"Feature","geometry":{"type":"Point","coordinates":[-6.351740466517815,36.776885272101005]},"properties":{"id":"0085acd90ab09133","tipo":"contratista_local","nombre":"David Pérez Camacho","direccion":"Sanlúcar de Barrameda · 2 adjudicaciones públicas · €663k total adjudicado","municipio":"Sanlúcar de Barrameda","provincia":"Cádiz","cp":null,"telefono":null,"email":null,"web":null,"etapas":null,"fuente":"placsp_adjudicaciones","confianza":"media"}},{"type":"Feature","geometry":{"type":"Point","coordinates":[-5.38933777728203,36.83959328992869]},"properties":{"id":"dcecbc543eec5bdb","tipo":"contratista_local","nombre":"KOINVER ESTRUCTURA, S.L.","direccion":"ZAHARA · 2 adjudicaciones públicas · €398k total adjudicado","municipio":"Zahara","provincia":"Cádiz","cp":null,"telefono":null,"email":null,"web":null,"etapas":null,"fuente":"placsp_adjudicaciones","confianza":"media"}},{"type":"Feature","geometry":{"type":"Point","coordinates":[-6.355445086119202,36.776884493991545]},"properties":{"id":"782a3072b7550353","tipo":"contratista_local","nombre":"ICOMplus","direccion":"Sanlucar de Barrameda · 2 adjudicaciones públicas · €306k total adjudicado","municipio":"Sanlucar de Barrameda","provincia":"Cádiz","cp":null,"telefono":null,"email":null,"web":null,"etapas":null,"fuente":"placsp_adjudicaciones","confianza":"media"}},{"type":"Feature","geometry":{"type":"Point","coordinates":[-6.293914905752935,36.53127985199745]},"properties":{"id":"f159d835e2f2a73e","tipo":"contratista_local","nombre":"CAETANO FÓRMULA CÁDIZ, S.L.U","direccion":"Cádiz · 2 adjudicaciones públicas · €295k total adjudicado","municipio":"Cádiz","provincia":"Cádiz","cp":null,"telefono":null,"email":null,"web":null,"etapas":null,"fuente":"placsp_adjudicaciones","confianza":"media"}},{"type":"Feature","geometry":{"type":"Point","coordinates":[-5.171813413667158,36.90563106381892]},"properties":{"id":"fa6911def4a136bd","tipo":"contratista_local","nombre":"PINTURAS Y DECORACION SETENIL SL","direccion":"ALCALA DEL VALLE · 2 adjudicaciones públicas · €293k total adjudicado","municipio":"Alcala Del Valle","provincia":"Cádiz","cp":null,"telefono":null,"email":null,"web":null,"etapas":null,"fuente":"placsp_adjudicaciones","confianza":"media"}},{"type":"Feature","geometry":{"type":"Point","coordinates":[-6.1368980563174205,36.682766626579124]},"properties":{"id":"6d3c90daf4c36c6d","tipo":"contratista_local","nombre":"HOSPITAL SAN JUAN GRANDE","direccion":"Jerez de la Frontera · 2 adjudicaciones públicas · €245k total adjudicado","municipio":"Jerez de la Frontera","provincia":"Cádiz","cp":null,"telefono":null,"email":null,"web":null,"etapas":null,"fuente":"placsp_adjudicaciones","confianza":"media"}},{"type":"Feature","geometry":{"type":"Point","coordinates":[-6.190130158515679,36.529248339769666]},"properties":{"id":"0c49580f869e16e0","tipo":"contratista_local","nombre":"BOUTIQUE DIVERSIONES SL","direccion":"PUERTO REAL · 2 adjudicaciones públicas · €185k total adjudicado","municipio":"Puerto Real","provincia":"Cádiz","cp":null,"telefono":null,"email":null,"web":null,"etapas":null,"fuente":"placsp_adjudicaciones","confianza":"media"}},{"type":"Feature","geometry":{"type":"Point","coordinates":[-6.293591429958838,36.530392300280994]},"properties":{"id":"07a7ac7f0b03ab51","tipo":"contratista_local","nombre":"Bahía Sound Beach Club, S.L.","direccion":"CADIZ · 2 adjudicaciones públicas · €184k total adjudicado","municipio":"Cadiz","provincia":"Cádiz","cp":null,"telefono":null,"email":null,"web":null,"etapas":null,"fuente":"placsp_adjudicaciones","confianza":"media"}},{"type":"Feature","geometry":{"type":"Point","coordinates":[-6.224633597423236,36.6007246108041]},"properties":{"id":"12d3be6c6ef85a04","tipo":"contratista_local","nombre":"IBERVIAS INGENIEROS, S.L.","direccion":"EL PUERTO DE SANTA MARIA · 2 adjudicaciones públicas · €176k total adjudicado","municipio":"El Puerto De Santa Maria","provincia":"Cádiz","cp":null,"telefono":null,"email":null,"web":null,"etapas":null,"fuente":"placsp_adjudicaciones","confianza":"media"}},{"type":"Feature","geometry":{"type":"Point","coordinates":[-6.13662587369816,36.68138767608688]},"properties":{"id":"bff4ad5ca932fc77","tipo":"contratista_local","nombre":"TRANSMITEL CONTACT CENTER, S.L.","direccion":"JEREZ DE LA FRONTERA · 2 adjudicaciones públicas · €149k total adjudicado","municipio":"Jerez De La Frontera","provincia":"Cádiz","cp":null,"telefono":null,"email":null,"web":null,"etapas":null,"fuente":"placsp_adjudicaciones","confianza":"media"}},{"type":"Feature","geometry":{"type":"Point","coordinates":[-6.138333384050568,36.68138336278485]},"properties":{"id":"be8f0e2c52c9d286","tipo":"contratista_local","nombre":"Tratamiento de Archivos S.L.","direccion":"Jerez de la Frontera · 2 adjudicaciones públicas · €107k total adjudicado","municipio":"Jerez de la Frontera","provincia":"Cádiz","cp":null,"telefono":null,"email":null,"web":null,"etapas":null,"fuente":"placsp_adjudicaciones","confianza":"media"}},{"type":"Feature","geometry":{"type":"Point","coordinates":[-6.145436935996941,36.41844032553025]},"properties":{"id":"c05ff10f11107b1c","tipo":"contratista_local","nombre":"Hidraulica Cabral S.L.","direccion":"Chiclana de la Frontera · 2 adjudicaciones públicas · €106k total adjudicado","municipio":"Chiclana de la Frontera","provincia":"Cádiz","cp":null,"telefono":null,"email":null,"web":null,"etapas":null,"fuente":"placsp_adjudicaciones","confianza":"media"}},{"type":"Feature","geometry":{"type":"Point","coordinates":[-5.806777622906503,36.870634424949216]},"properties":{"id":"02cc85b8dd4f2767","tipo":"contratista_local","nombre":"Garcamargo, S.L.","direccion":"Espera · 2 adjudicaciones públicas · €104k total adjudicado","municipio":"Espera","provincia":"Cádiz","cp":null,"telefono":null,"email":null,"web":null,"etapas":null,"fuente":"placsp_adjudicaciones","confianza":"media"}},{"type":"Feature","geometry":{"type":"Point","coordinates":[-5.425421924685945,36.19140608468469]},"properties":{"id":"c0a06d6d5bccec65","tipo":"contratista_local","nombre":"GLOBAL AERONAUTICS SOLUTIONS CORP SL","direccion":"GUADACORTE-LOS BARRIOS · 2 adjudicaciones públicas · €92k total adjudicado","municipio":"Guadacorte-Los Barrios","provincia":"Cádiz","cp":null,"telefono":null,"email":null,"web":null,"etapas":null,"fuente":"placsp_adjudicaciones","confianza":"media"}},{"type":"Feature","geometry":{"type":"Point","coordinates":[-6.138557158194781,36.683003589197455]},"properties":{"id":"caa80d323bb14268","tipo":"contratista_local","nombre":"Consultoría Integral de Seguridad, S.A,","direccion":"Jerez de la Frontera · 2 adjudicaciones públicas · €77k total adjudicado","municipio":"Jerez de la Frontera","provincia":"Cádiz","cp":null,"telefono":null,"email":null,"web":null,"etapas":null,"fuente":"placsp_adjudicaciones","confianza":"media"}},{"type":"Feature","geometry":{"type":"Point","coordinates":[-6.138488750715163,36.6823593737993]},"properties":{"id":"86b19062b2d526b6","tipo":"contratista_local","nombre":"MANTENIMIENTO Y SERVICIOS DE PARQUES SL","direccion":"JEREZ DE LA FRONTERA · 2 adjudicaciones públicas · €75k total adjudicado","municipio":"Jerez De La Frontera","provincia":"Cádiz","cp":null,"telefono":null,"email":null,"web":null,"etapas":null,"fuente":"placsp_adjudicaciones","confianza":"media"}},{"type":"Feature","geometry":{"type":"Point","coordinates":[-6.1457651004686875,36.41807862143906]},"properties":{"id":"963feaa3747914fb","tipo":"contratista_local","nombre":"SOTAVENTO SOLUTIONS S.L.U.","direccion":"Chiclana de la Frontera · 2 adjudicaciones públicas · €68k total adjudicado","municipio":"Chiclana de la Frontera","provincia":"Cádiz","cp":null,"telefono":null,"email":null,"web":null,"etapas":null,"fuente":"placsp_adjudicaciones","confianza":"media"}},{"type":"Feature","geometry":{"type":"Point","coordinates":[-6.225255223158996,36.59941498323009]},"properties":{"id":"4355f0155812bb5c","tipo":"contratista_local","nombre":"Nimauto S.L.","direccion":"el puerto de santa maria · 2 adjudicaciones públicas · €67k total adjudicado","municipio":"El Puerto De Santa Maria","provincia":"Cádiz","cp":null,"telefono":null,"email":null,"web":null,"etapas":null,"fuente":"placsp_adjudicaciones","confianza":"media"}},{"type":"Feature","geometry":{"type":"Point","coordinates":[-6.144748752093193,36.41951652114464]},"properties":{"id":"e7c4ca75e211ded1","tipo":"contratista_local","nombre":"TEATRIN S.C","direccion":"CHICLANA DE LA FRONTERA · 2 adjudicaciones públicas · €64k total adjudicado","municipio":"Chiclana De La Frontera","provincia":"Cádiz","cp":null,"telefono":null,"email":null,"web":null,"etapas":null,"fuente":"placsp_adjudicaciones","confianza":"media"}},{"type":"Feature","geometry":{"type":"Point","coordinates":[-6.228139467336095,36.59845930321748]},"properties":{"id":"cd22cfaaef138bd7","tipo":"contratista_local","nombre":"DEPOROCIO INVERSIONES. S.L.","direccion":"Puerto de Santa María (El), · 2 adjudicaciones públicas · €48k total adjudicado","municipio":"Puerto de Santa María (El),","provincia":"Cádiz","cp":null,"telefono":null,"email":null,"web":null,"etapas":null,"fuente":"placsp_adjudicaciones","confianza":"media"}},{"type":"Feature","geometry":{"type":"Point","coordinates":[-6.1987710916203635,36.4649602713064]},"properties":{"id":"e5d20905754aef1e","tipo":"contratista_local","nombre":"Javier Fernández Calvo","direccion":"San Fernando · 2 adjudicaciones públicas · €37k total adjudicado","municipio":"San Fernando","provincia":"Cádiz","cp":null,"telefono":null,"email":null,"web":null,"etapas":null,"fuente":"placsp_adjudicaciones","confianza":"media"}},{"type":"Feature","geometry":{"type":"Point","coordinates":[-5.353629819468616,36.1625193235173]},"properties":{"id":"14d2eaae16ba0b46","tipo":"contratista_local","nombre":"Plagasur, S.L.","direccion":"Línea de la Concepción, La · 2 adjudicaciones públicas · €34k total adjudicado","municipio":"Línea de la Concepción, La","provincia":"Cádiz","cp":null,"telefono":null,"email":null,"web":null,"etapas":null,"fuente":"placsp_adjudicaciones","confianza":"media"}},{"type":"Feature","geometry":{"type":"Point","coordinates":[-6.354387786729216,36.777595894486694]},"properties":{"id":"722d65fc57f85db2","tipo":"contratista_local","nombre":"SANTRAVEL S.L","direccion":"Sanlúcar de Barrameda · 2 adjudicaciones públicas · €23k total adjudicado","municipio":"Sanlúcar de Barrameda","provincia":"Cádiz","cp":null,"telefono":null,"email":null,"web":null,"etapas":null,"fuente":"placsp_adjudicaciones","confianza":"media"}},{"type":"Feature","geometry":{"type":"Point","coordinates":[-6.137942301782742,36.681178496215985]},"properties":{"id":"f0bc70f90efdd893","tipo":"contratista_local","nombre":"GROWLY MAQUINARIA CONSTRUCTIVA, S.L.","direccion":"JEREZ DE LA FRONTERA · 2 adjudicaciones públicas · €21k total adjudicado","municipio":"Jerez De La Frontera","provincia":"Cádiz","cp":null,"telefono":null,"email":null,"web":null,"etapas":null,"fuente":"placsp_adjudicaciones","confianza":"media"}},{"type":"Feature","geometry":{"type":"Point","coordinates":[-5.356118695133714,36.1616573496945]},"properties":{"id":"5c4337afb5adc4c3","tipo":"contratista_local","nombre":"CLÍNICA HOTEL UNIVERSAL GESTIÓN SANITARIA, S.L.","direccion":"Línea de la Concepción, La · 2 adjudicaciones públicas · €15k total adjudicado","municipio":"Línea de la Concepción, La","provincia":"Cádiz","cp":null,"telefono":null,"email":null,"web":null,"etapas":null,"fuente":"placsp_adjudicaciones","confianza":"media"}},{"type":"Feature","geometry":{"type":"Point","coordinates":[-6.293939757851347,36.52948070919949]},"properties":{"id":"6616d175f5139b65","tipo":"contratista_local","nombre":"SERVICIOS LABORALES Y FORMATIVOS S.L.U.","direccion":"Cádiz · 2 adjudicaciones públicas · €3k total adjudicado","municipio":"Cádiz","provincia":"Cádiz","cp":null,"telefono":null,"email":null,"web":null,"etapas":null,"fuente":"placsp_adjudicaciones","confianza":"media"}},{"type":"Feature","geometry":{"type":"Point","coordinates":[-5.657753908774782,36.656955394820535]},"properties":{"id":"161cedbf1b105515","tipo":"contratista_local","nombre":"Daniel Moreno Jiménez","direccion":"Algar · 2 adjudicaciones públicas · €2k total adjudicado","municipio":"Algar","provincia":"Cádiz","cp":null,"telefono":null,"email":null,"web":null,"etapas":null,"fuente":"placsp_adjudicaciones","confianza":"media"}},{"type":"Feature","geometry":{"type":"Point","coordinates":[-5.451891400862153,36.14358541945947]},"properties":{"id":"4ddd636e9690256f","tipo":"contratista_local","nombre":"GARCIA RODRIGUEZ 2006 S.L.","direccion":"ALGECIRAS (CÁDIZ) · 2 adjudicaciones públicas · €0k total adjudicado","municipio":"Algeciras (Cádiz)","provincia":"Cádiz","cp":null,"telefono":null,"email":null,"web":null,"etapas":null,"fuente":"placsp_adjudicaciones","confianza":"media"}},{"type":"Feature","geometry":{"type":"Point","coordinates":[-6.226710467322053,36.6002193263432]},"properties":{"id":"0cde180f5156674e","tipo":"contratista_local","nombre":"UTE PROERSYS PROTON LEY 18/1982 NUMERO 2","direccion":"EL Puerto de Santa María · 1 adjudicación pública · €2.0M total adjudicado","municipio":"EL Puerto de Santa María","provincia":"Cádiz","cp":null,"telefono":null,"email":null,"web":null,"etapas":null,"fuente":"placsp_adjudicaciones","confianza":"media"}},{"type":"Feature","geometry":{"type":"Point","coordinates":[-6.19904669499715,36.465022203141885]},"properties":{"id":"a2aacc676704e964","tipo":"contratista_local","nombre":"CONSTRUCCIONES YATECNICAS SL","direccion":"SAN FERNANDO · 1 adjudicación pública · €1.0M total adjudicado","municipio":"San Fernando","provincia":"Cádiz","cp":null,"telefono":null,"email":null,"web":null,"etapas":null,"fuente":"placsp_adjudicaciones","confianza":"media"}},{"type":"Feature","geometry":{"type":"Point","coordinates":[-5.177911704540915,36.863719968729825]},"properties":{"id":"71df6d73beac96a6","tipo":"contratista_local","nombre":"PROSETENIL 2009, S.L.","direccion":"Setenil De Las Bodegas · 1 adjudicación pública · €463k total adjudicado","municipio":"Setenil De Las Bodegas","provincia":"Cádiz","cp":null,"telefono":null,"email":null,"web":null,"etapas":null,"fuente":"placsp_adjudicaciones","confianza":"media"}},{"type":"Feature","geometry":{"type":"Point","coordinates":[-5.643190196347321,36.858372759046766]},"properties":{"id":"c322ba7f68ac4e85","tipo":"contratista_local","nombre":"SITE AND FIELD GLOBAL SOLUTIONS SL","direccion":"VILLAMARTIN · 1 adjudicación pública · €450k total adjudicado","municipio":"Villamartin","provincia":"Cádiz","cp":null,"telefono":null,"email":null,"web":null,"etapas":null,"fuente":"placsp_adjudicaciones","confianza":"media"}},{"type":"Feature","geometry":{"type":"Point","coordinates":[-6.2299082407037405,36.599694592987056]},"properties":{"id":"ec3ee5da4bbcda90","tipo":"contratista_local","nombre":"Campusport SL","direccion":"PUERTO DE SANTA MARÍA (EL) · 1 adjudicación pública · €450k total adjudicado","municipio":"Puerto De Santa María (El)","provincia":"Cádiz","cp":null,"telefono":null,"email":null,"web":null,"etapas":null,"fuente":"placsp_adjudicaciones","confianza":"media"}},{"type":"Feature","geometry":{"type":"Point","coordinates":[-5.38605473410536,36.209929147050836]},"properties":{"id":"bc1bbef8a3dae409","tipo":"contratista_local","nombre":"HEALTH SAFETY SOCIEDAD LIMITADA","direccion":"SAN ROQUE · 1 adjudicación pública · €432k total adjudicado","municipio":"San Roque","provincia":"Cádiz","cp":null,"telefono":null,"email":null,"web":null,"etapas":null,"fuente":"placsp_adjudicaciones","confianza":"media"}},{"type":"Feature","geometry":{"type":"Point","coordinates":[-6.139936236765942,36.68168263157356]},"properties":{"id":"bda650a74c433039","tipo":"contratista_local","nombre":"GRUPO OR. CONSTRUCCIONES Y CONTRATAS SLU.","direccion":"JEREZ · 1 adjudicación pública · €409k total adjudicado","municipio":"Jerez","provincia":"Cádiz","cp":null,"telefono":null,"email":null,"web":null,"etapas":null,"fuente":"placsp_adjudicaciones","confianza":"media"}},{"type":"Feature","geometry":{"type":"Point","coordinates":[-5.919974256204325,36.19207503555909]},"properties":{"id":"3b67c732304e0b1f","tipo":"contratista_local","nombre":"MAVIMAR CONSULTORES, S.L.","direccion":"Barbate · 1 adjudicación pública · €297k total adjudicado","municipio":"Barbate","provincia":"Cádiz","cp":null,"telefono":null,"email":null,"web":null,"etapas":null,"fuente":"placsp_adjudicaciones","confianza":"media"}},{"type":"Feature","geometry":{"type":"Point","coordinates":[-6.138879316457768,36.68054582893631]},"properties":{"id":"122931b965b869cf","tipo":"contratista_local","nombre":"Sauci Asesores SL","direccion":"JEREZ DE LA FRONTERA · 1 adjudicación pública · €292k total adjudicado","municipio":"Jerez De La Frontera","provincia":"Cádiz","cp":null,"telefono":null,"email":null,"web":null,"etapas":null,"fuente":"placsp_adjudicaciones","confianza":"media"}},{"type":"Feature","geometry":{"type":"Point","coordinates":[-6.292862339092086,36.52897061350937]},"properties":{"id":"2118578a19e6e21f","tipo":"contratista_local","nombre":"Victoria Beach Soccer SL","direccion":"CADIZ · 1 adjudicación pública · €289k total adjudicado","municipio":"Cadiz","provincia":"Cádiz","cp":null,"telefono":null,"email":null,"web":null,"etapas":null,"fuente":"placsp_adjudicaciones","confianza":"media"}},{"type":"Feature","geometry":{"type":"Point","coordinates":[-5.8128880808746946,36.75121676371996]},"properties":{"id":"98f7a237fd13f215","tipo":"contratista_local","nombre":"FRANCISCO LOZANO CARDENAS","direccion":"ARCOS DE LA FRONTERA · 1 adjudicación pública · €276k total adjudicado","municipio":"Arcos De La Frontera","provincia":"Cádiz","cp":null,"telefono":null,"email":null,"web":null,"etapas":null,"fuente":"placsp_adjudicaciones","confianza":"media"}},{"type":"Feature","geometry":{"type":"Point","coordinates":[-5.725052927828921,36.46105165996414]},"properties":{"id":"fb6d995750f529db","tipo":"contratista_local","nombre":"INSTALACIONES ELECTRICAS E ILUMINACIONES ARTISTICAS SAN JORGE S.L.","direccion":"ALCALÁ DE LOS GAZULES · 1 adjudicación pública · €273k total adjudicado","municipio":"Alcalá De Los Gazules","provincia":"Cádiz","cp":null,"telefono":null,"email":null,"web":null,"etapas":null,"fuente":"placsp_adjudicaciones","confianza":"media"}},{"type":"Feature","geometry":{"type":"Point","coordinates":[-6.1380244697528825,36.68082268251868]},"properties":{"id":"abde18fa114ea27f","tipo":"contratista_local","nombre":"Rafael Chisvert Cabas","direccion":"Jerez de la Frontera · 1 adjudicación pública · €273k total adjudicado","municipio":"Jerez de la Frontera","provincia":"Cádiz","cp":null,"telefono":null,"email":null,"web":null,"etapas":null,"fuente":"placsp_adjudicaciones","confianza":"media"}},{"type":"Feature","geometry":{"type":"Point","coordinates":[-6.134484809242762,36.68918251448305]},"properties":{"id":"e5d9364df41fe3d8","tipo":"contratista_local","nombre":"VOLVO BUS CORPORATION SAU","direccion":"Madrid · 1 adjudicación pública · €264k total adjudicado","municipio":"Madrid","provincia":"Cádiz","cp":null,"telefono":null,"email":null,"web":null,"etapas":null,"fuente":"placsp_adjudicaciones","confianza":"media"}},{"type":"Feature","geometry":{"type":"Point","coordinates":[-6.145571178796836,36.41883530994622]},"properties":{"id":"07db6919fde475d9","tipo":"contratista_local","nombre":"SOCIEDAD DE INVERSIONES Y ACTIVIDADES SANITARIAS, S.L.","direccion":"CHICLANA DE LA FRONTERA · 1 adjudicación pública · €259k total adjudicado","municipio":"Chiclana De La Frontera","provincia":"Cádiz","cp":null,"telefono":null,"email":null,"web":null,"etapas":null,"fuente":"placsp_adjudicaciones","confianza":"media"}},{"type":"Feature","geometry":{"type":"Point","coordinates":[-5.4466361014441675,36.132259436890976]},"properties":{"id":"d9e334f5885d9dc3","tipo":"contratista_local","nombre":"LEVEL ALGECIRAS SERVICES S.L.","direccion":"ALGECIRAS · 1 adjudicación pública · €249k total adjudicado","municipio":"Algeciras","provincia":"Cádiz","cp":null,"telefono":null,"email":null,"web":null,"etapas":null,"fuente":"placsp_adjudicaciones","confianza":"media"}},{"type":"Feature","geometry":{"type":"Point","coordinates":[-6.144098402640724,36.418479493330715]},"properties":{"id":"c9adb7475a3fbd57","tipo":"contratista_local","nombre":"CONTROL ZOOSANITARIO S.L.","direccion":"Chiclana de la Frontera · 1 adjudicación pública · €248k total adjudicado","municipio":"Chiclana de la Frontera","provincia":"Cádiz","cp":null,"telefono":null,"email":null,"web":null,"etapas":null,"fuente":"placsp_adjudicaciones","confianza":"media"}},{"type":"Feature","geometry":{"type":"Point","coordinates":[-6.226708572743126,36.60117338406392]},"properties":{"id":"a338aab01b5b2780","tipo":"contratista_local","nombre":"DMARITA COLECTIVIDADES 2017 SL","direccion":"Puerto de Santa Maria · 1 adjudicación pública · €237k total adjudicado","municipio":"Puerto de Santa Maria","provincia":"Cádiz","cp":null,"telefono":null,"email":null,"web":null,"etapas":null,"fuente":"placsp_adjudicaciones","confianza":"media"}},{"type":"Feature","geometry":{"type":"Point","coordinates":[-5.403653319774791,36.87922585957237]},"properties":{"id":"8af37caf7fedb4b4","tipo":"contratista_local","nombre":"CONSTRUALGODONALES S.L.","direccion":"Algodonales · 1 adjudicación pública · €230k total adjudicado","municipio":"Algodonales","provincia":"Cádiz","cp":null,"telefono":null,"email":null,"web":null,"etapas":null,"fuente":"placsp_adjudicaciones","confianza":"media"}},{"type":"Feature","geometry":{"type":"Point","coordinates":[-6.1369146053616,36.68294018323198]},"properties":{"id":"79a969e7636ef573","tipo":"contratista_local","nombre":"DANIEL VARGAS MARTINEZ","direccion":"JEREZ DE LA FRONTERA · 1 adjudicación pública · €222k total adjudicado","municipio":"Jerez De La Frontera","provincia":"Cádiz","cp":null,"telefono":null,"email":null,"web":null,"etapas":null,"fuente":"placsp_adjudicaciones","confianza":"media"}},{"type":"Feature","geometry":{"type":"Point","coordinates":[-6.224524582957489,36.60185378953107]},"properties":{"id":"b3734296af4b62e9","tipo":"contratista_local","nombre":"Haupold Ventures SL","direccion":"El Puerto de Santa Maria · 1 adjudicación pública · €219k total adjudicado","municipio":"El Puerto de Santa Maria","provincia":"Cádiz","cp":null,"telefono":null,"email":null,"web":null,"etapas":null,"fuente":"placsp_adjudicaciones","confianza":"media"}},{"type":"Feature","geometry":{"type":"Point","coordinates":[-6.196338857235336,36.463977276938635]},"properties":{"id":"6e068a9f3888e51f","tipo":"contratista_local","nombre":"JOSE MARIA RODRIGUEZ FERNANDEZ 2003,S.L.","direccion":"SAN FERNANDO · 1 adjudicación pública · €195k total adjudicado","municipio":"San Fernando","provincia":"Cádiz","cp":null,"telefono":null,"email":null,"web":null,"etapas":null,"fuente":"placsp_adjudicaciones","confianza":"media"}},{"type":"Feature","geometry":{"type":"Point","coordinates":[-6.138448322506765,36.682646933314004]},"properties":{"id":"19c2fdff7163eab7","tipo":"contratista_local","nombre":"ALBARIZA MODA LABORAL S.L","direccion":"Jerez de la Frontera · 1 adjudicación pública · €194k total adjudicado","municipio":"Jerez de la Frontera","provincia":"Cádiz","cp":null,"telefono":null,"email":null,"web":null,"etapas":null,"fuente":"placsp_adjudicaciones","confianza":"media"}},{"type":"Feature","geometry":{"type":"Point","coordinates":[-6.138253491048593,36.68246862927531]},"properties":{"id":"afddf11a0fdb04a3","tipo":"contratista_local","nombre":"ENDESA ENERGIA SAU","direccion":"JEREZ · 1 adjudicación pública · €185k total adjudicado","municipio":"Jerez","provincia":"Cádiz","cp":null,"telefono":null,"email":null,"web":null,"etapas":null,"fuente":"placsp_adjudicaciones","confianza":"media"}},{"type":"Feature","geometry":{"type":"Point","coordinates":[-6.298411384377154,36.533912684639915]},"properties":{"id":"368f9c32b37eca51","tipo":"contratista_local","nombre":"ESPUBLICO SERVICIOS PARA LA ADMINISTRACIÓN S.A.","direccion":"Zaragoza · 1 adjudicación pública · €177k total adjudicado","municipio":"Zaragoza","provincia":"Cádiz","cp":null,"telefono":null,"email":null,"web":null,"etapas":null,"fuente":"placsp_adjudicaciones","confianza":"media"}},{"type":"Feature","geometry":{"type":"Point","coordinates":[-5.64392808383735,36.8597541338845]},"properties":{"id":"a0898c733b5dfd53","tipo":"contratista_local","nombre":"OBRAS CUNE, S.L.","direccion":"VILLAMARTIN · 1 adjudicación pública · €176k total adjudicado","municipio":"Villamartin","provincia":"Cádiz","cp":null,"telefono":null,"email":null,"web":null,"etapas":null,"fuente":"placsp_adjudicaciones","confianza":"media"}},{"type":"Feature","geometry":{"type":"Point","coordinates":[-6.294544275112655,36.53083180252799]},"properties":{"id":"082038c2a645e9c3","tipo":"contratista_local","nombre":"Instrumentación y Control del Sur S.L.","direccion":"Cádiz · 1 adjudicación pública · €164k total adjudicado","municipio":"Cádiz","provincia":"Cádiz","cp":null,"telefono":null,"email":null,"web":null,"etapas":null,"fuente":"placsp_adjudicaciones","confianza":"media"}},{"type":"Feature","geometry":{"type":"Point","coordinates":[-6.197711056068387,36.46416548184075]},"properties":{"id":"ec5547314e7fcfad","tipo":"contratista_local","nombre":"EL SIGLO 1870, S.L.","direccion":"San Fernando · 1 adjudicación pública · €164k total adjudicado","municipio":"San Fernando","provincia":"Cádiz","cp":null,"telefono":null,"email":null,"web":null,"etapas":null,"fuente":"placsp_adjudicaciones","confianza":"media"}},{"type":"Feature","geometry":{"type":"Point","coordinates":[-6.293890725406324,36.52828759050023]},"properties":{"id":"03ba4638a1f3aec2","tipo":"contratista_local","nombre":"CADISHIP S.L.","direccion":"CADIZ · 1 adjudicación pública · €158k total adjudicado","municipio":"Cadiz","provincia":"Cádiz","cp":null,"telefono":null,"email":null,"web":null,"etapas":null,"fuente":"placsp_adjudicaciones","confianza":"media"}},{"type":"Feature","geometry":{"type":"Point","coordinates":[-6.2934845543211075,36.528773105911114]},"properties":{"id":"acc7bfcb7814ea6b","tipo":"contratista_local","nombre":"PURO LATINO FESTIVAL S.L.","direccion":"CÁDIZ · 1 adjudicación pública · €145k total adjudicado","municipio":"Cádiz","provincia":"Cádiz","cp":null,"telefono":null,"email":null,"web":null,"etapas":null,"fuente":"placsp_adjudicaciones","confianza":"media"}},{"type":"Feature","geometry":{"type":"Point","coordinates":[-6.135163432613316,36.69033522824959]},"properties":{"id":"1b26119d7141d988","tipo":"contratista_local","nombre":"Konica Minolta Business Solutions Spain S.A","direccion":"Madrid · 1 adjudicación pública · €139k total adjudicado","municipio":"Madrid","provincia":"Cádiz","cp":null,"telefono":null,"email":null,"web":null,"etapas":null,"fuente":"placsp_adjudicaciones","confianza":"media"}},{"type":"Feature","geometry":{"type":"Point","coordinates":[-6.29308480465664,36.528630624453335]},"properties":{"id":"e89c77171a5bb0a9","tipo":"contratista_local","nombre":"UTE CMDI-RMC (CESMA CS-2023/5101/0016)","direccion":"Cádiz · 1 adjudicación pública · €138k total adjudicado","municipio":"Cádiz","provincia":"Cádiz","cp":null,"telefono":null,"email":null,"web":null,"etapas":null,"fuente":"placsp_adjudicaciones","confianza":"media"}},{"type":"Feature","geometry":{"type":"Point","coordinates":[-6.29304622154266,36.528349953236216]},"properties":{"id":"3213aad7e0239cd8","tipo":"contratista_local","nombre":"EXCAVACIONES, DEMOLICIONES Y TRANSPORTES CHICLANA, S.L.","direccion":"Cádiz · 1 adjudicación pública · €138k total adjudicado","municipio":"Cádiz","provincia":"Cádiz","cp":null,"telefono":null,"email":null,"web":null,"etapas":null,"fuente":"placsp_adjudicaciones","confianza":"media"}},{"type":"Feature","geometry":{"type":"Point","coordinates":[-5.447228561231831,36.13043279581264]},"properties":{"id":"8ca842466cd1822e","tipo":"contratista_local","nombre":"ILEVELMEDIA S.L.","direccion":"ALGECIRAS · 1 adjudicación pública · €138k total adjudicado","municipio":"Algeciras","provincia":"Cádiz","cp":null,"telefono":null,"email":null,"web":null,"etapas":null,"fuente":"placsp_adjudicaciones","confianza":"media"}},{"type":"Feature","geometry":{"type":"Point","coordinates":[-6.137676484093943,36.682391212776295]},"properties":{"id":"83a8f46c26e673ee","tipo":"contratista_local","nombre":"Medina Travel Bus, S.L.","direccion":"Jerez de la Frontera · 1 adjudicación pública · €135k total adjudicado","municipio":"Jerez de la Frontera","provincia":"Cádiz","cp":null,"telefono":null,"email":null,"web":null,"etapas":null,"fuente":"placsp_adjudicaciones","confianza":"media"}},{"type":"Feature","geometry":{"type":"Point","coordinates":[-5.461080105234878,36.1732984521064]},"properties":{"id":"f2967ecc28d8ef34","tipo":"contratista_local","nombre":"CONTRATAS TERRESTRES Y MARÍTIMAS, S.L.U.","direccion":"BARRIOS, LOS · 1 adjudicación pública · €135k total adjudicado","municipio":"Barrios, Los","provincia":"Cádiz","cp":null,"telefono":null,"email":null,"web":null,"etapas":null,"fuente":"placsp_adjudicaciones","confianza":"media"}},{"type":"Feature","geometry":{"type":"Point","coordinates":[-6.145728830303549,36.41959319480319]},"properties":{"id":"6b257f48e5819597","tipo":"contratista_local","nombre":"CLEMENTE RODRIGUEZ TOCINO","direccion":"CHICLANA DE LA FRONTERA · 1 adjudicación pública · €126k total adjudicado","municipio":"Chiclana De La Frontera","provincia":"Cádiz","cp":null,"telefono":null,"email":null,"web":null,"etapas":null,"fuente":"placsp_adjudicaciones","confianza":"media"}},{"type":"Feature","geometry":{"type":"Point","coordinates":[-6.225663356600833,36.59954665979742]},"properties":{"id":"f5b8541f264ee898","tipo":"contratista_local","nombre":"ANTONIO FLOR JIMENEZ Y HNOS.","direccion":"EL PUERTO DE SANTA MARIA · 1 adjudicación pública · €125k total adjudicado","municipio":"El Puerto De Santa Maria","provincia":"Cádiz","cp":null,"telefono":null,"email":null,"web":null,"etapas":null,"fuente":"placsp_adjudicaciones","confianza":"media"}},{"type":"Feature","geometry":{"type":"Point","coordinates":[-5.6417772407901206,36.85890189691998]},"properties":{"id":"83da1ba048ce7ad8","tipo":"contratista_local","nombre":"OBRAS 89 SL","direccion":"VILLAMARTIN · 1 adjudicación pública · €119k total adjudicado","municipio":"Villamartin","provincia":"Cádiz","cp":null,"telefono":null,"email":null,"web":null,"etapas":null,"fuente":"placsp_adjudicaciones","confianza":"media"}},{"type":"Feature","geometry":{"type":"Point","coordinates":[-5.865114496810967,36.522236435209095]},"properties":{"id":"bca59ebfb54e70b1","tipo":"contratista_local","nombre":"AMPE OBRAS E INGENIERIA, S.L.","direccion":"Paterna de Rivera · 1 adjudicación pública · €118k total adjudicado","municipio":"Paterna de Rivera","provincia":"Cádiz","cp":null,"telefono":null,"email":null,"web":null,"etapas":null,"fuente":"placsp_adjudicaciones","confianza":"media"}},{"type":"Feature","geometry":{"type":"Point","coordinates":[-6.199454652500872,36.46580958533663]},"properties":{"id":"95165cd9eab1015b","tipo":"contratista_local","nombre":"NOVOANFRA S.L.","direccion":"SAN FERNANDO · 1 adjudicación pública · €112k total adjudicado","municipio":"San Fernando","provincia":"Cádiz","cp":null,"telefono":null,"email":null,"web":null,"etapas":null,"fuente":"placsp_adjudicaciones","confianza":"media"}},{"type":"Feature","geometry":{"type":"Point","coordinates":[-6.135797432649643,36.68967126690112]},"properties":{"id":"46c0ad54a3eb4586","tipo":"contratista_local","nombre":"DELOITTE CONSULTING S.L.U.","direccion":"Madrid · 1 adjudicación pública · €104k total adjudicado","municipio":"Madrid","provincia":"Cádiz","cp":null,"telefono":null,"email":null,"web":null,"etapas":null,"fuente":"placsp_adjudicaciones","confianza":"media"}},{"type":"Feature","geometry":{"type":"Point","coordinates":[-5.445957371731453,36.1316170990284]},"properties":{"id":"1fd80b63fb773277","tipo":"contratista_local","nombre":"ESTUDIO CREATIVO DIGITAL, S.L.","direccion":"Algeciras · 1 adjudicación pública · €103k total adjudicado","municipio":"Algeciras","provincia":"Cádiz","cp":null,"telefono":null,"email":null,"web":null,"etapas":null,"fuente":"placsp_adjudicaciones","confianza":"media"}},{"type":"Feature","geometry":{"type":"Point","coordinates":[-6.145849164296646,36.41751373715697]},"properties":{"id":"c1e978d71c0ae349","tipo":"contratista_local","nombre":"JOSE MARIA AVILA FORNELL S.L.","direccion":"Chiclana De La Frontera [11130] · 1 adjudicación pública · €101k total adjudicado","municipio":"Chiclana De La Frontera [11130]","provincia":"Cádiz","cp":null,"telefono":null,"email":null,"web":null,"etapas":null,"fuente":"placsp_adjudicaciones","confianza":"media"}},{"type":"Feature","geometry":{"type":"Point","coordinates":[-6.145205571270522,36.419105290975324]},"properties":{"id":"4a359072b46d2ea4","tipo":"contratista_local","nombre":"NOVAF ANDALUCIA 2007,S.L.","direccion":"Chiclana de la Frontera · 1 adjudicación pública · €100k total adjudicado","municipio":"Chiclana de la Frontera","provincia":"Cádiz","cp":null,"telefono":null,"email":null,"web":null,"etapas":null,"fuente":"placsp_adjudicaciones","confianza":"media"}},{"type":"Feature","geometry":{"type":"Point","coordinates":[-5.446705239920896,36.13031200245354]},"properties":{"id":"917a3664627f02ba","tipo":"contratista_local","nombre":"TOTAL ENGINEERING, S.L.","direccion":"ALGECIRAS · 1 adjudicación pública · €97k total adjudicado","municipio":"Algeciras","provincia":"Cádiz","cp":null,"telefono":null,"email":null,"web":null,"etapas":null,"fuente":"placsp_adjudicaciones","confianza":"media"}},{"type":"Feature","geometry":{"type":"Point","coordinates":[-6.293606979249779,36.529797097568526]},"properties":{"id":"890fce4f9f1ef04b","tipo":"contratista_local","nombre":"TRANSPORTES GENERALES COMES, S.A.","direccion":"CÁDIZ · 1 adjudicación pública · €97k total adjudicado","municipio":"Cádiz","provincia":"Cádiz","cp":null,"telefono":null,"email":null,"web":null,"etapas":null,"fuente":"placsp_adjudicaciones","confianza":"media"}},{"type":"Feature","geometry":{"type":"Point","coordinates":[-6.139029372951358,36.683095644057836]},"properties":{"id":"315ac8f88ba599a4","tipo":"contratista_local","nombre":"ARQUITECTURA, INGENIERIA Y DESARROLLO SOSTENIBLE SL","direccion":"JEREZ DE LA FRONTERA · 1 adjudicación pública · €95k total adjudicado","municipio":"Jerez De La Frontera","provincia":"Cádiz","cp":null,"telefono":null,"email":null,"web":null,"etapas":null,"fuente":"placsp_adjudicaciones","confianza":"media"}},{"type":"Feature","geometry":{"type":"Point","coordinates":[-6.292482046687629,36.53017323682362]},"properties":{"id":"df5f112156aac621","tipo":"contratista_local","nombre":"NAUTICA BENITEZ,SL","direccion":"Cádiz · 1 adjudicación pública · €94k total adjudicado","municipio":"Cádiz","provincia":"Cádiz","cp":null,"telefono":null,"email":null,"web":null,"etapas":null,"fuente":"placsp_adjudicaciones","confianza":"media"}},{"type":"Feature","geometry":{"type":"Point","coordinates":[-6.225971578482891,36.6013448539491]},"properties":{"id":"b43ea6af575f2b79","tipo":"contratista_local","nombre":"TECYSA TECNOLOGIA Y SERVICIOS AMBIENTALES SL","direccion":"EL PUERTO DE SANTA MARIA · 1 adjudicación pública · €90k total adjudicado","municipio":"El Puerto De Santa Maria","provincia":"Cádiz","cp":null,"telefono":null,"email":null,"web":null,"etapas":null,"fuente":"placsp_adjudicaciones","confianza":"media"}},{"type":"Feature","geometry":{"type":"Point","coordinates":[-6.199129136538756,36.464773358023415]},"properties":{"id":"409174485f565f14","tipo":"contratista_local","nombre":"Imaginarte Creación y Organización de Espectáculos, SL","direccion":"San Fernando · 1 adjudicación pública · €89k total adjudicado","municipio":"San Fernando","provincia":"Cádiz","cp":null,"telefono":null,"email":null,"web":null,"etapas":null,"fuente":"placsp_adjudicaciones","confianza":"media"}},{"type":"Feature","geometry":{"type":"Point","coordinates":[-6.189831926632488,36.528256868153484]},"properties":{"id":"7124a2bc1814c62a","tipo":"contratista_local","nombre":"Korus Suministros Eléctricos, S.A.","direccion":"Puerto Real · 1 adjudicación pública · €87k total adjudicado","municipio":"Puerto Real","provincia":"Cádiz","cp":null,"telefono":null,"email":null,"web":null,"etapas":null,"fuente":"placsp_adjudicaciones","confianza":"media"}},{"type":"Feature","geometry":{"type":"Point","coordinates":[-6.292267312916251,36.52958468520448]},"properties":{"id":"c4fcd822e41b40eb","tipo":"contratista_local","nombre":"TRIPMILENARIA, S.L.","direccion":"CADIZ · 1 adjudicación pública · €84k total adjudicado","municipio":"Cadiz","provincia":"Cádiz","cp":null,"telefono":null,"email":null,"web":null,"etapas":null,"fuente":"placsp_adjudicaciones","confianza":"media"}},{"type":"Feature","geometry":{"type":"Point","coordinates":[-6.35311408246364,36.775752046847686]},"properties":{"id":"e72209b4319a9265","tipo":"contratista_local","nombre":"ATLETICO SANLUQUEÑO C.F.","direccion":"SANLUCAR DE BARRAMEDA · 1 adjudicación pública · €83k total adjudicado","municipio":"Sanlucar De Barrameda","provincia":"Cádiz","cp":null,"telefono":null,"email":null,"web":null,"etapas":null,"fuente":"placsp_adjudicaciones","confianza":"media"}},{"type":"Feature","geometry":{"type":"Point","coordinates":[-6.2938646197267385,36.52876943319773]},"properties":{"id":"9646f0c6075579b6","tipo":"contratista_local","nombre":"TEC24 SERVICIOS TECNOLOGICOS, S.L.","direccion":"Cádiz · 1 adjudicación pública · €82k total adjudicado","municipio":"Cádiz","provincia":"Cádiz","cp":null,"telefono":null,"email":null,"web":null,"etapas":null,"fuente":"placsp_adjudicaciones","confianza":"media"}},{"type":"Feature","geometry":{"type":"Point","coordinates":[-6.137103264763097,36.68207369363984]},"properties":{"id":"b6070fa9348b39cd","tipo":"contratista_local","nombre":"FLIGHT TRAINING EUROPE S.L","direccion":"Jerez de la Frontera · 1 adjudicación pública · €79k total adjudicado","municipio":"Jerez de la Frontera","provincia":"Cádiz","cp":null,"telefono":null,"email":null,"web":null,"etapas":null,"fuente":"placsp_adjudicaciones","confianza":"media"}},{"type":"Feature","geometry":{"type":"Point","coordinates":[-5.2607388502257315,36.93354964770407]},"properties":{"id":"7f3e3901272ccc74","tipo":"contratista_local","nombre":"JAIME GARCIA GARCIA","direccion":"OLVERA · 1 adjudicación pública · €74k total adjudicado","municipio":"Olvera","provincia":"Cádiz","cp":null,"telefono":null,"email":null,"web":null,"etapas":null,"fuente":"placsp_adjudicaciones","confianza":"media"}},{"type":"Feature","geometry":{"type":"Point","coordinates":[-6.1454816559482115,36.41923862350681]},"properties":{"id":"00fc9cf066ba09ee","tipo":"contratista_local","nombre":"ORTIZ PROYECTOS INVERSIONES, S.L.","direccion":"CHICLANA DE LA FRONTERA · 1 adjudicación pública · €74k total adjudicado","municipio":"Chiclana De La Frontera","provincia":"Cádiz","cp":null,"telefono":null,"email":null,"web":null,"etapas":null,"fuente":"placsp_adjudicaciones","confianza":"media"}},{"type":"Feature","geometry":{"type":"Point","coordinates":[-6.225128769996404,36.60194908896556]},"properties":{"id":"0959db2883112f4a","tipo":"contratista_local","nombre":"PROERSYS, S. L. P. UNIPERSONAL","direccion":"EL Puerto de Santa María · 1 adjudicación pública · €72k total adjudicado","municipio":"EL Puerto de Santa María","provincia":"Cádiz","cp":null,"telefono":null,"email":null,"web":null,"etapas":null,"fuente":"placsp_adjudicaciones","confianza":"media"}},{"type":"Feature","geometry":{"type":"Point","coordinates":[-6.137273363793128,36.682129936608824]},"properties":{"id":"b0c190c39d6b28a3","tipo":"contratista_local","nombre":"AGRITESEM SL","direccion":"JEREZ DE LA FRONTERA · 1 adjudicación pública · €72k total adjudicado","municipio":"Jerez De La Frontera","provincia":"Cádiz","cp":null,"telefono":null,"email":null,"web":null,"etapas":null,"fuente":"placsp_adjudicaciones","confianza":"media"}},{"type":"Feature","geometry":{"type":"Point","coordinates":[-6.2533727967255555,36.52219871021085]},"properties":{"id":"b7467c1b8f1638b1","tipo":"contratista_local","nombre":"GRUPO HOSTELERO MACÍAS MIRANDA, S.L","direccion":"Puerto Real (Cádiz) · 1 adjudicación pública · €70k total adjudicado","municipio":"Puerto Real (Cádiz)","provincia":"Cádiz","cp":null,"telefono":null,"email":null,"web":null,"etapas":null,"fuente":"placsp_adjudicaciones","confianza":"media"}},{"type":"Feature","geometry":{"type":"Point","coordinates":[-6.292383430299288,36.52996436982389]},"properties":{"id":"d051dde91d2c2f72","tipo":"contratista_local","nombre":"MÉMORO CULTURA Y ENTRETENIMIENTO SLU","direccion":"Cádiz · 1 adjudicación pública · €69k total adjudicado","municipio":"Cádiz","provincia":"Cádiz","cp":null,"telefono":null,"email":null,"web":null,"etapas":null,"fuente":"placsp_adjudicaciones","confianza":"media"}},{"type":"Feature","geometry":{"type":"Point","coordinates":[-6.292617715920984,36.53042786122093]},"properties":{"id":"e1e44afd3973ad96","tipo":"contratista_local","nombre":"ISABEL MARIA MATEOS MUÑOZ","direccion":"CADIZ · 1 adjudicación pública · €69k total adjudicado","municipio":"Cadiz","provincia":"Cádiz","cp":null,"telefono":null,"email":null,"web":null,"etapas":null,"fuente":"placsp_adjudicaciones","confianza":"media"}},{"type":"Feature","geometry":{"type":"Point","coordinates":[-6.190871098262372,36.52826360508458]},"properties":{"id":"6a8db2920b819934","tipo":"contratista_local","nombre":"Nomadar Corp. Sucursal en España","direccion":"Puerto Real · 1 adjudicación pública · €64k total adjudicado","municipio":"Puerto Real","provincia":"Cádiz","cp":null,"telefono":null,"email":null,"web":null,"etapas":null,"fuente":"placsp_adjudicaciones","confianza":"media"}},{"type":"Feature","geometry":{"type":"Point","coordinates":[-6.146374017084664,36.419666344714514]},"properties":{"id":"3ef82c16808417ad","tipo":"contratista_local","nombre":"Juan Manuel Moreno Guirao","direccion":"CHICLANA DE LA FRONTERA · 1 adjudicación pública · €61k total adjudicado","municipio":"Chiclana De La Frontera","provincia":"Cádiz","cp":null,"telefono":null,"email":null,"web":null,"etapas":null,"fuente":"placsp_adjudicaciones","confianza":"media"}},{"type":"Feature","geometry":{"type":"Point","coordinates":[-6.293607967958683,36.529579921261906]},"properties":{"id":"8a8c35a328dbce77","tipo":"contratista_local","nombre":"DIVISION DE SEGURIDAD PRIVADA","direccion":"Cadiz · 1 adjudicación pública · €60k total adjudicado","municipio":"Cadiz","provincia":"Cádiz","cp":null,"telefono":null,"email":null,"web":null,"etapas":null,"fuente":"placsp_adjudicaciones","confianza":"media"}},{"type":"Feature","geometry":{"type":"Point","coordinates":[-5.177338683810009,36.86254223657535]},"properties":{"id":"0664be7da39aa98c","tipo":"contratista_local","nombre":"ANTONIO MANUEL MÁRQUEZ HERRERA","direccion":"SETENIL DE LAS BODEGAS · 1 adjudicación pública · €58k total adjudicado","municipio":"Setenil De Las Bodegas","provincia":"Cádiz","cp":null,"telefono":null,"email":null,"web":null,"etapas":null,"fuente":"placsp_adjudicaciones","confianza":"media"}},{"type":"Feature","geometry":{"type":"Point","coordinates":[-5.9370250868793955,36.64878551411377]},"properties":{"id":"52d366a845f98363","tipo":"contratista_local","nombre":"Vasco Informatica S.L","direccion":"MALAGA · 1 adjudicación pública · €58k total adjudicado","municipio":"Malaga","provincia":"Cádiz","cp":null,"telefono":null,"email":null,"web":null,"etapas":null,"fuente":"placsp_adjudicaciones","confianza":"media"}},{"type":"Feature","geometry":{"type":"Point","coordinates":[-6.1387764826824025,36.43112758545243]},"properties":{"id":"3e838a5bcaa60dc7","tipo":"contratista_local","nombre":"TALLERES RAMISUR S.L.","direccion":"VELEZ MALAGA · 1 adjudicación pública · €51k total adjudicado","municipio":"Velez Malaga","provincia":"Cádiz","cp":null,"telefono":null,"email":null,"web":null,"etapas":null,"fuente":"placsp_adjudicaciones","confianza":"media"}},{"type":"Feature","geometry":{"type":"Point","coordinates":[-5.810185116465298,36.75325594277442]},"properties":{"id":"eb7c6e9201b94148","tipo":"contratista_local","nombre":"CONSTRUCCIONES ZAYSOR SL","direccion":"BAILEN · 1 adjudicación pública · €50k total adjudicado","municipio":"Bailen","provincia":"Cádiz","cp":null,"telefono":null,"email":null,"web":null,"etapas":null,"fuente":"placsp_adjudicaciones","confianza":"media"}},{"type":"Feature","geometry":{"type":"Point","coordinates":[-5.4335657842034415,36.17514643882646]},"properties":{"id":"cd5db431883fbe0d","tipo":"contratista_local","nombre":"MHK CAFETERIA, S.L.","direccion":"PALMONES - LOS BARRIOS - CADIZ · 1 adjudicación pública · €50k total adjudicado","municipio":"Palmones - Los Barrios - Cadiz","provincia":"Cádiz","cp":null,"telefono":null,"email":null,"web":null,"etapas":null,"fuente":"placsp_adjudicaciones","confianza":"media"}},{"type":"Feature","geometry":{"type":"Point","coordinates":[-5.494581141257337,36.18666897169069]},"properties":{"id":"77093d363774075c","tipo":"contratista_local","nombre":"Emergencias 360 S.L.","direccion":"los barrios · 1 adjudicación pública · €49k total adjudicado","municipio":"Los Barrios","provincia":"Cádiz","cp":null,"telefono":null,"email":null,"web":null,"etapas":null,"fuente":"placsp_adjudicaciones","confianza":"media"}},{"type":"Feature","geometry":{"type":"Point","coordinates":[-6.138985125341134,36.68188873201976]},"properties":{"id":"f32c5c01015a5f95","tipo":"contratista_local","nombre":"AGROPECUARIA NUÑEZ MOLINA S.L.","direccion":"Jerez de la Frontera · 1 adjudicación pública · €49k total adjudicado","municipio":"Jerez de la Frontera","provincia":"Cádiz","cp":null,"telefono":null,"email":null,"web":null,"etapas":null,"fuente":"placsp_adjudicaciones","confianza":"media"}},{"type":"Feature","geometry":{"type":"Point","coordinates":[-5.44527268987093,36.13072755731547]},"properties":{"id":"d71d58e15dda1de4","tipo":"contratista_local","nombre":"AL ALBA RESTAURACION SL","direccion":"ALGECIRAS · 1 adjudicación pública · €47k total adjudicado","municipio":"Algeciras","provincia":"Cádiz","cp":null,"telefono":null,"email":null,"web":null,"etapas":null,"fuente":"placsp_adjudicaciones","confianza":"media"}},{"type":"Feature","geometry":{"type":"Point","coordinates":[-6.137277810942791,36.68105337710677]},"properties":{"id":"be65a74e4a08042b","tipo":"contratista_local","nombre":"MULTISERVICIOS AUXILIARES DE CONTROL, S.L","direccion":"Jerez de la Frontera · 1 adjudicación pública · €45k total adjudicado","municipio":"Jerez de la Frontera","provincia":"Cádiz","cp":null,"telefono":null,"email":null,"web":null,"etapas":null,"fuente":"placsp_adjudicaciones","confianza":"media"}},{"type":"Feature","geometry":{"type":"Point","coordinates":[-6.359108193627277,36.62208743944443]},"properties":{"id":"35459ce46f1e6466","tipo":"contratista_local","nombre":"TRANSPORTES INTERNACIONALES FERRIS, SA","direccion":"ROTA · 1 adjudicación pública · €43k total adjudicado","municipio":"Rota","provincia":"Cádiz","cp":null,"telefono":null,"email":null,"web":null,"etapas":null,"fuente":"placsp_adjudicaciones","confianza":"media"}},{"type":"Feature","geometry":{"type":"Point","coordinates":[-5.45109465110602,36.43285769800373]},"properties":{"id":"2ef696685668a054","tipo":"contratista_local","nombre":"VICENTE REYES REYES","direccion":"JIMENA DE LA FRONTERA · 1 adjudicación pública · €42k total adjudicado","municipio":"Jimena De La Frontera","provincia":"Cádiz","cp":null,"telefono":null,"email":null,"web":null,"etapas":null,"fuente":"placsp_adjudicaciones","confianza":"media"}},{"type":"Feature","geometry":{"type":"Point","coordinates":[-5.386142494006544,36.21031896898501]},"properties":{"id":"e17d03fba29ca42e","tipo":"contratista_local","nombre":"LR SERVI CAMPO DE GIBRALTAR S.L","direccion":"San roque · 1 adjudicación pública · €42k total adjudicado","municipio":"San roque","provincia":"Cádiz","cp":null,"telefono":null,"email":null,"web":null,"etapas":null,"fuente":"placsp_adjudicaciones","confianza":"media"}},{"type":"Feature","geometry":{"type":"Point","coordinates":[-5.405294375281333,36.87856599752334]},"properties":{"id":"2b2e651725978683","tipo":"contratista_local","nombre":"ANTONIO EXPOSITO GARCIA","direccion":"ALGODONALES · 1 adjudicación pública · €42k total adjudicado","municipio":"Algodonales","provincia":"Cádiz","cp":null,"telefono":null,"email":null,"web":null,"etapas":null,"fuente":"placsp_adjudicaciones","confianza":"media"}},{"type":"Feature","geometry":{"type":"Point","coordinates":[-6.093880132851652,36.29463567029717]},"properties":{"id":"c4f554dfcc183ea0","tipo":"contratista_local","nombre":"Antonio Vela Oliva","direccion":"Chiclana · 1 adjudicación pública · €42k total adjudicado","municipio":"Chiclana","provincia":"Cádiz","cp":null,"telefono":null,"email":null,"web":null,"etapas":null,"fuente":"placsp_adjudicaciones","confianza":"media"}},{"type":"Feature","geometry":{"type":"Point","coordinates":[-5.386951385099222,36.210858006027934]},"properties":{"id":"03a543303897ed90","tipo":"contratista_local","nombre":"Ayala España, S.A.","direccion":"SAN ROQUE · 1 adjudicación pública · €41k total adjudicado","municipio":"San Roque","provincia":"Cádiz","cp":null,"telefono":null,"email":null,"web":null,"etapas":null,"fuente":"placsp_adjudicaciones","confianza":"media"}},{"type":"Feature","geometry":{"type":"Point","coordinates":[-5.744438823662628,36.814993811865236]},"properties":{"id":"ec63be80b76142c6","tipo":"contratista_local","nombre":"3A PLUS SERVICIOS, OBRAS E INSTALACIONES, SL","direccion":"Bornos · 1 adjudicación pública · €41k total adjudicado","municipio":"Bornos","provincia":"Cádiz","cp":null,"telefono":null,"email":null,"web":null,"etapas":null,"fuente":"placsp_adjudicaciones","confianza":"media"}},{"type":"Feature","geometry":{"type":"Point","coordinates":[-6.146528376240535,36.41856861767052]},"properties":{"id":"0c1e82bc86fb839d","tipo":"contratista_local","nombre":"ANTONIO FRAIDIA MARIN","direccion":"CHICLANA DE LA FRONTERA · 1 adjudicación pública · €41k total adjudicado","municipio":"Chiclana De La Frontera","provincia":"Cádiz","cp":null,"telefono":null,"email":null,"web":null,"etapas":null,"fuente":"placsp_adjudicaciones","confianza":"media"}},{"type":"Feature","geometry":{"type":"Point","coordinates":[-5.449002665955296,36.1315598123799]},"properties":{"id":"6b819ae53966ea42","tipo":"contratista_local","nombre":"Conservación, informacion y estudio sobre cetaceos","direccion":"ALGECIRAS · 1 adjudicación pública · €40k total adjudicado","municipio":"Algeciras","provincia":"Cádiz","cp":null,"telefono":null,"email":null,"web":null,"etapas":null,"fuente":"placsp_adjudicaciones","confianza":"media"}},{"type":"Feature","geometry":{"type":"Point","coordinates":[-5.812744364233951,36.751806255389546]},"properties":{"id":"a425b8f106b61ce8","tipo":"contratista_local","nombre":"MOTOR ARCOS, S.L","direccion":"ARCOS DE LA FRONTERA · 1 adjudicación pública · €39k total adjudicado","municipio":"Arcos De La Frontera","provincia":"Cádiz","cp":null,"telefono":null,"email":null,"web":null,"etapas":null,"fuente":"placsp_adjudicaciones","confianza":"media"}},{"type":"Feature","geometry":{"type":"Point","coordinates":[-5.813006451895487,36.75303330714266]},"properties":{"id":"82934fdc0394c92d","tipo":"contratista_local","nombre":"Vanessa Iglesias Oca","direccion":"Arcos de la Frontera · 1 adjudicación pública · €39k total adjudicado","municipio":"Arcos de la Frontera","provincia":"Cádiz","cp":null,"telefono":null,"email":null,"web":null,"etapas":null,"fuente":"placsp_adjudicaciones","confianza":"media"}},{"type":"Feature","geometry":{"type":"Point","coordinates":[-5.865418172455199,36.521517625646965]},"properties":{"id":"b189d983b6ca302a","tipo":"contratista_local","nombre":"HEREDEROS DE CEBADA GAGO, SL","direccion":"PATERNA · 1 adjudicación pública · €38k total adjudicado","municipio":"Paterna","provincia":"Cádiz","cp":null,"telefono":null,"email":null,"web":null,"etapas":null,"fuente":"placsp_adjudicaciones","confianza":"media"}},{"type":"Feature","geometry":{"type":"Point","coordinates":[-6.294873771582471,36.52915688133651]},"properties":{"id":"93c77bd6157b4f87","tipo":"contratista_local","nombre":"MOVETEL SISTEMAS INTEGRADOS SL","direccion":"Cádiz · 1 adjudicación pública · €38k total adjudicado","municipio":"Cádiz","provincia":"Cádiz","cp":null,"telefono":null,"email":null,"web":null,"etapas":null,"fuente":"placsp_adjudicaciones","confianza":"media"}},{"type":"Feature","geometry":{"type":"Point","coordinates":[-6.353193267085395,36.76734279381795]},"properties":{"id":"82529789e285e00f","tipo":"contratista_local","nombre":"TEKNIK DESARROLLOS MECANICOS S.L.","direccion":"VALLADOLID · 1 adjudicación pública · €38k total adjudicado","municipio":"Valladolid","provincia":"Cádiz","cp":null,"telefono":null,"email":null,"web":null,"etapas":null,"fuente":"placsp_adjudicaciones","confianza":"media"}},{"type":"Feature","geometry":{"type":"Point","coordinates":[-6.226461137439285,36.599071531275804]},"properties":{"id":"50c0c8de04956088","tipo":"contratista_local","nombre":"DLV91 INGENIEROS CONSULTORES","direccion":"EL PUERTO DE SANTA MARÍA · 1 adjudicación pública · €37k total adjudicado","municipio":"El Puerto De Santa María","provincia":"Cádiz","cp":null,"telefono":null,"email":null,"web":null,"etapas":null,"fuente":"placsp_adjudicaciones","confianza":"media"}},{"type":"Feature","geometry":{"type":"Point","coordinates":[-6.163187220514167,36.53807796093835]},"properties":{"id":"9d1046667ceae5c2","tipo":"contratista_local","nombre":"ETEMI SOLUCIONES, S.L.U.","direccion":"CEUTA · 1 adjudicación pública · €36k total adjudicado","municipio":"Ceuta","provincia":"Cádiz","cp":null,"telefono":null,"email":null,"web":null,"etapas":null,"fuente":"placsp_adjudicaciones","confianza":"media"}},{"type":"Feature","geometry":{"type":"Point","coordinates":[-5.260506103073587,36.93628573444296]},"properties":{"id":"0ae6eaf822ab5695","tipo":"contratista_local","nombre":"Transportes y excavaciones Cabeza, S.L.","direccion":"OLVERA · 1 adjudicación pública · €36k total adjudicado","municipio":"Olvera","provincia":"Cádiz","cp":null,"telefono":null,"email":null,"web":null,"etapas":null,"fuente":"placsp_adjudicaciones","confianza":"media"}},{"type":"Feature","geometry":{"type":"Point","coordinates":[-6.29383824536497,36.528577249202485]},"properties":{"id":"80f23d50e3ae8015","tipo":"contratista_local","nombre":"PRODUCCIONES CULTURALES ALCAI S.L.","direccion":"CADIZ · 1 adjudicación pública · €34k total adjudicado","municipio":"Cadiz","provincia":"Cádiz","cp":null,"telefono":null,"email":null,"web":null,"etapas":null,"fuente":"placsp_adjudicaciones","confianza":"media"}},{"type":"Feature","geometry":{"type":"Point","coordinates":[-5.44790828375377,36.131365532178535]},"properties":{"id":"9917343c107d08ad","tipo":"contratista_local","nombre":"MEDICINA PEQUEÑOS ANIMALES DEL SUR S.L.","direccion":"ALGECIRAS · 1 adjudicación pública · €33k total adjudicado","municipio":"Algeciras","provincia":"Cádiz","cp":null,"telefono":null,"email":null,"web":null,"etapas":null,"fuente":"placsp_adjudicaciones","confianza":"media"}},{"type":"Feature","geometry":{"type":"Point","coordinates":[-6.138656174132536,36.68110346648547]},"properties":{"id":"d2290553c299b42b","tipo":"contratista_local","nombre":"La Flamenca Jerez, S.L.","direccion":"JEREZ DE LA FRONTERA · 1 adjudicación pública · €33k total adjudicado","municipio":"Jerez De La Frontera","provincia":"Cádiz","cp":null,"telefono":null,"email":null,"web":null,"etapas":null,"fuente":"placsp_adjudicaciones","confianza":"media"}},{"type":"Feature","geometry":{"type":"Point","coordinates":[-6.190268713892122,36.52926165903497]},"properties":{"id":"3b1124b9a20fa738","tipo":"contratista_local","nombre":"ALMACEN DE MATERIALES CARONA SLU","direccion":"PUERTO REAL · 1 adjudicación pública · €33k total adjudicado","municipio":"Puerto Real","provincia":"Cádiz","cp":null,"telefono":null,"email":null,"web":null,"etapas":null,"fuente":"placsp_adjudicaciones","confianza":"media"}},{"type":"Feature","geometry":{"type":"Point","coordinates":[-5.447841136960544,36.13216994488871]},"properties":{"id":"d697562b29775c03","tipo":"contratista_local","nombre":"c.d.udea baloncesto","direccion":"Algeciras · 1 adjudicación pública · €32k total adjudicado","municipio":"Algeciras","provincia":"Cádiz","cp":null,"telefono":null,"email":null,"web":null,"etapas":null,"fuente":"placsp_adjudicaciones","confianza":"media"}},{"type":"Feature","geometry":{"type":"Point","coordinates":[-6.135940294637838,36.68237594630552]},"properties":{"id":"c88952726de313e4","tipo":"contratista_local","nombre":"THE ZERO STAGE GLOBAL, S.L.","direccion":"Jerez de la Frontera · 1 adjudicación pública · €30k total adjudicado","municipio":"Jerez de la Frontera","provincia":"Cádiz","cp":null,"telefono":null,"email":null,"web":null,"etapas":null,"fuente":"placsp_adjudicaciones","confianza":"media"}},{"type":"Feature","geometry":{"type":"Point","coordinates":[-6.136048192409112,36.68165133227257]},"properties":{"id":"01d9178b7451bab8","tipo":"contratista_local","nombre":"Asociación de Artes Escénicas y Audiovisuales de Jerez","direccion":"JEREZ DE LA FRONTERA · 1 adjudicación pública · €30k total adjudicado","municipio":"Jerez De La Frontera","provincia":"Cádiz","cp":null,"telefono":null,"email":null,"web":null,"etapas":null,"fuente":"placsp_adjudicaciones","confianza":"media"}},{"type":"Feature","geometry":{"type":"Point","coordinates":[-6.1366747897674,36.68116606257218]},"properties":{"id":"10c471683c56d653","tipo":"contratista_local","nombre":"MARIA MERCEDES GARRIDO RUIZ","direccion":"Jerez de la Frontera · 1 adjudicación pública · €30k total adjudicado","municipio":"Jerez de la Frontera","provincia":"Cádiz","cp":null,"telefono":null,"email":null,"web":null,"etapas":null,"fuente":"placsp_adjudicaciones","confianza":"media"}},{"type":"Feature","geometry":{"type":"Point","coordinates":[-6.137771922728702,36.682737268262]},"properties":{"id":"c2aa5ff344c0d65c","tipo":"contratista_local","nombre":"Dimoclin, s.l.","direccion":"Jerez de la Frontera · 1 adjudicación pública · €30k total adjudicado","municipio":"Jerez de la Frontera","provincia":"Cádiz","cp":null,"telefono":null,"email":null,"web":null,"etapas":null,"fuente":"placsp_adjudicaciones","confianza":"media"}},{"type":"Feature","geometry":{"type":"Point","coordinates":[-6.291976364473525,36.528767248572436]},"properties":{"id":"dc028dbf90fb171b","tipo":"contratista_local","nombre":"Miguel De los Dolores Lupion","direccion":"Cádiz · 1 adjudicación pública · €29k total adjudicado","municipio":"Cádiz","provincia":"Cádiz","cp":null,"telefono":null,"email":null,"web":null,"etapas":null,"fuente":"placsp_adjudicaciones","confianza":"media"}},{"type":"Feature","geometry":{"type":"Point","coordinates":[-5.449071569179938,36.13157645470872]},"properties":{"id":"4ec8e678e41d2540","tipo":"contratista_local","nombre":"Blas Infante, 7 Isla Mayor, 41140 Sevilla","direccion":"Algeciras · 1 adjudicación pública · €29k total adjudicado","municipio":"Algeciras","provincia":"Cádiz","cp":null,"telefono":null,"email":null,"web":null,"etapas":null,"fuente":"placsp_adjudicaciones","confianza":"media"}},{"type":"Feature","geometry":{"type":"Point","coordinates":[-6.352459966254435,36.77615457667818]},"properties":{"id":"197c061de3fa58d6","tipo":"contratista_local","nombre":"EVENTOS MARFA, S.L.","direccion":"SANLUCAR DE BARRAMEDA · 1 adjudicación pública · €27k total adjudicado","municipio":"Sanlucar De Barrameda","provincia":"Cádiz","cp":null,"telefono":null,"email":null,"web":null,"etapas":null,"fuente":"placsp_adjudicaciones","confianza":"media"}},{"type":"Feature","geometry":{"type":"Point","coordinates":[-6.1382763800473334,36.681811524710525]},"properties":{"id":"054fa85fc913c784","tipo":"contratista_local","nombre":"COMBUSTIBLES CAÑADA ANCHA,S.L.","direccion":"Jerez de la frontera · 1 adjudicación pública · €26k total adjudicado","municipio":"Jerez de la frontera","provincia":"Cádiz","cp":null,"telefono":null,"email":null,"web":null,"etapas":null,"fuente":"placsp_adjudicaciones","confianza":"media"}},{"type":"Feature","geometry":{"type":"Point","coordinates":[-5.2613075375592135,36.93462100193363]},"properties":{"id":"7ec4a6e729fff41c","tipo":"contratista_local","nombre":"Raíces Fest, S.L.","direccion":"Olvera · 1 adjudicación pública · €25k total adjudicado","municipio":"Olvera","provincia":"Cádiz","cp":null,"telefono":null,"email":null,"web":null,"etapas":null,"fuente":"placsp_adjudicaciones","confianza":"media"}},{"type":"Feature","geometry":{"type":"Point","coordinates":[-6.139658520188618,36.68242083750983]},"properties":{"id":"a5ca334b929a5ea8","tipo":"contratista_local","nombre":"MARLA GLOBAL EVENTS S.L.U","direccion":"Jerez de la Frontera · 1 adjudicación pública · €25k total adjudicado","municipio":"Jerez de la Frontera","provincia":"Cádiz","cp":null,"telefono":null,"email":null,"web":null,"etapas":null,"fuente":"placsp_adjudicaciones","confianza":"media"}},{"type":"Feature","geometry":{"type":"Point","coordinates":[-6.293934622106872,36.52957048282838]},"properties":{"id":"43f4e4abdd242662","tipo":"contratista_local","nombre":"CAETANO MOTORS SL","direccion":"CADIZ · 1 adjudicación pública · €25k total adjudicado","municipio":"Cadiz","provincia":"Cádiz","cp":null,"telefono":null,"email":null,"web":null,"etapas":null,"fuente":"placsp_adjudicaciones","confianza":"media"}},{"type":"Feature","geometry":{"type":"Point","coordinates":[-6.292489930018005,36.52818871637403]},"properties":{"id":"5b50de38a7e1f009","tipo":"contratista_local","nombre":"TECNOLASER DEL SUR SL","direccion":"Cádiz · 1 adjudicación pública · €24k total adjudicado","municipio":"Cádiz","provincia":"Cádiz","cp":null,"telefono":null,"email":null,"web":null,"etapas":null,"fuente":"placsp_adjudicaciones","confianza":"media"}},{"type":"Feature","geometry":{"type":"Point","coordinates":[-5.812655574370254,36.75238887294637]},"properties":{"id":"65c772ed0dc659c7","tipo":"contratista_local","nombre":"DAVID BLÁZQUEZ OÑATE","direccion":"ARCOS DE LA FRONTERA · 1 adjudicación pública · €24k total adjudicado","municipio":"Arcos De La Frontera","provincia":"Cádiz","cp":null,"telefono":null,"email":null,"web":null,"etapas":null,"fuente":"placsp_adjudicaciones","confianza":"media"}},{"type":"Feature","geometry":{"type":"Point","coordinates":[-6.198160879915837,36.46534442346479]},"properties":{"id":"982d6d977cc033b3","tipo":"contratista_local","nombre":"RÓTULOS BAHÍA, S.L.","direccion":"SAN FERNANDO · 1 adjudicación pública · €23k total adjudicado","municipio":"San Fernando","provincia":"Cádiz","cp":null,"telefono":null,"email":null,"web":null,"etapas":null,"fuente":"placsp_adjudicaciones","confianza":"media"}},{"type":"Feature","geometry":{"type":"Point","coordinates":[-6.1396622635821245,36.68120837864338]},"properties":{"id":"c610085ef6868018","tipo":"contratista_local","nombre":"Juan Antonio Portela Muñoz","direccion":"Jerez de la Frontera · 1 adjudicación pública · €23k total adjudicado","municipio":"Jerez de la Frontera","provincia":"Cádiz","cp":null,"telefono":null,"email":null,"web":null,"etapas":null,"fuente":"placsp_adjudicaciones","confianza":"media"}},{"type":"Feature","geometry":{"type":"Point","coordinates":[-5.4529444064474415,36.43317736297548]},"properties":{"id":"62ea506a3438ef36","tipo":"contratista_local","nombre":"Francisco Jesús Gallego Rubiales","direccion":"Jimena de la Frontera · 1 adjudicación pública · €23k total adjudicado","municipio":"Jimena de la Frontera","provincia":"Cádiz","cp":null,"telefono":null,"email":null,"web":null,"etapas":null,"fuente":"placsp_adjudicaciones","confianza":"media"}},{"type":"Feature","geometry":{"type":"Point","coordinates":[-6.1275000549300005,36.689214239229216]},"properties":{"id":"c860b33bfe9d77a8","tipo":"contratista_local","nombre":"ATLANTIC LOGISTIC & SHIPPING S.L.","direccion":"ESPAÑA · 1 adjudicación pública · €23k total adjudicado","municipio":"España","provincia":"Cádiz","cp":null,"telefono":null,"email":null,"web":null,"etapas":null,"fuente":"placsp_adjudicaciones","confianza":"media"}},{"type":"Feature","geometry":{"type":"Point","coordinates":[-6.138381467828978,36.6819686927017]},"properties":{"id":"bd56c0dc95832cb2","tipo":"contratista_local","nombre":"EL PEQUEÑO COMEDIANTE S.L.U","direccion":"JEREZ DE LA FRONTERA · 1 adjudicación pública · €22k total adjudicado","municipio":"Jerez De La Frontera","provincia":"Cádiz","cp":null,"telefono":null,"email":null,"web":null,"etapas":null,"fuente":"placsp_adjudicaciones","confianza":"media"}},{"type":"Feature","geometry":{"type":"Point","coordinates":[-5.445474859070059,36.13190198207004]},"properties":{"id":"f3696a912e72a594","tipo":"contratista_local","nombre":"GERIAYUDA ASISTENCIA, S.L.","direccion":"Algeciras · 1 adjudicación pública · €21k total adjudicado","municipio":"Algeciras","provincia":"Cádiz","cp":null,"telefono":null,"email":null,"web":null,"etapas":null,"fuente":"placsp_adjudicaciones","confianza":"media"}},{"type":"Feature","geometry":{"type":"Point","coordinates":[-6.137158241163173,36.680840279783574]},"properties":{"id":"bbfab6d32f313d75","tipo":"contratista_local","nombre":"SERVICIOS Y CONSTRUCCIONES VINICOLAS, SA","direccion":"JEREZ DE LA FRONTERA · 1 adjudicación pública · €21k total adjudicado","municipio":"Jerez De La Frontera","provincia":"Cádiz","cp":null,"telefono":null,"email":null,"web":null,"etapas":null,"fuente":"placsp_adjudicaciones","confianza":"media"}},{"type":"Feature","geometry":{"type":"Point","coordinates":[-6.358625239165299,36.621705861331456]},"properties":{"id":"413b5f91fb64fbff","tipo":"contratista_local","nombre":"ALMACEN DE MADERAS Y CARPINTERIA HNOS GONZALEZ S.L.","direccion":"ROTA · 1 adjudicación pública · €21k total adjudicado","municipio":"Rota","provincia":"Cádiz","cp":null,"telefono":null,"email":null,"web":null,"etapas":null,"fuente":"placsp_adjudicaciones","confianza":"media"}},{"type":"Feature","geometry":{"type":"Point","coordinates":[-5.321652840796345,36.341166521989635]},"properties":{"id":"9b06ed41c83d8cd1","tipo":"contratista_local","nombre":"EDUVIGIS COLLADO RODRIGUEZ","direccion":"SAN MARTIN DEL TESORILLO · 1 adjudicación pública · €21k total adjudicado","municipio":"San Martin Del Tesorillo","provincia":"Cádiz","cp":null,"telefono":null,"email":null,"web":null,"etapas":null,"fuente":"placsp_adjudicaciones","confianza":"media"}},{"type":"Feature","geometry":{"type":"Point","coordinates":[-6.2921016302658055,36.5286417020195]},"properties":{"id":"2ad0896a9422be56","tipo":"contratista_local","nombre":"ASOCIACIÓN CULTURAL LA TÍA NORICA","direccion":"CADIZ · 1 adjudicación pública · €21k total adjudicado","municipio":"Cadiz","provincia":"Cádiz","cp":null,"telefono":null,"email":null,"web":null,"etapas":null,"fuente":"placsp_adjudicaciones","confianza":"media"}},{"type":"Feature","geometry":{"type":"Point","coordinates":[-6.1977523896206685,36.46346238803914]},"properties":{"id":"dff34664d102ee5c","tipo":"contratista_local","nombre":"francisco javier cuadrado delabat","direccion":"san  fernando · 1 adjudicación pública · €20k total adjudicado","municipio":"San  Fernando","provincia":"Cádiz","cp":null,"telefono":null,"email":null,"web":null,"etapas":null,"fuente":"placsp_adjudicaciones","confianza":"media"}},{"type":"Feature","geometry":{"type":"Point","coordinates":[-6.338255903073588,36.779429834442965]},"properties":{"id":"8ddf278daa9d5ee6","tipo":"contratista_local","nombre":"SANTA CLARA ALIMENTACION SL","direccion":"ALCALA DE GUADAIRA · 1 adjudicación pública · €20k total adjudicado","municipio":"Alcala De Guadaira","provincia":"Cádiz","cp":null,"telefono":null,"email":null,"web":null,"etapas":null,"fuente":"placsp_adjudicaciones","confianza":"media"}},{"type":"Feature","geometry":{"type":"Point","coordinates":[-6.189013539314647,36.52970362647477]},"properties":{"id":"cf29b22a14feb1a4","tipo":"contratista_local","nombre":"Jesús Franco Diaz","direccion":"Puerto Real · 1 adjudicación pública · €20k total adjudicado","municipio":"Puerto Real","provincia":"Cádiz","cp":null,"telefono":null,"email":null,"web":null,"etapas":null,"fuente":"placsp_adjudicaciones","confianza":"media"}},{"type":"Feature","geometry":{"type":"Point","coordinates":[-6.351627450515233,36.776241202874395]},"properties":{"id":"a322e4e23f441940","tipo":"contratista_local","nombre":"Miguel Angel Serrano Perez","direccion":"sanlúcar de barrameda · 1 adjudicación pública · €20k total adjudicado","municipio":"Sanlúcar De Barrameda","provincia":"Cádiz","cp":null,"telefono":null,"email":null,"web":null,"etapas":null,"fuente":"placsp_adjudicaciones","confianza":"media"}},{"type":"Feature","geometry":{"type":"Point","coordinates":[-6.197072240440915,36.46350295916665]},"properties":{"id":"1f45e27bd5fc18e8","tipo":"contratista_local","nombre":"Centro Veterinario Toffe","direccion":"SAN FERNANDO · 1 adjudicación pública · €20k total adjudicado","municipio":"San Fernando","provincia":"Cádiz","cp":null,"telefono":null,"email":null,"web":null,"etapas":null,"fuente":"placsp_adjudicaciones","confianza":"media"}},{"type":"Feature","geometry":{"type":"Point","coordinates":[-6.145355132212441,36.41756059219066]},"properties":{"id":"5953099fcd040591","tipo":"contratista_local","nombre":"VEXEL ESTUDIO PUBLICITARIO S.L.","direccion":"CHICLANA DE LA FRONTERA · 1 adjudicación pública · €20k total adjudicado","municipio":"Chiclana De La Frontera","provincia":"Cádiz","cp":null,"telefono":null,"email":null,"web":null,"etapas":null,"fuente":"placsp_adjudicaciones","confianza":"media"}},{"type":"Feature","geometry":{"type":"Point","coordinates":[-6.138562970912623,36.68280128251722]},"properties":{"id":"c261fdb79277228e","tipo":"contratista_local","nombre":"ANA MARIA BARRIGA OLIVA","direccion":"JEREZ DE LA FRONTERA · 1 adjudicación pública · €20k total adjudicado","municipio":"Jerez De La Frontera","provincia":"Cádiz","cp":null,"telefono":null,"email":null,"web":null,"etapas":null,"fuente":"placsp_adjudicaciones","confianza":"media"}},{"type":"Feature","geometry":{"type":"Point","coordinates":[-6.188945883802065,36.52970918028539]},"properties":{"id":"b0642a6b30b68342","tipo":"contratista_local","nombre":"FERNANDO SANCHEZ","direccion":"PUERTO REAL · 1 adjudicación pública · €19k total adjudicado","municipio":"Puerto Real","provincia":"Cádiz","cp":null,"telefono":null,"email":null,"web":null,"etapas":null,"fuente":"placsp_adjudicaciones","confianza":"media"}},{"type":"Feature","geometry":{"type":"Point","coordinates":[-6.140829302648775,36.68217041846876]},"properties":{"id":"aaba0da52a07b324","tipo":"contratista_local","nombre":"Ana Domínguez Navarro","direccion":"Cazorla · 1 adjudicación pública · €19k total adjudicado","municipio":"Cazorla","provincia":"Cádiz","cp":null,"telefono":null,"email":null,"web":null,"etapas":null,"fuente":"placsp_adjudicaciones","confianza":"media"}},{"type":"Feature","geometry":{"type":"Point","coordinates":[-6.13741863943039,36.68344429738843]},"properties":{"id":"13b0dfcc9a197905","tipo":"contratista_local","nombre":"ISMAEL JORDI OLIVA","direccion":"Jerez de la Frontera · 1 adjudicación pública · €18k total adjudicado","municipio":"Jerez de la Frontera","provincia":"Cádiz","cp":null,"telefono":null,"email":null,"web":null,"etapas":null,"fuente":"placsp_adjudicaciones","confianza":"media"}},{"type":"Feature","geometry":{"type":"Point","coordinates":[-6.191046885901371,36.52963718092591]},"properties":{"id":"bfcbf5121658097d","tipo":"contratista_local","nombre":"Jesús Belizón Laluz","direccion":"PUERTO REAL · 1 adjudicación pública · €18k total adjudicado","municipio":"Puerto Real","provincia":"Cádiz","cp":null,"telefono":null,"email":null,"web":null,"etapas":null,"fuente":"placsp_adjudicaciones","confianza":"media"}},{"type":"Feature","geometry":{"type":"Point","coordinates":[-6.358521217300908,36.622971662042616]},"properties":{"id":"3f5e74408e98c35d","tipo":"contratista_local","nombre":"Grupo Español de Soluciones Digitales Integrales de Telecomunicaciones SL","direccion":"ROTA · 1 adjudicación pública · €17k total adjudicado","municipio":"Rota","provincia":"Cádiz","cp":null,"telefono":null,"email":null,"web":null,"etapas":null,"fuente":"placsp_adjudicaciones","confianza":"media"}},{"type":"Feature","geometry":{"type":"Point","coordinates":[-6.292269006597505,36.52837848862959]},"properties":{"id":"95ac276f0c2abf83","tipo":"contratista_local","nombre":"ALFONSO JIMENEZ ABOGADOS, S.L.P.","direccion":"CÁDIZ · 1 adjudicación pública · €17k total adjudicado","municipio":"Cádiz","provincia":"Cádiz","cp":null,"telefono":null,"email":null,"web":null,"etapas":null,"fuente":"placsp_adjudicaciones","confianza":"media"}},{"type":"Feature","geometry":{"type":"Point","coordinates":[-6.224625261236838,36.60117930998121]},"properties":{"id":"054639f181c11e10","tipo":"contratista_local","nombre":"Susana Bohórquez Márquez","direccion":"El Puerto de Santa María · 1 adjudicación pública · €17k total adjudicado","municipio":"El Puerto de Santa María","provincia":"Cádiz","cp":null,"telefono":null,"email":null,"web":null,"etapas":null,"fuente":"placsp_adjudicaciones","confianza":"media"}},{"type":"Feature","geometry":{"type":"Point","coordinates":[-5.347028896657128,36.16851239204267]},"properties":{"id":"99e1f0c53db4b26d","tipo":"contratista_local","nombre":"LIMPIEZAS CARMALI S.L.","direccion":"LA LINEA DE LA CONCEPCION · 1 adjudicación pública · €17k total adjudicado","municipio":"La Linea De La Concepcion","provincia":"Cádiz","cp":null,"telefono":null,"email":null,"web":null,"etapas":null,"fuente":"placsp_adjudicaciones","confianza":"media"}},{"type":"Feature","geometry":{"type":"Point","coordinates":[-6.139122641164685,36.68176966834287]},"properties":{"id":"144aa99d7ebad2d7","tipo":"contratista_local","nombre":"Emursa Servicios Industriales, S.L.","direccion":"Jerez de la Frontera · 1 adjudicación pública · €17k total adjudicado","municipio":"Jerez de la Frontera","provincia":"Cádiz","cp":null,"telefono":null,"email":null,"web":null,"etapas":null,"fuente":"placsp_adjudicaciones","confianza":"media"}},{"type":"Feature","geometry":{"type":"Point","coordinates":[-6.19669123564837,36.463599025370335]},"properties":{"id":"813aa87267decbf7","tipo":"contratista_local","nombre":"Isabel Conforto Aranda","direccion":"San Fernando · 1 adjudicación pública · €17k total adjudicado","municipio":"San Fernando","provincia":"Cádiz","cp":null,"telefono":null,"email":null,"web":null,"etapas":null,"fuente":"placsp_adjudicaciones","confianza":"media"}},{"type":"Feature","geometry":{"type":"Point","coordinates":[-6.294858615639216,36.52961619920716]},"properties":{"id":"6e17577b21bb6da6","tipo":"contratista_local","nombre":"REINA DEL PAYPAY PRODUCCIONES S.L","direccion":"Cádiz · 1 adjudicación pública · €16k total adjudicado","municipio":"Cádiz","provincia":"Cádiz","cp":null,"telefono":null,"email":null,"web":null,"etapas":null,"fuente":"placsp_adjudicaciones","confianza":"media"}},{"type":"Feature","geometry":{"type":"Point","coordinates":[-5.919916401444785,36.19355051949613]},"properties":{"id":"46cd04163cd88914","tipo":"contratista_local","nombre":"Daniel Cabeza Sánchez","direccion":"Barbate · 1 adjudicación pública · €16k total adjudicado","municipio":"Barbate","provincia":"Cádiz","cp":null,"telefono":null,"email":null,"web":null,"etapas":null,"fuente":"placsp_adjudicaciones","confianza":"media"}},{"type":"Feature","geometry":{"type":"Point","coordinates":[-5.812790685823364,36.7509230207778]},"properties":{"id":"4e22f9ddfdc1a4ee","tipo":"contratista_local","nombre":"ZALUSTER S.L.R.","direccion":"ARCOS DE LA FRONTERA (CADIZ) · 1 adjudicación pública · €16k total adjudicado","municipio":"Arcos De La Frontera (Cadiz)","provincia":"Cádiz","cp":null,"telefono":null,"email":null,"web":null,"etapas":null,"fuente":"placsp_adjudicaciones","confianza":"media"}},{"type":"Feature","geometry":{"type":"Point","coordinates":[-5.918826217231268,36.19153676212784]},"properties":{"id":"bb65244626eb9d7c","tipo":"contratista_local","nombre":"LIGHT ENVIRONMENT CONTROL S.L.","direccion":"BARBATE · 1 adjudicación pública · €16k total adjudicado","municipio":"Barbate","provincia":"Cádiz","cp":null,"telefono":null,"email":null,"web":null,"etapas":null,"fuente":"placsp_adjudicaciones","confianza":"media"}},{"type":"Feature","geometry":{"type":"Point","coordinates":[-6.1384763685002595,36.68204809224328]},"properties":{"id":"042faf541df874c0","tipo":"contratista_local","nombre":"ASOCIACION ANDALUZA DE ESCUELAS TAURINAS \"PEDRO ROMERO\"","direccion":"JEREZ DE LA FRONTERA · 1 adjudicación pública · €15k total adjudicado","municipio":"Jerez De La Frontera","provincia":"Cádiz","cp":null,"telefono":null,"email":null,"web":null,"etapas":null,"fuente":"placsp_adjudicaciones","confianza":"media"}},{"type":"Feature","geometry":{"type":"Point","coordinates":[-6.135852625164366,36.68231927168846]},"properties":{"id":"acbb3d6c0a8a6e5d","tipo":"contratista_local","nombre":"Reformas Honestas SL","direccion":"JEREZ DE LA FRONTERA · 1 adjudicación pública · €15k total adjudicado","municipio":"Jerez De La Frontera","provincia":"Cádiz","cp":null,"telefono":null,"email":null,"web":null,"etapas":null,"fuente":"placsp_adjudicaciones","confianza":"media"}},{"type":"Feature","geometry":{"type":"Point","coordinates":[-6.197476204961533,36.46606704405215]},"properties":{"id":"83636ec9bd96481d","tipo":"contratista_local","nombre":"ALVAMA ICE, S.L.U","direccion":"San Fernando · 1 adjudicación pública · €13k total adjudicado","municipio":"San Fernando","provincia":"Cádiz","cp":null,"telefono":null,"email":null,"web":null,"etapas":null,"fuente":"placsp_adjudicaciones","confianza":"media"}},{"type":"Feature","geometry":{"type":"Point","coordinates":[-6.146729905105569,36.41858943632018]},"properties":{"id":"57f6f1b5644a76b2","tipo":"contratista_local","nombre":"D´MAR EVENTOS 2023, S.L.","direccion":"CHICLANA DE LA FRONTERA · 1 adjudicación pública · €13k total adjudicado","municipio":"Chiclana De La Frontera","provincia":"Cádiz","cp":null,"telefono":null,"email":null,"web":null,"etapas":null,"fuente":"placsp_adjudicaciones","confianza":"media"}},{"type":"Feature","geometry":{"type":"Point","coordinates":[-6.292327757932495,36.528406417476845]},"properties":{"id":"5f0f0a40157046cb","tipo":"contratista_local","nombre":"Aserlogic, S.L.","direccion":"Cádiz · 1 adjudicación pública · €13k total adjudicado","municipio":"Cádiz","provincia":"Cádiz","cp":null,"telefono":null,"email":null,"web":null,"etapas":null,"fuente":"placsp_adjudicaciones","confianza":"media"}},{"type":"Feature","geometry":{"type":"Point","coordinates":[-6.145245495320548,36.419806144430105]},"properties":{"id":"2774950365ef9a9f","tipo":"contratista_local","nombre":"MT MANTENIMIENTOS TECNICOS BAHIA DE CADIZ S.L.","direccion":"CHICLANA DE LA FRONTERA · 1 adjudicación pública · €12k total adjudicado","municipio":"Chiclana De La Frontera","provincia":"Cádiz","cp":null,"telefono":null,"email":null,"web":null,"etapas":null,"fuente":"placsp_adjudicaciones","confianza":"media"}},{"type":"Feature","geometry":{"type":"Point","coordinates":[-6.191624401626616,36.528450231001514]},"properties":{"id":"65827effe0550eba","tipo":"contratista_local","nombre":"Método Ambiental Consultores, S.L.","direccion":"Puerto Real · 1 adjudicación pública · €12k total adjudicado","municipio":"Puerto Real","provincia":"Cádiz","cp":null,"telefono":null,"email":null,"web":null,"etapas":null,"fuente":"placsp_adjudicaciones","confianza":"media"}},{"type":"Feature","geometry":{"type":"Point","coordinates":[-6.1279838,36.68865262013778]},"properties":{"id":"bdea176a6ca4f62c","tipo":"contratista_local","nombre":"Gestion Integral De Oficina, S.L.","direccion":"España · 1 adjudicación pública · €12k total adjudicado","municipio":"España","provincia":"Cádiz","cp":null,"telefono":null,"email":null,"web":null,"etapas":null,"fuente":"placsp_adjudicaciones","confianza":"media"}},{"type":"Feature","geometry":{"type":"Point","coordinates":[-6.139440434960856,36.680541658750776]},"properties":{"id":"d0bad1eaee84af92","tipo":"contratista_local","nombre":"Alvaro Rivero López de Carrizosa","direccion":"Jerez de la Frontera · 1 adjudicación pública · €12k total adjudicado","municipio":"Jerez de la Frontera","provincia":"Cádiz","cp":null,"telefono":null,"email":null,"web":null,"etapas":null,"fuente":"placsp_adjudicaciones","confianza":"media"}},{"type":"Feature","geometry":{"type":"Point","coordinates":[-6.29560350668889,36.531072648178494]},"properties":{"id":"fe05b5e6c1be1b73","tipo":"contratista_local","nombre":"PSICAS AYF S.L.","direccion":"Andalucía · 1 adjudicación pública · €12k total adjudicado","municipio":"Andalucía","provincia":"Cádiz","cp":null,"telefono":null,"email":null,"web":null,"etapas":null,"fuente":"placsp_adjudicaciones","confianza":"media"}},{"type":"Feature","geometry":{"type":"Point","coordinates":[-6.293359263876264,36.52856714135612]},"properties":{"id":"c088d4fbc0afd3d1","tipo":"contratista_local","nombre":"Narrable SL,","direccion":"Cádiz · 1 adjudicación pública · €11k total adjudicado","municipio":"Cádiz","provincia":"Cádiz","cp":null,"telefono":null,"email":null,"web":null,"etapas":null,"fuente":"placsp_adjudicaciones","confianza":"media"}},{"type":"Feature","geometry":{"type":"Point","coordinates":[-6.136846578837087,36.68304289795522]},"properties":{"id":"20237ac63e826f02","tipo":"contratista_local","nombre":"Manuel Alejandro Romero Castro","direccion":"Jerez de la frontera · 1 adjudicación pública · €11k total adjudicado","municipio":"Jerez de la frontera","provincia":"Cádiz","cp":null,"telefono":null,"email":null,"web":null,"etapas":null,"fuente":"placsp_adjudicaciones","confianza":"media"}},{"type":"Feature","geometry":{"type":"Point","coordinates":[-6.225604983537403,36.601479865270626]},"properties":{"id":"3df8e85f805e92f2","tipo":"contratista_local","nombre":"Susana Acedo Avila","direccion":"El Puerto de Santa Maria · 1 adjudicación pública · €10k total adjudicado","municipio":"El Puerto de Santa Maria","provincia":"Cádiz","cp":null,"telefono":null,"email":null,"web":null,"etapas":null,"fuente":"placsp_adjudicaciones","confianza":"media"}},{"type":"Feature","geometry":{"type":"Point","coordinates":[-6.399002525589013,36.66596541462567]},"properties":{"id":"4b182ec4c3545eb5","tipo":"contratista_local","nombre":"INFINITAS MILLAS S.L.","direccion":"AGUADULCE · 1 adjudicación pública · €10k total adjudicado","municipio":"Aguadulce","provincia":"Cádiz","cp":null,"telefono":null,"email":null,"web":null,"etapas":null,"fuente":"placsp_adjudicaciones","confianza":"media"}},{"type":"Feature","geometry":{"type":"Point","coordinates":[-6.357248941722234,36.762921503039465]},"properties":{"id":"909afcbae8f0a411","tipo":"contratista_local","nombre":"SEIQUER AUDITORES Y CONSULTORES, S.L.P.","direccion":"MURCIA · 1 adjudicación pública · €10k total adjudicado","municipio":"Murcia","provincia":"Cádiz","cp":null,"telefono":null,"email":null,"web":null,"etapas":null,"fuente":"placsp_adjudicaciones","confianza":"media"}},{"type":"Feature","geometry":{"type":"Point","coordinates":[-5.172544459178177,36.905466691582035]},"properties":{"id":"6d55604e412bdc5b","tipo":"contratista_local","nombre":"GRUPO MODESTO Y ANTONIO SL","direccion":"ALCALA DEL VALLE · 1 adjudicación pública · €10k total adjudicado","municipio":"Alcala Del Valle","provincia":"Cádiz","cp":null,"telefono":null,"email":null,"web":null,"etapas":null,"fuente":"placsp_adjudicaciones","confianza":"media"}},{"type":"Feature","geometry":{"type":"Point","coordinates":[-6.29218273346936,36.53070621267889]},"properties":{"id":"fc7801ec6578724d","tipo":"contratista_local","nombre":"Eticonsa Informatica S.L.","direccion":"Cádiz · 1 adjudicación pública · €8k total adjudicado","municipio":"Cádiz","provincia":"Cádiz","cp":null,"telefono":null,"email":null,"web":null,"etapas":null,"fuente":"placsp_adjudicaciones","confianza":"media"}},{"type":"Feature","geometry":{"type":"Point","coordinates":[-5.447253732751241,36.13011385831205]},"properties":{"id":"5c10deb4214029e3","tipo":"contratista_local","nombre":"Celia Torres Romero","direccion":"Algeciras · 1 adjudicación pública · €8k total adjudicado","municipio":"Algeciras","provincia":"Cádiz","cp":null,"telefono":null,"email":null,"web":null,"etapas":null,"fuente":"placsp_adjudicaciones","confianza":"media"}},{"type":"Feature","geometry":{"type":"Point","coordinates":[-6.139622768302191,36.68260012596564]},"properties":{"id":"4c23cae0bdbdc41e","tipo":"contratista_local","nombre":"NOVELEC GADIR, S.L.","direccion":"JEREZ DE LA FRONTERA · 1 adjudicación pública · €7k total adjudicado","municipio":"Jerez De La Frontera","provincia":"Cádiz","cp":null,"telefono":null,"email":null,"web":null,"etapas":null,"fuente":"placsp_adjudicaciones","confianza":"media"}},{"type":"Feature","geometry":{"type":"Point","coordinates":[-5.55782343315188,36.78775091218028]},"properties":{"id":"2f8cade8b6c3d211","tipo":"contratista_local","nombre":"FERNANDO MANUEL ARIAS GARCIA","direccion":"PRADO DEL REY · 1 adjudicación pública · €7k total adjudicado","municipio":"Prado Del Rey","provincia":"Cádiz","cp":null,"telefono":null,"email":null,"web":null,"etapas":null,"fuente":"placsp_adjudicaciones","confianza":"media"}},{"type":"Feature","geometry":{"type":"Point","coordinates":[-6.198797913841073,36.46429659165272]},"properties":{"id":"254d6d1d9ae565d8","tipo":"contratista_local","nombre":"LA NAVE DE LOS LOCOS, S.L","direccion":"SAN FERNANDO · 1 adjudicación pública · €5k total adjudicado","municipio":"San Fernando","provincia":"Cádiz","cp":null,"telefono":null,"email":null,"web":null,"etapas":null,"fuente":"placsp_adjudicaciones","confianza":"media"}},{"type":"Feature","geometry":{"type":"Point","coordinates":[-5.967085592572014,36.25313430470666]},"properties":{"id":"7f2fb4ffa8e389f7","tipo":"contratista_local","nombre":"EXTINTORES LA JANDA S.L.","direccion":"VEJER DE LA FRONTERA · 1 adjudicación pública · €5k total adjudicado","municipio":"Vejer De La Frontera","provincia":"Cádiz","cp":null,"telefono":null,"email":null,"web":null,"etapas":null,"fuente":"placsp_adjudicaciones","confianza":"media"}},{"type":"Feature","geometry":{"type":"Point","coordinates":[-6.293038547307337,36.531287004020285]},"properties":{"id":"65e83891779b82a2","tipo":"contratista_local","nombre":"cadiz","direccion":"CADIZ · 1 adjudicación pública · €4k total adjudicado","municipio":"Cadiz","provincia":"Cádiz","cp":null,"telefono":null,"email":null,"web":null,"etapas":null,"fuente":"placsp_adjudicaciones","confianza":"media"}},{"type":"Feature","geometry":{"type":"Point","coordinates":[-5.348655114742911,36.168727498195395]},"properties":{"id":"d723d9b6a7d214a3","tipo":"contratista_local","nombre":"Laboratorio Yolanda Partal, S.L","direccion":"La Línea · 1 adjudicación pública · €4k total adjudicado","municipio":"La Línea","provincia":"Cádiz","cp":null,"telefono":null,"email":null,"web":null,"etapas":null,"fuente":"placsp_adjudicaciones","confianza":"media"}},{"type":"Feature","geometry":{"type":"Point","coordinates":[-6.138415666958071,36.68125841774347]},"properties":{"id":"05aefd6c2e07244a","tipo":"contratista_local","nombre":"The one step beyond S.C.","direccion":"Jerez de la Frontera · 1 adjudicación pública · €4k total adjudicado","municipio":"Jerez de la Frontera","provincia":"Cádiz","cp":null,"telefono":null,"email":null,"web":null,"etapas":null,"fuente":"placsp_adjudicaciones","confianza":"media"}},{"type":"Feature","geometry":{"type":"Point","coordinates":[-5.346401988552787,36.16867477758437]},"properties":{"id":"825eb352812c7992","tipo":"contratista_local","nombre":"GPON LINEA SL","direccion":"LA LINEA DE LA CONCEPCION · 1 adjudicación pública · €4k total adjudicado","municipio":"La Linea De La Concepcion","provincia":"Cádiz","cp":null,"telefono":null,"email":null,"web":null,"etapas":null,"fuente":"placsp_adjudicaciones","confianza":"media"}},{"type":"Feature","geometry":{"type":"Point","coordinates":[-6.029794987827073,36.75866321342052]},"properties":{"id":"5e1bbff295284c67","tipo":"contratista_local","nombre":"NUEVA DU, S.L.","direccion":"NUEVA JARILLA · 1 adjudicación pública · €4k total adjudicado","municipio":"Nueva Jarilla","provincia":"Cádiz","cp":null,"telefono":null,"email":null,"web":null,"etapas":null,"fuente":"placsp_adjudicaciones","confianza":"media"}},{"type":"Feature","geometry":{"type":"Point","coordinates":[-6.292552838135323,36.528865093544916]},"properties":{"id":"ba805d032763d19d","tipo":"contratista_local","nombre":"NUEVOS MENSAJEROS, SCA","direccion":"CADIZ · 1 adjudicación pública · €4k total adjudicado","municipio":"Cadiz","provincia":"Cádiz","cp":null,"telefono":null,"email":null,"web":null,"etapas":null,"fuente":"placsp_adjudicaciones","confianza":"media"}},{"type":"Feature","geometry":{"type":"Point","coordinates":[-6.145981476225047,36.41982154930427]},"properties":{"id":"cffb75b930cee71d","tipo":"contratista_local","nombre":"PEDRO LEAL ARAGON","direccion":"CHICLANA DE LA FRONTERA · 1 adjudicación pública · €3k total adjudicado","municipio":"Chiclana De La Frontera","provincia":"Cádiz","cp":null,"telefono":null,"email":null,"web":null,"etapas":null,"fuente":"placsp_adjudicaciones","confianza":"media"}},{"type":"Feature","geometry":{"type":"Point","coordinates":[-5.4486944478518495,36.13183179154921]},"properties":{"id":"fcc4f542c781e13f","tipo":"contratista_local","nombre":"ELECTRIFICACIONES ALGECIRAS, S.L.","direccion":"ALGECIRAS · 1 adjudicación pública · €3k total adjudicado","municipio":"Algeciras","provincia":"Cádiz","cp":null,"telefono":null,"email":null,"web":null,"etapas":null,"fuente":"placsp_adjudicaciones","confianza":"media"}},{"type":"Feature","geometry":{"type":"Point","coordinates":[-5.800197709192304,36.60655367935657]},"properties":{"id":"cd497f91b581a8fa","tipo":"contratista_local","nombre":"MATAS MARCHANTE ESTHER","direccion":"SAN JOSE DEL VALLE · 1 adjudicación pública · €3k total adjudicado","municipio":"San Jose Del Valle","provincia":"Cádiz","cp":null,"telefono":null,"email":null,"web":null,"etapas":null,"fuente":"placsp_adjudicaciones","confianza":"media"}},{"type":"Feature","geometry":{"type":"Point","coordinates":[-6.353319049807082,36.775527633773784]},"properties":{"id":"f8b4ce26d4ac5e36","tipo":"contratista_local","nombre":"POLICLINICA SANLUCAR S.L.","direccion":"Sanlúcar de Barrameda · 1 adjudicación pública · €3k total adjudicado","municipio":"Sanlúcar de Barrameda","provincia":"Cádiz","cp":null,"telefono":null,"email":null,"web":null,"etapas":null,"fuente":"placsp_adjudicaciones","confianza":"media"}},{"type":"Feature","geometry":{"type":"Point","coordinates":[-6.29339467802834,36.530712593020716]},"properties":{"id":"5cca4aa3ae43b6ee","tipo":"contratista_local","nombre":"Pablo Fernández-Puyol Algarín","direccion":"Cádiz · 1 adjudicación pública · €3k total adjudicado","municipio":"Cádiz","provincia":"Cádiz","cp":null,"telefono":null,"email":null,"web":null,"etapas":null,"fuente":"placsp_adjudicaciones","confianza":"media"}},{"type":"Feature","geometry":{"type":"Point","coordinates":[-5.4197919475835175,36.700899537676726]},"properties":{"id":"a2c2c4b923090acd","tipo":"contratista_local","nombre":"JOSE MARIA ANGLADA ROMERO","direccion":"Benaocaz · 1 adjudicación pública · €2k total adjudicado","municipio":"Benaocaz","provincia":"Cádiz","cp":null,"telefono":null,"email":null,"web":null,"etapas":null,"fuente":"placsp_adjudicaciones","confianza":"media"}},{"type":"Feature","geometry":{"type":"Point","coordinates":[-6.199353541296828,36.46422342933443]},"properties":{"id":"d38a2452a3313105","tipo":"contratista_local","nombre":"BENJAMIN COLSA SALIETO","direccion":"SAN FERNANDO · 1 adjudicación pública · €2k total adjudicado","municipio":"San Fernando","provincia":"Cádiz","cp":null,"telefono":null,"email":null,"web":null,"etapas":null,"fuente":"placsp_adjudicaciones","confianza":"media"}},{"type":"Feature","geometry":{"type":"Point","coordinates":[-6.126550875638476,36.68869645685155]},"properties":{"id":"00672ba6dac85733","tipo":"contratista_local","nombre":"Bechtle Direct, Slu","direccion":"España · 1 adjudicación pública · €2k total adjudicado","municipio":"España","provincia":"Cádiz","cp":null,"telefono":null,"email":null,"web":null,"etapas":null,"fuente":"placsp_adjudicaciones","confianza":"media"}},{"type":"Feature","geometry":{"type":"Point","coordinates":[-5.385929761193472,36.211501006878066]},"properties":{"id":"4d2e6cbb403bdb1f","tipo":"contratista_local","nombre":"EUROGRUAS ALGECIRAS SL","direccion":"SAN ROQUE · 1 adjudicación pública · €2k total adjudicado","municipio":"San Roque","provincia":"Cádiz","cp":null,"telefono":null,"email":null,"web":null,"etapas":null,"fuente":"placsp_adjudicaciones","confianza":"media"}},{"type":"Feature","geometry":{"type":"Point","coordinates":[-5.447507903037226,36.13161422737409]},"properties":{"id":"edd1195bf30e7c48","tipo":"contratista_local","nombre":"ARTISER IMPRESION CREATIVA, S.L.","direccion":"ALGECIRAS · 1 adjudicación pública · €2k total adjudicado","municipio":"Algeciras","provincia":"Cádiz","cp":null,"telefono":null,"email":null,"web":null,"etapas":null,"fuente":"placsp_adjudicaciones","confianza":"media"}},{"type":"Feature","geometry":{"type":"Point","coordinates":[-6.145557520711899,36.41888391091865]},"properties":{"id":"43181fe5bd71cf60","tipo":"contratista_local","nombre":"CLIMATIZA SOLUCIONES SUR, S.L","direccion":"Chiclana de la Frontera, Cádiz · 1 adjudicación pública · €1k total adjudicado","municipio":"Chiclana de la Frontera, Cádiz","provincia":"Cádiz","cp":null,"telefono":null,"email":null,"web":null,"etapas":null,"fuente":"placsp_adjudicaciones","confianza":"media"}},{"type":"Feature","geometry":{"type":"Point","coordinates":[-6.135966828383821,36.680607771826345]},"properties":{"id":"184546db230b9fb1","tipo":"contratista_local","nombre":"FARMACIA POZOALBERO CB","direccion":"JEREZ DE LA FRONTERA · 1 adjudicación pública · €1k total adjudicado","municipio":"Jerez De La Frontera","provincia":"Cádiz","cp":null,"telefono":null,"email":null,"web":null,"etapas":null,"fuente":"placsp_adjudicaciones","confianza":"media"}},{"type":"Feature","geometry":{"type":"Point","coordinates":[-6.1378991473499775,36.68074845095095]},"properties":{"id":"131de1c732fa4945","tipo":"contratista_local","nombre":"SHERRYCOPIER S.L.","direccion":"JEREZ DE LA FRONTERA · 1 adjudicación pública · €1k total adjudicado","municipio":"Jerez De La Frontera","provincia":"Cádiz","cp":null,"telefono":null,"email":null,"web":null,"etapas":null,"fuente":"placsp_adjudicaciones","confianza":"media"}},{"type":"Feature","geometry":{"type":"Point","coordinates":[-6.338973941523928,36.777396802307486]},"properties":{"id":"ab2335a526e5fb58","tipo":"contratista_local","nombre":"Washcar J&A Distribuciones SLU","direccion":"Alcala  de guadaira · 1 adjudicación pública · €1k total adjudicado","municipio":"Alcala  de guadaira","provincia":"Cádiz","cp":null,"telefono":null,"email":null,"web":null,"etapas":null,"fuente":"placsp_adjudicaciones","confianza":"media"}},{"type":"Feature","geometry":{"type":"Point","coordinates":[-5.810123072892273,36.752428737707866]},"properties":{"id":"9b349282d602db33","tipo":"contratista_local","nombre":"APLICATIONS ANDALUSIAN OF ENERGY S.L.","direccion":"ARCOS DE LA FRONTERA · 1 adjudicación pública · €1k total adjudicado","municipio":"Arcos De La Frontera","provincia":"Cádiz","cp":null,"telefono":null,"email":null,"web":null,"etapas":null,"fuente":"placsp_adjudicaciones","confianza":"media"}},{"type":"Feature","geometry":{"type":"Point","coordinates":[-5.7985023204240065,36.60504869884295]},"properties":{"id":"b414e761c0550778","tipo":"contratista_local","nombre":"MIRIAMFRANCOCAZORLA","direccion":"SAN JOSE DEL VALLE · 1 adjudicación pública · €1k total adjudicado","municipio":"San Jose Del Valle","provincia":"Cádiz","cp":null,"telefono":null,"email":null,"web":null,"etapas":null,"fuente":"placsp_adjudicaciones","confianza":"media"}},{"type":"Feature","geometry":{"type":"Point","coordinates":[-6.13934625816627,36.68238257091057]},"properties":{"id":"faaf77fb05d9b3cd","tipo":"contratista_local","nombre":"DAVID SABORIDO GARCÍA","direccion":"JEREZ DE LA FRONTERA · 1 adjudicación pública · €1k total adjudicado","municipio":"Jerez De La Frontera","provincia":"Cádiz","cp":null,"telefono":null,"email":null,"web":null,"etapas":null,"fuente":"placsp_adjudicaciones","confianza":"media"}},{"type":"Feature","geometry":{"type":"Point","coordinates":[-5.448041238251344,36.13149932828935]},"properties":{"id":"bd922683dbf2b346","tipo":"contratista_local","nombre":"CASA PASTOR S.L (CASA PASTOR SA-EXTINGUIDA)","direccion":"ALGECIRAS · 1 adjudicación pública · €1k total adjudicado","municipio":"Algeciras","provincia":"Cádiz","cp":null,"telefono":null,"email":null,"web":null,"etapas":null,"fuente":"placsp_adjudicaciones","confianza":"media"}},{"type":"Feature","geometry":{"type":"Point","coordinates":[-6.138130765911436,36.680776967034696]},"properties":{"id":"7dedadec3dbe653a","tipo":"contratista_local","nombre":"QINNOVATE APOYO EMPRESARIAL S.L.","direccion":"Jerez de la Frontera · 1 adjudicación pública · €1k total adjudicado","municipio":"Jerez de la Frontera","provincia":"Cádiz","cp":null,"telefono":null,"email":null,"web":null,"etapas":null,"fuente":"placsp_adjudicaciones","confianza":"media"}},{"type":"Feature","geometry":{"type":"Point","coordinates":[-5.812645992706518,36.75222827992659]},"properties":{"id":"2b6875eed882acf4","tipo":"contratista_local","nombre":"Emeuve Producciones Audiovisuales y Managements, S.L.U.","direccion":"Arcos de la Frontera · 1 adjudicación pública · €1k total adjudicado","municipio":"Arcos de la Frontera","provincia":"Cádiz","cp":null,"telefono":null,"email":null,"web":null,"etapas":null,"fuente":"placsp_adjudicaciones","confianza":"media"}},{"type":"Feature","geometry":{"type":"Point","coordinates":[-6.138756820079893,36.680498203562294]},"properties":{"id":"e8b8436bfa5ee965","tipo":"contratista_local","nombre":"ENRIQUE JAVIER PADILLA CASTRO","direccion":"JEREZ DE LA FRONTERA · 1 adjudicación pública · €0k total adjudicado","municipio":"Jerez De La Frontera","provincia":"Cádiz","cp":null,"telefono":null,"email":null,"web":null,"etapas":null,"fuente":"placsp_adjudicaciones","confianza":"media"}},{"type":"Feature","geometry":{"type":"Point","coordinates":[-6.138701193839461,36.68010432634467]},"properties":{"id":"284e62cc74d1be7f","tipo":"contratista_local","nombre":"FRANCISCO JAVIER SOUSA ROMAN","direccion":"JEREZ DE LA FRONTERA · 1 adjudicación pública · €0k total adjudicado","municipio":"Jerez De La Frontera","provincia":"Cádiz","cp":null,"telefono":null,"email":null,"web":null,"etapas":null,"fuente":"placsp_adjudicaciones","confianza":"media"}},{"type":"Feature","geometry":{"type":"Point","coordinates":[-6.137962599277255,36.681012235146966]},"properties":{"id":"78b01306e1170d22","tipo":"contratista_local","nombre":"CARTOJEREZ SLU","direccion":"JEREZ DE LA FRONTERA · 1 adjudicación pública · €0k total adjudicado","municipio":"Jerez De La Frontera","provincia":"Cádiz","cp":null,"telefono":null,"email":null,"web":null,"etapas":null,"fuente":"placsp_adjudicaciones","confianza":"media"}},{"type":"Feature","geometry":{"type":"Point","coordinates":[-6.196671519845563,36.46420661455302]},"properties":{"id":"7f3f9e6557cf1f0f","tipo":"contratista_local","nombre":"IGNACIO LAGÓSTENA BISBAL, S.L.","direccion":"SAN FERNANDO · 1 adjudicación pública · €0k total adjudicado","municipio":"San Fernando","provincia":"Cádiz","cp":null,"telefono":null,"email":null,"web":null,"etapas":null,"fuente":"placsp_adjudicaciones","confianza":"media"}},{"type":"Feature","geometry":{"type":"Point","coordinates":[-6.226688258479408,36.60042185025107]},"properties":{"id":"506fd880fe1210d4","tipo":"contratista_local","nombre":"AIR SERVICIOS AMBIENTALES SL","direccion":"Puerto de Santa María, Cádiz · 1 adjudicación pública · €0k total adjudicado","municipio":"Puerto de Santa María, Cádiz","provincia":"Cádiz","cp":null,"telefono":null,"email":null,"web":null,"etapas":null,"fuente":"placsp_adjudicaciones","confianza":"media"}},{"type":"Feature","geometry":{"type":"Point","coordinates":[-5.802022425846449,36.605879302036186]},"properties":{"id":"53ba999b7171ced6","tipo":"contratista_local","nombre":"ROTUVALLE","direccion":"SAN JOSE DEL VALLE CÁDIZ · 1 adjudicación pública · €0k total adjudicado","municipio":"San Jose Del Valle Cádiz","provincia":"Cádiz","cp":null,"telefono":null,"email":null,"web":null,"etapas":null,"fuente":"placsp_adjudicaciones","confianza":"media"}},{"type":"Feature","geometry":{"type":"Point","coordinates":[-6.352379538799486,36.7759782763867]},"properties":{"id":"ec35b6b9f895b4d0","tipo":"contratista_local","nombre":"DRYTEC MANTENIMIENTOS, S.L.","direccion":"Sanlúcar de Barrameda · 1 adjudicación pública · €0k total adjudicado","municipio":"Sanlúcar de Barrameda","provincia":"Cádiz","cp":null,"telefono":null,"email":null,"web":null,"etapas":null,"fuente":"placsp_adjudicaciones","confianza":"media"}},{"type":"Feature","geometry":{"type":"Point","coordinates":[-6.136307200247586,36.68238364215295]},"properties":{"id":"7403984adc249327","tipo":"contratista_local","nombre":"D´Arte Grupo Eventos y audiovisuales, SLU","direccion":"Jerez de la Frontera · 1 adjudicación pública · €0k total adjudicado","municipio":"Jerez de la Frontera","provincia":"Cádiz","cp":null,"telefono":null,"email":null,"web":null,"etapas":null,"fuente":"placsp_adjudicaciones","confianza":"media"}},{"type":"Feature","geometry":{"type":"Point","coordinates":[-5.347800415326501,36.16806576495633]},"properties":{"id":"950c9fca65775bd3","tipo":"contratista_local","nombre":"Duendeando SL","direccion":"La Línea de la Concepción · 1 adjudicación pública · €0k total adjudicado","municipio":"La Línea de la Concepción","provincia":"Cádiz","cp":null,"telefono":null,"email":null,"web":null,"etapas":null,"fuente":"placsp_adjudicaciones","confianza":"media"}},{"type":"Feature","geometry":{"type":"Point","coordinates":[-6.145019604287599,36.420521441241206]},"properties":{"id":"7c1d5b083f5fc1f0","tipo":"contratista_local","nombre":"ALEMA TURISMO Y MEDIO AMBIENTE S.L.","direccion":"Chiclana de la Frontera · 1 adjudicación pública · €0k total adjudicado","municipio":"Chiclana de la Frontera","provincia":"Cádiz","cp":null,"telefono":null,"email":null,"web":null,"etapas":null,"fuente":"placsp_adjudicaciones","confianza":"media"}},{"type":"Feature","geometry":{"type":"Point","coordinates":[-6.138816766360689,36.68116053862006]},"properties":{"id":"a52144c2fe5c6a6d","tipo":"contratista_local","nombre":"rechupete restauradores slu","direccion":"jerez de la frontera · 1 adjudicación pública · €0k total adjudicado","municipio":"Jerez De La Frontera","provincia":"Cádiz","cp":null,"telefono":null,"email":null,"web":null,"etapas":null,"fuente":"placsp_adjudicaciones","confianza":"media"}},{"type":"Feature","geometry":{"type":"Point","coordinates":[-6.145746240714223,36.417881083935484]},"properties":{"id":"1a604f49c2f9dc55","tipo":"contratista_local","nombre":"LAM S.A. SEGURIDAD Y COMUNICACIONES","direccion":"CHICLANA DE LA FRONTERA · 1 adjudicación pública · €0k total adjudicado","municipio":"Chiclana De La Frontera","provincia":"Cádiz","cp":null,"telefono":null,"email":null,"web":null,"etapas":null,"fuente":"placsp_adjudicaciones","confianza":"media"}},{"type":"Feature","geometry":{"type":"Point","coordinates":[-6.144962550639324,36.4184325541976]},"properties":{"id":"b6251c9cf07bb2bf","tipo":"contratista_local","nombre":"PINTURAS BRETON S.L.","direccion":"CHICLANA DE LA FRONTERA · 1 adjudicación pública · €0k total adjudicado","municipio":"Chiclana De La Frontera","provincia":"Cádiz","cp":null,"telefono":null,"email":null,"web":null,"etapas":null,"fuente":"placsp_adjudicaciones","confianza":"media"}},{"type":"Feature","geometry":{"type":"Point","coordinates":[-5.6047266966038904,36.0145121323379]},"properties":{"id":"dcd472c7b6239831","tipo":"contratista_local","nombre":"HORMIGONES TARIFA SL","direccion":"TARIFA · 1 adjudicación pública · €0k total adjudicado","municipio":"Tarifa","provincia":"Cádiz","cp":null,"telefono":null,"email":null,"web":null,"etapas":null,"fuente":"placsp_adjudicaciones","confianza":"media"}},{"type":"Feature","geometry":{"type":"Point","coordinates":[-5.9677093453583625,36.25060433044329]},"properties":{"id":"4f5d14dcaec3bae2","tipo":"contratista_local","nombre":"MARGON VEJER, S.L.","direccion":"VEJER DE LA FRONTERA · 1 adjudicación pública · €0k total adjudicado","municipio":"Vejer De La Frontera","provincia":"Cádiz","cp":null,"telefono":null,"email":null,"web":null,"etapas":null,"fuente":"placsp_adjudicaciones","confianza":"media"}},{"type":"Feature","geometry":{"type":"Point","coordinates":[-5.385931554897913,36.209945608796886]},"properties":{"id":"1cf94377ba31413d","tipo":"contratista_local","nombre":"Sergeyco Andalucía S.L.","direccion":"San Roque · 1 adjudicación pública · €0k total adjudicado","municipio":"San Roque","provincia":"Cádiz","cp":null,"telefono":null,"email":null,"web":null,"etapas":null,"fuente":"placsp_adjudicaciones","confianza":"media"}},{"type":"Feature","geometry":{"type":"Point","coordinates":[-6.224625701137606,36.599334739823966]},"properties":{"id":"e3672b5ad82560ae","tipo":"contratista_local","nombre":"SERVICIOS AUXILIARES PORTUENSES, S.L.","direccion":"EL PUERTO DE SANTA MARIA · 1 adjudicación pública · €0k total adjudicado","municipio":"El Puerto De Santa Maria","provincia":"Cádiz","cp":null,"telefono":null,"email":null,"web":null,"etapas":null,"fuente":"placsp_adjudicaciones","confianza":"media"}},{"type":"Feature","geometry":{"type":"Point","coordinates":[-6.137069257047313,36.68081499723653]},"properties":{"id":"151a39cbd3e78b38","tipo":"contratista_local","nombre":"Ingeniería y Proyectos del Acero, S.L.L.","direccion":"Jerez de la Frontera · 1 adjudicación pública · €0k total adjudicado","municipio":"Jerez de la Frontera","provincia":"Cádiz","cp":null,"telefono":null,"email":null,"web":null,"etapas":null,"fuente":"placsp_adjudicaciones","confianza":"media"}},{"type":"Feature","geometry":{"type":"Point","coordinates":[-5.7433136138399155,36.81687343878951]},"properties":{"id":"caadb6d55049a789","tipo":"contratista_local","nombre":"HORMIGONES ARIDOS Y SERVICIOS CADIZ, S.L.","direccion":"BORNOS · 1 adjudicación pública · €0k total adjudicado","municipio":"Bornos","provincia":"Cádiz","cp":null,"telefono":null,"email":null,"web":null,"etapas":null,"fuente":"placsp_adjudicaciones","confianza":"media"}},{"type":"Feature","geometry":{"type":"Point","coordinates":[-6.227329553837991,36.59988071997505]},"properties":{"id":"80a5e6d212e7d4ef","tipo":"contratista_local","nombre":"LABORATORIOS COGESUR, S.L.","direccion":"El Puerto de Santa María · 1 adjudicación pública · €0k total adjudicado","municipio":"El Puerto de Santa María","provincia":"Cádiz","cp":null,"telefono":null,"email":null,"web":null,"etapas":null,"fuente":"placsp_adjudicaciones","confianza":"media"}},{"type":"Feature","geometry":{"type":"Point","coordinates":[-6.1378554938151,36.68119351829587]},"properties":{"id":"20b89475a84ade9f","tipo":"contratista_local","nombre":"CLAUDIA CABALLERO CORRALEJOS","direccion":"Jerez · 1 adjudicación pública","municipio":"Jerez","provincia":"Cádiz","cp":null,"telefono":null,"email":null,"web":null,"etapas":null,"fuente":"placsp_adjudicaciones","confianza":"media"}},{"type":"Feature","geometry":{"type":"Point","coordinates":[-6.198870982266703,36.46439430615334]},"properties":{"id":"6e0ce03ddefac2fb","tipo":"contratista_local","nombre":"Juan Manuel Baena Hurtado","direccion":"San Fernando · 1 adjudicación pública","municipio":"San Fernando","provincia":"Cádiz","cp":null,"telefono":null,"email":null,"web":null,"etapas":null,"fuente":"placsp_adjudicaciones","confianza":"media"}},{"type":"Feature","geometry":{"type":"Point","coordinates":[-6.197488402019166,36.46395623704807]},"properties":{"id":"9c2f61c99a0ac999","tipo":"contratista_local","nombre":"Jose Gil Diaz","direccion":"SAN FERNANDO · 1 adjudicación pública","municipio":"San Fernando","provincia":"Cádiz","cp":null,"telefono":null,"email":null,"web":null,"etapas":null,"fuente":"placsp_adjudicaciones","confianza":"media"}},{"type":"Feature","geometry":{"type":"Point","coordinates":[-6.13858538003037,36.68010194528703]},"properties":{"id":"268c136a1427dc0b","tipo":"contratista_local","nombre":"Luisa del Pilar Ramos Muñoz","direccion":"Jerez · 1 adjudicación pública","municipio":"Jerez","provincia":"Cádiz","cp":null,"telefono":null,"email":null,"web":null,"etapas":null,"fuente":"placsp_adjudicaciones","confianza":"media"}},{"type":"Feature","geometry":{"type":"Point","coordinates":[-6.111776635772269,36.68431269384048]},"properties":{"id":"1e0ea6f8aadd1a89","tipo":"contratista_local","nombre":"RODRIGUEZ FERNANDEZ, OSCAR","direccion":"CORTES DE LA FRONTERA · 1 adjudicación pública","municipio":"Cortes De La Frontera","provincia":"Cádiz","cp":null,"telefono":null,"email":null,"web":null,"etapas":null,"fuente":"placsp_adjudicaciones","confianza":"media"}},{"type":"Feature","geometry":{"type":"Point","coordinates":[-5.960899765459892,36.621755065056185]},"properties":{"id":"8f80f843bf3a27b1","tipo":"contratista_local","nombre":"GARRIXEREZ CONSTRUCCIONES, S.L.U.","direccion":"EL TORNO, JEREZ DE LA FRONTERA · 1 adjudicación pública","municipio":"El Torno, Jerez De La Frontera","provincia":"Cádiz","cp":null,"telefono":null,"email":null,"web":null,"etapas":null,"fuente":"placsp_adjudicaciones","confianza":"media"}},{"type":"Feature","geometry":{"type":"Point","coordinates":[-5.933161255928537,36.72319977568122]},"properties":{"id":"614987f3164b784a","tipo":"contratista_local","nombre":"CARYOSA HYGIENIC SOLUTIONS, SL","direccion":"Barcelona · 1 adjudicación pública","municipio":"Barcelona","provincia":"Cádiz","cp":null,"telefono":null,"email":null,"web":null,"etapas":null,"fuente":"placsp_adjudicaciones","confianza":"media"}},{"type":"Feature","geometry":{"type":"Point","coordinates":[-6.252802261604015,36.5220688972239]},"properties":{"id":"33b641a717590c4b","tipo":"contratista_local","nombre":"PUERTO BAHÍA ASSISTANCE, S.L.U.","direccion":"PUERTO REAL (CÁDIZ) · 1 adjudicación pública","municipio":"Puerto Real (Cádiz)","provincia":"Cádiz","cp":null,"telefono":null,"email":null,"web":null,"etapas":null,"fuente":"placsp_adjudicaciones","confianza":"media"}},{"type":"Feature","geometry":{"type":"Point","coordinates":[-6.190954963627182,36.52914970222065]},"properties":{"id":"da40be262ad85953","tipo":"contratista_local","nombre":"Productos Precocinados de Pepe´s S.L.","direccion":"Puerto Real · 1 adjudicación pública","municipio":"Puerto Real","provincia":"Cádiz","cp":null,"telefono":null,"email":null,"web":null,"etapas":null,"fuente":"placsp_adjudicaciones","confianza":"media"}},{"type":"Feature","geometry":{"type":"Point","coordinates":[-6.291207446594358,36.52890692125325]},"properties":{"id":"3020ff839a89387a","tipo":"contratista_local","nombre":"GLOBAL OSIVERIS S.L.","direccion":"CÁDIZ · 1 adjudicación pública","municipio":"Cádiz","provincia":"Cádiz","cp":null,"telefono":null,"email":null,"web":null,"etapas":null,"fuente":"placsp_adjudicaciones","confianza":"media"}},{"type":"Feature","geometry":{"type":"Point","coordinates":[-6.292600118885197,36.530611811841624]},"properties":{"id":"f4f4a4a0769a1a91","tipo":"contratista_local","nombre":"SUMINISTROS MARPA S.L.","direccion":"CADIZ · 1 adjudicación pública","municipio":"Cadiz","provincia":"Cádiz","cp":null,"telefono":null,"email":null,"web":null,"etapas":null,"fuente":"placsp_adjudicaciones","confianza":"media"}},{"type":"Feature","geometry":{"type":"Point","coordinates":[-6.190002344330424,36.527958760114544]},"properties":{"id":"34278c10d294adbf","tipo":"contratista_local","nombre":"LIBNAMIC CONSULTING S.L.","direccion":"Puerto Real · 1 adjudicación pública","municipio":"Puerto Real","provincia":"Cádiz","cp":null,"telefono":null,"email":null,"web":null,"etapas":null,"fuente":"placsp_adjudicaciones","confianza":"media"}},{"type":"Feature","geometry":{"type":"Point","coordinates":[-6.29376317284606,36.529808832812975]},"properties":{"id":"341acd53ce2a1d9e","tipo":"contratista_local","nombre":"LARA GLOBAL SPAIN, S.L","direccion":"CÁDIZ · 1 adjudicación pública","municipio":"Cádiz","provincia":"Cádiz","cp":null,"telefono":null,"email":null,"web":null,"etapas":null,"fuente":"placsp_adjudicaciones","confianza":"media"}},{"type":"Feature","geometry":{"type":"Point","coordinates":[-5.448810195133714,36.1311372496945]},"properties":{"id":"ebd9afb5b88912ee","tipo":"contratista_local","nombre":"PURIDINA","direccion":"ALGECIRAS · 1 adjudicación pública","municipio":"Algeciras","provincia":"Cádiz","cp":null,"telefono":null,"email":null,"web":null,"etapas":null,"fuente":"placsp_adjudicaciones","confianza":"media"}},{"type":"Feature","geometry":{"type":"Point","coordinates":[-5.438694687106634,36.186014374770316]},"properties":{"id":"dd4c6f5771030e1d","tipo":"contratista_local","nombre":"CASETAS Y CARPAS CHATO E HIJOS, S.L.","direccion":"LOS CORTIJILLOS - LOS BARRIOS · 1 adjudicación pública","municipio":"Los Cortijillos - Los Barrios","provincia":"Cádiz","cp":null,"telefono":null,"email":null,"web":null,"etapas":null,"fuente":"placsp_adjudicaciones","confianza":"media"}},{"type":"Feature","geometry":{"type":"Point","coordinates":[2.2541177301201674,41.928742032457784]},"properties":{"id":"85289239df40f68c","tipo":"competencia","nombre":"BENITO URBAN, S.L.U.","direccion":"VIC · 10 victorias en Andalucía · €175k total · CPV 34928400","municipio":"Vic","provincia":"(otra)","cp":null,"telefono":null,"email":null,"web":null,"etapas":null,"fuente":"placsp_adjudicaciones","confianza":"alta"}},{"type":"Feature","geometry":{"type":"Point","coordinates":[-4.864220663420742,37.71264372955512]},"properties":{"id":"62c6514c3684d77f","tipo":"competencia","nombre":"Vistalegre Solutions, S. L.","direccion":"Aldea Quintana (La Carlota) · 9 victorias en Andalucía · €183k total · CPV 39100000","municipio":"Aldea Quintana (La Carlota)","provincia":"Córdoba","cp":null,"telefono":null,"email":null,"web":null,"etapas":null,"fuente":"placsp_adjudicaciones","confianza":"alta"}},{"type":"Feature","geometry":{"type":"Point","coordinates":[-3.7032349904912842,40.41619119253426]},"properties":{"id":"ade4a585c603cb2d","tipo":"competencia","nombre":"Contelogic Sociedad Limitada","direccion":"Madrid · 8 victorias en Andalucía · €330k total · CPV 34928480","municipio":"Madrid","provincia":"(otra)","cp":null,"telefono":null,"email":null,"web":null,"etapas":null,"fuente":"placsp_adjudicaciones","confianza":"alta"}},{"type":"Feature","geometry":{"type":"Point","coordinates":[-4.740130641599038,37.605706392667486]},"properties":{"id":"b02692f88f269d0f","tipo":"competencia","nombre":"LUCAS ROJAS, S.L.","direccion":"La Rambla · 7 victorias en Andalucía · €48k total · CPV 30192121","municipio":"La Rambla","provincia":"Córdoba","cp":null,"telefono":null,"email":null,"web":null,"etapas":null,"fuente":"placsp_adjudicaciones","confianza":"alta"}},{"type":"Feature","geometry":{"type":"Point","coordinates":[2.1752364902000862,41.3817687336401]},"properties":{"id":"28b060717aab68b4","tipo":"competencia","nombre":"HPC IBÉRICA, S.A.","direccion":"Barcelona · 6 victorias en Andalucía · €1.2M total · CPV 37410000","municipio":"Barcelona","provincia":"(otra)","cp":null,"telefono":null,"email":null,"web":null,"etapas":null,"fuente":"placsp_adjudicaciones","confianza":"alta"}},{"type":"Feature","geometry":{"type":"Point","coordinates":[-3.703312762330923,40.41734876067306]},"properties":{"id":"cc9371603afaeb8c","tipo":"competencia","nombre":"Sulo Ibérica, S.A.","direccion":"Madrid · 6 victorias en Andalucía · €394k total · CPV 34928400","municipio":"Madrid","provincia":"(otra)","cp":null,"telefono":null,"email":null,"web":null,"etapas":null,"fuente":"placsp_adjudicaciones","confianza":"alta"}},{"type":"Feature","geometry":{"type":"Point","coordinates":[-3.7756077286568273,38.098225006125276]},"properties":{"id":"c4ecb5c2776cf9c4","tipo":"competencia","nombre":"Suinsa, sl","direccion":"BAILÉN · 6 victorias en Andalucía · €61k total · CPV 37440000","municipio":"Bailén","provincia":"Jaén","cp":null,"telefono":null,"email":null,"web":null,"etapas":null,"fuente":"placsp_adjudicaciones","confianza":"alta"}},{"type":"Feature","geometry":{"type":"Point","coordinates":[2.177137242476062,41.381171517763654]},"properties":{"id":"6ce329610bc35e58","tipo":"competencia","nombre":"JUEGOS KOMPAN S.A.","direccion":"Barcelona · 5 victorias en Andalucía · €694k total · CPV 37410000","municipio":"Barcelona","provincia":"(otra)","cp":null,"telefono":null,"email":null,"web":null,"etapas":null,"fuente":"placsp_adjudicaciones","confianza":"alta"}},{"type":"Feature","geometry":{"type":"Point","coordinates":[-3.7045387298052304,40.41739768887114]},"properties":{"id":"02397457da4f52cc","tipo":"competencia","nombre":"Api Movilidad, S.A.","direccion":"Madrid · 5 victorias en Andalucía · €301k total · CPV 34928470","municipio":"Madrid","provincia":"(otra)","cp":null,"telefono":null,"email":null,"web":null,"etapas":null,"fuente":"placsp_adjudicaciones","confianza":"alta"}},{"type":"Feature","geometry":{"type":"Point","coordinates":[-3.3714317302504826,38.01001780117908]},"properties":{"id":"b9501dfa14e2f1c3","tipo":"competencia","nombre":"UBEPARK EQUIPAMIENTO URBANO S.L.","direccion":"Úbeda · 5 victorias en Andalucía · €105k total · CPV 34928400","municipio":"Úbeda","provincia":"(otra)","cp":null,"telefono":null,"email":null,"web":null,"etapas":null,"fuente":"placsp_adjudicaciones","confianza":"alta"}},{"type":"Feature","geometry":{"type":"Point","coordinates":[1.6173822315429343,41.58021020689822]},"properties":{"id":"f370ad1d47c8a5e2","tipo":"competencia","nombre":"Parques y Jardines Fabregas SAU","direccion":"Igualada · 5 victorias en Andalucía · €19k total · CPV 34928400","municipio":"Igualada","provincia":"(otra)","cp":null,"telefono":null,"email":null,"web":null,"etapas":null,"fuente":"placsp_adjudicaciones","confianza":"alta"}},{"type":"Feature","geometry":{"type":"Point","coordinates":[-0.6299981035121263,41.51236655858789]},"properties":{"id":"f1387b34dfdb0ae5","tipo":"competencia","nombre":"jcoplastic iberica 2000 s.l","direccion":"fuentes de ebro · 4 victorias en Andalucía · €644k total · CPV 34928480","municipio":"Fuentes De Ebro","provincia":"(otra)","cp":null,"telefono":null,"email":null,"web":null,"etapas":null,"fuente":"placsp_adjudicaciones","confianza":"alta"}},{"type":"Feature","geometry":{"type":"Point","coordinates":[-5.936069022428169,37.42295627917583]},"properties":{"id":"627755a3bcea7d38","tipo":"competencia","nombre":"CONTENUR, S.L.","direccion":"GETAFE · 4 victorias en Andalucía · €579k total · CPV 37535210","municipio":"Getafe","provincia":"Sevilla","cp":null,"telefono":null,"email":null,"web":null,"etapas":null,"fuente":"placsp_adjudicaciones","confianza":"alta"}},{"type":"Feature","geometry":{"type":"Point","coordinates":[-3.7917498979654733,40.284052597638926]},"properties":{"id":"fafcc40627b6e102","tipo":"competencia","nombre":"GERALVEZ PROYECTOS CONTRAC SL","direccion":"FUENLABRADA · 4 victorias en Andalucía · €106k total · CPV 39100000","municipio":"Fuenlabrada","provincia":"(otra)","cp":null,"telefono":null,"email":null,"web":null,"etapas":null,"fuente":"placsp_adjudicaciones","confianza":"alta"}},{"type":"Feature","geometry":{"type":"Point","coordinates":[-6.1363720794740555,37.33962628352471]},"properties":{"id":"c205dedd8f42607e","tipo":"competencia","nombre":"Verdegreen Césped Artificial, SLU","direccion":"BOLLULLOS DE LA MITACION · 4 victorias en Andalucía · €86k total · CPV 34928400","municipio":"Bollullos De La Mitacion","provincia":"Sevilla","cp":null,"telefono":null,"email":null,"web":null,"etapas":null,"fuente":"placsp_adjudicaciones","confianza":"alta"}},{"type":"Feature","geometry":{"type":"Point","coordinates":[-3.825276093235146,37.191356521197]},"properties":{"id":"27004df038958442","tipo":"competencia","nombre":"FRANCISCO TORO FUNES, S.L.","direccion":"CIJUELA (GRANADA) · 4 victorias en Andalucía · €82k total · CPV 34928200","municipio":"Cijuela (Granada)","provincia":"Granada","cp":null,"telefono":null,"email":null,"web":null,"etapas":null,"fuente":"placsp_adjudicaciones","confianza":"alta"}},{"type":"Feature","geometry":{"type":"Point","coordinates":[-5.27972316932827,37.695320020627136]},"properties":{"id":"4872b2f386b958b0","tipo":"competencia","nombre":"URBYSEG PALMA, SL.","direccion":"PALMA DEL RIO · 4 victorias en Andalucía · €65k total · CPV 34928400","municipio":"Palma Del Rio","provincia":"Córdoba","cp":null,"telefono":null,"email":null,"web":null,"etapas":null,"fuente":"placsp_adjudicaciones","confianza":"alta"}},{"type":"Feature","geometry":{"type":"Point","coordinates":[1.616763517286216,41.579760376717225]},"properties":{"id":"5dc20ff6134309c3","tipo":"competencia","nombre":"Parques y Jardines Fabregas SLU","direccion":"Igualada · 4 victorias en Andalucía · €65k total · CPV 34928400","municipio":"Igualada","provincia":"(otra)","cp":null,"telefono":null,"email":null,"web":null,"etapas":null,"fuente":"placsp_adjudicaciones","confianza":"alta"}},{"type":"Feature","geometry":{"type":"Point","coordinates":[-6.292250553452892,36.52974056823149]},"properties":{"id":"25a3e8245bbd5196","tipo":"competencia","nombre":"PAPELERIA LAS CORTES S.L.L","direccion":"CADIZ · 4 victorias en Andalucía · €14k total · CPV 39162100","municipio":"Cadiz","provincia":"(otra)","cp":null,"telefono":null,"email":null,"web":null,"etapas":null,"fuente":"placsp_adjudicaciones","confianza":"alta"}},{"type":"Feature","geometry":{"type":"Point","coordinates":[-4.125117502743289,36.80624149468961]},"properties":{"id":"e6cb55d7cd9af2d2","tipo":"competencia","nombre":"AXAPLAY S.L.","direccion":"CASABERMEJA (MÁLAGA) · 3 victorias en Andalucía · €521k total · CPV 37535210","municipio":"Casabermeja (Málaga)","provincia":"(otra)","cp":null,"telefono":null,"email":null,"web":null,"etapas":null,"fuente":"placsp_adjudicaciones","confianza":"alta"}},{"type":"Feature","geometry":{"type":"Point","coordinates":[-0.8645197540732016,38.63483441636808]},"properties":{"id":"78cba06b3de77422","tipo":"competencia","nombre":"ROTOTANK, S.L.","direccion":"VILLENA · 3 victorias en Andalucía · €290k total · CPV 34928480","municipio":"Villena","provincia":"(otra)","cp":null,"telefono":null,"email":null,"web":null,"etapas":null,"fuente":"placsp_adjudicaciones","confianza":"alta"}},{"type":"Feature","geometry":{"type":"Point","coordinates":[-3.9499865931769853,37.7598267941761]},"properties":{"id":"211b5eed156e75e4","tipo":"competencia","nombre":"ECO WC S.L","direccion":"TORREDONJIMENO · 3 victorias en Andalucía · €246k total · CPV 39151000","municipio":"Torredonjimeno","provincia":"Jaén","cp":null,"telefono":null,"email":null,"web":null,"etapas":null,"fuente":"placsp_adjudicaciones","confianza":"alta"}},{"type":"Feature","geometry":{"type":"Point","coordinates":[-4.4407238096927255,36.76424935846988]},"properties":{"id":"79517c7f1bb862ac","tipo":"competencia","nombre":"ELECNOR SERVICIOS Y PROYECTOS SAU","direccion":"MÁLAGA · 3 victorias en Andalucía · €230k total · CPV 34928510","municipio":"Málaga","provincia":"Málaga","cp":null,"telefono":null,"email":null,"web":null,"etapas":null,"fuente":"placsp_adjudicaciones","confianza":"alta"}},{"type":"Feature","geometry":{"type":"Point","coordinates":[-5.995184135640686,37.389264308701634]},"properties":{"id":"3e63faa2c714300f","tipo":"competencia","nombre":"OFIDISMA, SA","direccion":"SEVILLA · 3 victorias en Andalucía · €53k total · CPV 39151000","municipio":"Sevilla","provincia":"(otra)","cp":null,"telefono":null,"email":null,"web":null,"etapas":null,"fuente":"placsp_adjudicaciones","confianza":"alta"}},{"type":"Feature","geometry":{"type":"Point","coordinates":[-6.14559145749687,36.419379729451336]},"properties":{"id":"9ef0abfd6b8f3081","tipo":"competencia","nombre":"MADERAS IMPREGNADAS PARA EL EXTERIOR, S.L.","direccion":"CHICLANA DE LA FRONTERA · 3 victorias en Andalucía · €42k total · CPV 39151000","municipio":"Chiclana De La Frontera","provincia":"Cádiz","cp":null,"telefono":null,"email":null,"web":null,"etapas":null,"fuente":"placsp_adjudicaciones","confianza":"alta"}},{"type":"Feature","geometry":{"type":"Point","coordinates":[-1.1355941601978246,42.13480268152951]},"properties":{"id":"f72598e38de39c87","tipo":"competencia","nombre":"AGAPITO URBAN INDUSTRIES, S.L.","direccion":"EJEA DE LOS CABALLEROS · 3 victorias en Andalucía · €33k total · CPV 37535220","municipio":"Ejea De Los Caballeros","provincia":"(otra)","cp":null,"telefono":null,"email":null,"web":null,"etapas":null,"fuente":"placsp_adjudicaciones","confianza":"alta"}},{"type":"Feature","geometry":{"type":"Point","coordinates":[-4.64275974626635,37.58205749057067]},"properties":{"id":"f2d6e9d38f20dcbd","tipo":"competencia","nombre":"ANTONIO DE MIGUEL GOMEZ","direccion":"Montilla · 3 victorias en Andalucía · €28k total · CPV 39151000","municipio":"Montilla","provincia":"(otra)","cp":null,"telefono":null,"email":null,"web":null,"etapas":null,"fuente":"placsp_adjudicaciones","confianza":"alta"}},{"type":"Feature","geometry":{"type":"Point","coordinates":[-1.8554411642946353,38.995558066972485]},"properties":{"id":"f2b0510bd477cc6f","tipo":"competencia","nombre":"Neopark CLM 2011 S.L","direccion":"Albacete · 3 victorias en Andalucía · €22k total · CPV 37410000","municipio":"Albacete","provincia":"(otra)","cp":null,"telefono":null,"email":null,"web":null,"etapas":null,"fuente":"placsp_adjudicaciones","confianza":"alta"}},{"type":"Feature","geometry":{"type":"Point","coordinates":[-5.644047584050568,36.858871962784846]},"properties":{"id":"f4e2fab60d74bb55","tipo":"competencia","nombre":"HIGIOFI, SL","direccion":"VILLAMARTIN · 3 victorias en Andalucía · €21k total · CPV 39162100","municipio":"Villamartin","provincia":"(otra)","cp":null,"telefono":null,"email":null,"web":null,"etapas":null,"fuente":"placsp_adjudicaciones","confianza":"alta"}},{"type":"Feature","geometry":{"type":"Point","coordinates":[-3.618333748729846,37.12302951998363]},"properties":{"id":"bab87c04f505fb4e","tipo":"competencia","nombre":"dia cash, s.l.","direccion":"Ogíjares · 3 victorias en Andalucía · €13k total · CPV 39162100","municipio":"Ogíjares","provincia":"Granada","cp":null,"telefono":null,"email":null,"web":null,"etapas":null,"fuente":"placsp_adjudicaciones","confianza":"alta"}},{"type":"Feature","geometry":{"type":"Point","coordinates":[2.1852061240351968,41.4806729966768]},"properties":{"id":"6b6c6f29f3f83e4f","tipo":"competencia","nombre":"LAPPSET ESPAÑA V.R.,S.L.","direccion":"MONTCADA I REIXAC · 2 victorias en Andalucía · €8.1M total · CPV 37535200","municipio":"Montcada I Reixac","provincia":"(otra)","cp":null,"telefono":null,"email":null,"web":null,"etapas":null,"fuente":"placsp_adjudicaciones","confianza":"alta"}},{"type":"Feature","geometry":{"type":"Point","coordinates":[2.1765375736758314,41.38163659007272]},"properties":{"id":"5bb47f5581b396a4","tipo":"competencia","nombre":"PROSEÑAL, S.L.U.","direccion":"BARCELONA · 2 victorias en Andalucía · €8.0M total · CPV 34928470","municipio":"Barcelona","provincia":"(otra)","cp":null,"telefono":null,"email":null,"web":null,"etapas":null,"fuente":"placsp_adjudicaciones","confianza":"alta"}},{"type":"Feature","geometry":{"type":"Point","coordinates":[-2.721681167911343,41.60027079731564]},"properties":{"id":"d233d2f0f0a85fca","tipo":"competencia","nombre":"SEÑALIZACIONES VILLAR, S.A.","direccion":"SORIA · 2 victorias en Andalucía · €2.9M total · CPV 34928470","municipio":"Soria","provincia":"(otra)","cp":null,"telefono":null,"email":null,"web":null,"etapas":null,"fuente":"placsp_adjudicaciones","confianza":"alta"}},{"type":"Feature","geometry":{"type":"Point","coordinates":[2.3680120992182605,41.52539635410327]},"properties":{"id":"4d2a5e284ce9a746","tipo":"competencia","nombre":"EQUIPOS Y SERVICIOS DEL NORDESTE, S.L.","direccion":"Cabrils · 2 victorias en Andalucía · €733k total · CPV 34928480","municipio":"Cabrils","provincia":"(otra)","cp":null,"telefono":null,"email":null,"web":null,"etapas":null,"fuente":"placsp_adjudicaciones","confianza":"alta"}},{"type":"Feature","geometry":{"type":"Point","coordinates":[-6.773226474835633,38.320824771688464]},"properties":{"id":"e36503c9361b4030","tipo":"competencia","nombre":"RESILOGIS, SL","direccion":"Jerez de Los Caballeros · 2 victorias en Andalucía · €231k total · CPV 34928400","municipio":"Jerez de Los Caballeros","provincia":"(otra)","cp":null,"telefono":null,"email":null,"web":null,"etapas":null,"fuente":"placsp_adjudicaciones","confianza":"alta"}},{"type":"Feature","geometry":{"type":"Point","coordinates":[-6.9475297094732325,37.257446151216406]},"properties":{"id":"142e2a6c376239f1","tipo":"competencia","nombre":"Señalización vial y equipamientos urbanos del sur, s.l.u","direccion":"Huelva · 2 victorias en Andalucía · €168k total · CPV 43325000","municipio":"Huelva","provincia":"(otra)","cp":null,"telefono":null,"email":null,"web":null,"etapas":null,"fuente":"placsp_adjudicaciones","confianza":"alta"}},{"type":"Feature","geometry":{"type":"Point","coordinates":[-5.924356813254315,37.28436930019324]},"properties":{"id":"2372fdb98f728676","tipo":"competencia","nombre":"MORFOSISTEMAS, S.L.","direccion":"DOS HERMANAS · 2 victorias en Andalucía · €106k total · CPV 39150000","municipio":"Dos Hermanas","provincia":"Sevilla","cp":null,"telefono":null,"email":null,"web":null,"etapas":null,"fuente":"placsp_adjudicaciones","confianza":"alta"}},{"type":"Feature","geometry":{"type":"Point","coordinates":[-3.6287219067388485,37.02084722620116]},"properties":{"id":"0085619aa24e8322","tipo":"competencia","nombre":"Servisur2007 s.l.","direccion":"Padul · 2 victorias en Andalucía · €77k total · CPV 43325000","municipio":"Padul","provincia":"(otra)","cp":null,"telefono":null,"email":null,"web":null,"etapas":null,"fuente":"placsp_adjudicaciones","confianza":"alta"}},{"type":"Feature","geometry":{"type":"Point","coordinates":[-5.918826217231268,36.19153676212784]},"properties":{"id":"6ad3084687e99a18","tipo":"competencia","nombre":"LIGHT ENVIRONMENT CONTROL S.L.","direccion":"BARBATE · 2 victorias en Andalucía · €68k total · CPV 34928510","municipio":"Barbate","provincia":"Cádiz","cp":null,"telefono":null,"email":null,"web":null,"etapas":null,"fuente":"placsp_adjudicaciones","confianza":"alta"}},{"type":"Feature","geometry":{"type":"Point","coordinates":[-4.441317032872512,36.76598069680127]},"properties":{"id":"bb5d4c609df5f2fc","tipo":"competencia","nombre":"OFI-NET EUROPA, S.L.","direccion":"MÁLAGA · 2 victorias en Andalucía · €57k total · CPV 39100000","municipio":"Málaga","provincia":"Málaga","cp":null,"telefono":null,"email":null,"web":null,"etapas":null,"fuente":"placsp_adjudicaciones","confianza":"alta"}},{"type":"Feature","geometry":{"type":"Point","coordinates":[-5.99585125057879,37.38806008664414]},"properties":{"id":"29a5dd8574ecd61b","tipo":"competencia","nombre":"SERVICIOS URBANOS AVANZADOS S.L.","direccion":"Sevilla · 2 victorias en Andalucía · €56k total · CPV 34928400","municipio":"Sevilla","provincia":"Sevilla","cp":null,"telefono":null,"email":null,"web":null,"etapas":null,"fuente":"placsp_adjudicaciones","confianza":"alta"}},{"type":"Feature","geometry":{"type":"Point","coordinates":[-0.34753990564933074,39.54434495143806]},"properties":{"id":"7f11a5eb59d764bd","tipo":"competencia","nombre":"MOBIPARK, S.L.","direccion":"ALBALAT DELS SORELLS · 2 victorias en Andalucía · €51k total · CPV 37535200","municipio":"Albalat Dels Sorells","provincia":"(otra)","cp":null,"telefono":null,"email":null,"web":null,"etapas":null,"fuente":"placsp_adjudicaciones","confianza":"alta"}},{"type":"Feature","geometry":{"type":"Point","coordinates":[-3.241372351656829,40.6302305276722]},"properties":{"id":"44b3acd75aa1888a","tipo":"competencia","nombre":"PROYECTOS INTEGRALES DE BALIZAMIENTOS, S.L.","direccion":"CABANILLAS DEL CAMPO · 2 victorias en Andalucía · €48k total · CPV 34928471","municipio":"Cabanillas Del Campo","provincia":"(otra)","cp":null,"telefono":null,"email":null,"web":null,"etapas":null,"fuente":"placsp_adjudicaciones","confianza":"alta"}},{"type":"Feature","geometry":{"type":"Point","coordinates":[-4.771137722331801,37.38841296120433]},"properties":{"id":"6ccb9dd10d0cdc00","tipo":"competencia","nombre":"ILUMINACIONES XIMENEZ, S.A.U.","direccion":"PUENTE GENIL · 2 victorias en Andalucía · €48k total · CPV 34928510","municipio":"Puente Genil","provincia":"Córdoba","cp":null,"telefono":null,"email":null,"web":null,"etapas":null,"fuente":"placsp_adjudicaciones","confianza":"alta"}},{"type":"Feature","geometry":{"type":"Point","coordinates":[-5.456309769312967,37.12221550516616]},"properties":{"id":"967310e1abdc0877","tipo":"competencia","nombre":"AM3,S.C.","direccion":"MORÓN DE LA FRONTERA · 2 victorias en Andalucía · €45k total · CPV 39100000","municipio":"Morón De La Frontera","provincia":"Sevilla","cp":null,"telefono":null,"email":null,"web":null,"etapas":null,"fuente":"placsp_adjudicaciones","confianza":"alta"}},{"type":"Feature","geometry":{"type":"Point","coordinates":[-3.7054606966355195,40.417128918513306]},"properties":{"id":"6c42db1357d99a09","tipo":"competencia","nombre":"OFIPAPEL CENTER, S.L.","direccion":"MADRID · 2 victorias en Andalucía · €34k total · CPV 30192000","municipio":"Madrid","provincia":"(otra)","cp":null,"telefono":null,"email":null,"web":null,"etapas":null,"fuente":"placsp_adjudicaciones","confianza":"alta"}},{"type":"Feature","geometry":{"type":"Point","coordinates":[-5.921890753588411,37.282666216270215]},"properties":{"id":"2447069f4b552bf0","tipo":"competencia","nombre":"Antonio Miguel Rus Muñoz","direccion":"Dos hermanas · 2 victorias en Andalucía · €31k total · CPV 37416000","municipio":"Dos hermanas","provincia":"Sevilla","cp":null,"telefono":null,"email":null,"web":null,"etapas":null,"fuente":"placsp_adjudicaciones","confianza":"alta"}},{"type":"Feature","geometry":{"type":"Point","coordinates":[-4.277833095112239,36.71601662016155]},"properties":{"id":"d9f523bdd52decbb","tipo":"competencia","nombre":"TROMPECOCO SLU","direccion":"RINCON DE LA VICTORIA · 2 victorias en Andalucía · €21k total · CPV 37535000","municipio":"Rincon De La Victoria","provincia":"(otra)","cp":null,"telefono":null,"email":null,"web":null,"etapas":null,"fuente":"placsp_adjudicaciones","confianza":"alta"}},{"type":"Feature","geometry":{"type":"Point","coordinates":[-6.14389220104312,36.41914220983228]},"properties":{"id":"e5512c6d5dab5a56","tipo":"competencia","nombre":"VIRGINIA FERNANDEZ LARA","direccion":"CHICLANA DE LA FRONTERA · 2 victorias en Andalucía · €20k total · CPV 39100000","municipio":"Chiclana De La Frontera","provincia":"(otra)","cp":null,"telefono":null,"email":null,"web":null,"etapas":null,"fuente":"placsp_adjudicaciones","confianza":"alta"}},{"type":"Feature","geometry":{"type":"Point","coordinates":[2.795829655212153,41.975437127487254]},"properties":{"id":"4c91d5c6726ae52b","tipo":"competencia","nombre":"ID·WASTE SL","direccion":"Salt · 2 victorias en Andalucía · €18k total · CPV 34928480","municipio":"Salt","provincia":"(otra)","cp":null,"telefono":null,"email":null,"web":null,"etapas":null,"fuente":"placsp_adjudicaciones","confianza":"alta"}},{"type":"Feature","geometry":{"type":"Point","coordinates":[2.3088663191498857,41.980292209936835]},"properties":{"id":"2e21479e8c5e1947","tipo":"competencia","nombre":"CROUS EXPERT SL","direccion":"RODA DE TER · 2 victorias en Andalucía · €17k total · CPV 34928200","municipio":"Roda De Ter","provincia":"(otra)","cp":null,"telefono":null,"email":null,"web":null,"etapas":null,"fuente":"placsp_adjudicaciones","confianza":"alta"}},{"type":"Feature","geometry":{"type":"Point","coordinates":[-6.136139215638114,36.68181388625558]},"properties":{"id":"666c9a406ce7e688","tipo":"competencia","nombre":"SUMINISTROS INDUSTRIALES SHERRY SUR, S.L.","direccion":"JEREZ DE LA FRONTERA · 2 victorias en Andalucía · €10k total · CPV 34928200","municipio":"Jerez De La Frontera","provincia":"Cádiz","cp":null,"telefono":null,"email":null,"web":null,"etapas":null,"fuente":"placsp_adjudicaciones","confianza":"alta"}},{"type":"Feature","geometry":{"type":"Point","coordinates":[-4.77781377436865,37.883738692686805]},"properties":{"id":"03cff39c9701f96d","tipo":"competencia","nombre":"ESM RENTALS SL","direccion":"CORDOBA · 2 victorias en Andalucía · €5k total · CPV 34928300","municipio":"Cordoba","provincia":"Córdoba","cp":null,"telefono":null,"email":null,"web":null,"etapas":null,"fuente":"placsp_adjudicaciones","confianza":"alta"}},{"type":"Feature","geometry":{"type":"Point","coordinates":[-5.723098961929564,37.39057971006864]},"properties":{"id":"26bac5c904a47fa4","tipo":"competencia","nombre":"INTEMO SC","direccion":"EL VISO DEL ALCOR · 2 victorias en Andalucía · €0k total · CPV 39110000","municipio":"El Viso Del Alcor","provincia":"Sevilla","cp":null,"telefono":null,"email":null,"web":null,"etapas":null,"fuente":"placsp_adjudicaciones","confianza":"alta"}},{"type":"Feature","geometry":{"type":"Point","coordinates":[-3.703640706863468,40.41824592984116]},"properties":{"id":"c5bfcb214bb08ef5","tipo":"competencia","nombre":"CINNIA TECH","direccion":"MADRID · 2 victorias en Andalucía · CPV 34928400","municipio":"Madrid","provincia":"(otra)","cp":null,"telefono":null,"email":null,"web":null,"etapas":null,"fuente":"placsp_adjudicaciones","confianza":"alta"}},{"type":"Feature","geometry":{"type":"Point","coordinates":[-6.146740715453935,36.419738084840226]},"properties":{"id":"9a9e8718283df9ab","tipo":"competencia","nombre":"AZERTO INOXIDABLES SL","direccion":"CHICLANA DE LA FRONTERA · 1 victoria en Andalucía · €1.9M total · CPV 39151000","municipio":"Chiclana De La Frontera","provincia":"(otra)","cp":null,"telefono":null,"email":null,"web":null,"etapas":null,"fuente":"placsp_adjudicaciones","confianza":"alta"}},{"type":"Feature","geometry":{"type":"Point","coordinates":[-6.088629357381351,36.71617000474017]},"properties":{"id":"799b0445fe04738c","tipo":"competencia","nombre":"IERTEC SMART TECHNOLOGIES, S.L","direccion":"Guadalcacín (JEREZ DE LA FRONTERA) · 1 victoria en Andalucía · €330k total · CPV 34928470","municipio":"Guadalcacín (JEREZ DE LA FRONTERA)","provincia":"Cádiz","cp":null,"telefono":null,"email":null,"web":null,"etapas":null,"fuente":"placsp_adjudicaciones","confianza":"alta"}},{"type":"Feature","geometry":{"type":"Point","coordinates":[-1.0588317853434104,38.0811918677111]},"properties":{"id":"182f34cc60d29ece","tipo":"competencia","nombre":"ALPRINT SOLUCIONES GRAFICAS S.L.","direccion":"SANTOMERA · 1 victoria en Andalucía · €163k total · CPV 34928470","municipio":"Santomera","provincia":"(otra)","cp":null,"telefono":null,"email":null,"web":null,"etapas":null,"fuente":"placsp_adjudicaciones","confianza":"alta"}},{"type":"Feature","geometry":{"type":"Point","coordinates":[-3.9220999869220514,37.46352567463948]},"properties":{"id":"d7c3c9f1ae3f5bf4","tipo":"competencia","nombre":"Montajes Electricos Contreras S.L","direccion":"Alcalá la Real · 1 victoria en Andalucía · €160k total · CPV 34928520","municipio":"Alcalá la Real","provincia":"Jaén","cp":null,"telefono":null,"email":null,"web":null,"etapas":null,"fuente":"placsp_adjudicaciones","confianza":"alta"}},{"type":"Feature","geometry":{"type":"Point","coordinates":[-3.6285559458924563,37.22956792473878]},"properties":{"id":"e99d8d304cb4e67c","tipo":"competencia","nombre":"RESTAUPARK, S.L.","direccion":"PELIGROS · 1 victoria en Andalucía · €146k total · CPV 37535200","municipio":"Peligros","provincia":"Granada","cp":null,"telefono":null,"email":null,"web":null,"etapas":null,"fuente":"placsp_adjudicaciones","confianza":"alta"}},{"type":"Feature","geometry":{"type":"Point","coordinates":[2.6499162877878644,39.570879129843334]},"properties":{"id":"6b2a1582fcaf6b02","tipo":"competencia","nombre":"CICLISMO MALLORCA SL","direccion":"Palma de Mallorca · 1 victoria en Andalucía · €140k total · CPV 34928470","municipio":"Palma de Mallorca","provincia":"(otra)","cp":null,"telefono":null,"email":null,"web":null,"etapas":null,"fuente":"placsp_adjudicaciones","confianza":"alta"}},{"type":"Feature","geometry":{"type":"Point","coordinates":[-0.5527634091898666,38.91341348233903]},"properties":{"id":"b032ab5794c9580d","tipo":"competencia","nombre":"VALDONAIRE SOLUCIONES TÉCNICAS, S.L.","direccion":"Olleria · 1 victoria en Andalucía · €137k total · CPV 34928500","municipio":"Olleria","provincia":"(otra)","cp":null,"telefono":null,"email":null,"web":null,"etapas":null,"fuente":"placsp_adjudicaciones","confianza":"alta"}},{"type":"Feature","geometry":{"type":"Point","coordinates":[-4.487158845414241,37.40891786618136]},"properties":{"id":"00dc7b1b51293ef6","tipo":"competencia","nombre":"REDES DESCANSO, S.L.","direccion":"LUCENA · 1 victoria en Andalucía · €127k total · CPV 39100000","municipio":"Lucena","provincia":"Córdoba","cp":null,"telefono":null,"email":null,"web":null,"etapas":null,"fuente":"placsp_adjudicaciones","confianza":"alta"}},{"type":"Feature","geometry":{"type":"Point","coordinates":[-4.849216074811233,38.37778439320462]},"properties":{"id":"ce45a8b74cbe8c9e","tipo":"competencia","nombre":"Sumygrif Internacional S.L.","direccion":"POZOBLANCO · 1 victoria en Andalucía · €105k total · CPV 34928480","municipio":"Pozoblanco","provincia":"Córdoba","cp":null,"telefono":null,"email":null,"web":null,"etapas":null,"fuente":"placsp_adjudicaciones","confianza":"alta"}},{"type":"Feature","geometry":{"type":"Point","coordinates":[-5.925747522514839,37.156771360995705]},"properties":{"id":"a628b2566909abaf","tipo":"competencia","nombre":"Joaquín Tirado Márquez","direccion":"Los Palacios y Villafranca · 1 victoria en Andalucía · €86k total · CPV 34928400","municipio":"Los Palacios y Villafranca","provincia":"Sevilla","cp":null,"telefono":null,"email":null,"web":null,"etapas":null,"fuente":"placsp_adjudicaciones","confianza":"alta"}},{"type":"Feature","geometry":{"type":"Point","coordinates":[-3.9738732521497964,40.67952489702507]},"properties":{"id":"5f4c4b61ef69a761","tipo":"competencia","nombre":"MOBILIARIO URBANO Y PARQUES DE CASTILLA SLU","direccion":"MORALZARZAL · 1 victoria en Andalucía · €84k total · CPV 43325000","municipio":"Moralzarzal","provincia":"(otra)","cp":null,"telefono":null,"email":null,"web":null,"etapas":null,"fuente":"placsp_adjudicaciones","confianza":"alta"}},{"type":"Feature","geometry":{"type":"Point","coordinates":[-5.940449284763961,37.35228160494567]},"properties":{"id":"fe7db6524632891b","tipo":"competencia","nombre":"Teyja Ameral SLU","direccion":"DOS HERMANAS (SEVILLA) · 1 victoria en Andalucía · €82k total · CPV 34928400","municipio":"Dos Hermanas (Sevilla)","provincia":"Sevilla","cp":null,"telefono":null,"email":null,"web":null,"etapas":null,"fuente":"placsp_adjudicaciones","confianza":"alta"}},{"type":"Feature","geometry":{"type":"Point","coordinates":[-3.608815466134236,37.22254730209218]},"properties":{"id":"6a049972f8183f61","tipo":"competencia","nombre":"DAURO SYSTEMS SL","direccion":"PULIANAS · 1 victoria en Andalucía · €76k total · CPV 39100000","municipio":"Pulianas","provincia":"Granada","cp":null,"telefono":null,"email":null,"web":null,"etapas":null,"fuente":"placsp_adjudicaciones","confianza":"alta"}},{"type":"Feature","geometry":{"type":"Point","coordinates":[-4.777420889091929,37.88431667236711]},"properties":{"id":"12ae954fbdc2e1ba","tipo":"competencia","nombre":"INSTALACIONES ELECTRICAS RAHI SL","direccion":"CÓRDOBA · 1 victoria en Andalucía · €73k total · CPV 34928500","municipio":"Córdoba","provincia":"Córdoba","cp":null,"telefono":null,"email":null,"web":null,"etapas":null,"fuente":"placsp_adjudicaciones","confianza":"alta"}},{"type":"Feature","geometry":{"type":"Point","coordinates":[2.2283557026369656,41.85319729361818]},"properties":{"id":"e04ab85aaf2e054c","tipo":"competencia","nombre":"RAIMON SITJA S.L.","direccion":"Tona · 1 victoria en Andalucía · €72k total · CPV 34928480","municipio":"Tona","provincia":"(otra)","cp":null,"telefono":null,"email":null,"web":null,"etapas":null,"fuente":"placsp_adjudicaciones","confianza":"alta"}},{"type":"Feature","geometry":{"type":"Point","coordinates":[-5.922834409146739,37.28421321456002]},"properties":{"id":"975c6d51af9931a7","tipo":"competencia","nombre":"Printsur Soluciones integrales SL","direccion":"dos hermanas · 1 victoria en Andalucía · €72k total · CPV 30192400","municipio":"Dos Hermanas","provincia":"(otra)","cp":null,"telefono":null,"email":null,"web":null,"etapas":null,"fuente":"placsp_adjudicaciones","confianza":"alta"}},{"type":"Feature","geometry":{"type":"Point","coordinates":[-2.604901838527086,39.26915520660076]},"properties":{"id":"7fd4f71cf03b47f1","tipo":"competencia","nombre":"Señalización Y Equipamientos Para Entornos Naturales, S.L. (PROARTE)","direccion":"Villarrobledo (Albacete) · 1 victoria en Andalucía · €70k total · CPV 34928472","municipio":"Villarrobledo (Albacete)","provincia":"(otra)","cp":null,"telefono":null,"email":null,"web":null,"etapas":null,"fuente":"placsp_adjudicaciones","confianza":"alta"}},{"type":"Feature","geometry":{"type":"Point","coordinates":[-3.5327356127234135,40.50460693853366]},"properties":{"id":"75773fd7c534a3e5","tipo":"competencia","nombre":"FUTURE STREET ESPAÑA S.L.","direccion":"Paracuellos de Jarama · 1 victoria en Andalucía · €59k total · CPV 34928480","municipio":"Paracuellos de Jarama","provincia":"(otra)","cp":null,"telefono":null,"email":null,"web":null,"etapas":null,"fuente":"placsp_adjudicaciones","confianza":"alta"}},{"type":"Feature","geometry":{"type":"Point","coordinates":[-5.939719486438596,36.98112792205431]},"properties":{"id":"2af0a08f5ae917ec","tipo":"competencia","nombre":"PEDRO MONTES GUIJO","direccion":"LAS CABEZAS DE SAN JUAN · 1 victoria en Andalucía · €58k total · CPV 37535200","municipio":"Las Cabezas De San Juan","provincia":"(otra)","cp":null,"telefono":null,"email":null,"web":null,"etapas":null,"fuente":"placsp_adjudicaciones","confianza":"alta"}},{"type":"Feature","geometry":{"type":"Point","coordinates":[-2.265224173783308,43.185240689253334]},"properties":{"id":"0407d27763764c23","tipo":"competencia","nombre":"GERODAN S. COOP","direccion":"Azpeitia · 1 victoria en Andalucía · €57k total · CPV 39100000","municipio":"Azpeitia","provincia":"(otra)","cp":null,"telefono":null,"email":null,"web":null,"etapas":null,"fuente":"placsp_adjudicaciones","confianza":"alta"}},{"type":"Feature","geometry":{"type":"Point","coordinates":[-6.139385137494029,37.33975526774045]},"properties":{"id":"3ba55ecd6ded9b24","tipo":"competencia","nombre":"OTON EVENTOS S.L.","direccion":"Bollullos de la MItacion · 1 victoria en Andalucía · €57k total · CPV 34928200","municipio":"Bollullos de la MItacion","provincia":"Sevilla","cp":null,"telefono":null,"email":null,"web":null,"etapas":null,"fuente":"placsp_adjudicaciones","confianza":"alta"}},{"type":"Feature","geometry":{"type":"Point","coordinates":[-2.311216930530516,36.869227646532636]},"properties":{"id":"9ed50612ae6c0315","tipo":"competencia","nombre":"INDASA ALMERIA, S.L.","direccion":"ALMERIA · 1 victoria en Andalucía · €56k total · CPV 34928500","municipio":"Almeria","provincia":"Almería","cp":null,"telefono":null,"email":null,"web":null,"etapas":null,"fuente":"placsp_adjudicaciones","confianza":"alta"}},{"type":"Feature","geometry":{"type":"Point","coordinates":[-6.505021775326337,39.44656860920892]},"properties":{"id":"702bb746cd2fa276","tipo":"competencia","nombre":"MobuArteX S.L.","direccion":"MALPARTIDA DE CÁCERES · 1 victoria en Andalucía · €53k total · CPV 34928400","municipio":"Malpartida De Cáceres","provincia":"(otra)","cp":null,"telefono":null,"email":null,"web":null,"etapas":null,"fuente":"placsp_adjudicaciones","confianza":"alta"}},{"type":"Feature","geometry":{"type":"Point","coordinates":[-3.600033613353688,37.17261847644545]},"properties":{"id":"d59cf926913491fc","tipo":"competencia","nombre":"SERIN SPORT, S.L.","direccion":"GRANADA · 1 victoria en Andalucía · €51k total · CPV 34928470","municipio":"Granada","provincia":"Granada","cp":null,"telefono":null,"email":null,"web":null,"etapas":null,"fuente":"placsp_adjudicaciones","confianza":"alta"}},{"type":"Feature","geometry":{"type":"Point","coordinates":[-5.993355006992256,37.38890052042324]},"properties":{"id":"c92daa369b25a11d","tipo":"competencia","nombre":"DOLORES MORILLA MORENO","direccion":"SEVILLA · 1 victoria en Andalucía · €47k total · CPV 30190000","municipio":"Sevilla","provincia":"Sevilla","cp":null,"telefono":null,"email":null,"web":null,"etapas":null,"fuente":"placsp_adjudicaciones","confianza":"alta"}},{"type":"Feature","geometry":{"type":"Point","coordinates":[-2.8437604795658733,43.22968377757145]},"properties":{"id":"1ef09d03f7fa8544","tipo":"competencia","nombre":"KALAMAZOO PRODUCTOS DE OFICINA S.L.U.","direccion":"Galdácano · 1 victoria en Andalucía · €44k total · CPV 30192700","municipio":"Galdácano","provincia":"(otra)","cp":null,"telefono":null,"email":null,"web":null,"etapas":null,"fuente":"placsp_adjudicaciones","confianza":"alta"}},{"type":"Feature","geometry":{"type":"Point","coordinates":[-4.443769132702847,36.76534820833149]},"properties":{"id":"12ce1219d822b6be","tipo":"competencia","nombre":"OFIBURO S.L.","direccion":"MALAGA · 1 victoria en Andalucía · €43k total · CPV 39100000","municipio":"Malaga","provincia":"Málaga","cp":null,"telefono":null,"email":null,"web":null,"etapas":null,"fuente":"placsp_adjudicaciones","confianza":"alta"}},{"type":"Feature","geometry":{"type":"Point","coordinates":[-5.9213792736101025,36.18922408113589]},"properties":{"id":"eff2c319a1851f51","tipo":"competencia","nombre":"JUAN JOSÉ PACHECO REVUELTA","direccion":"BARBATE (CÁDIZ) · 1 victoria en Andalucía · €42k total · CPV 34928310","municipio":"Barbate (Cádiz)","provincia":"(otra)","cp":null,"telefono":null,"email":null,"web":null,"etapas":null,"fuente":"placsp_adjudicaciones","confianza":"alta"}},{"type":"Feature","geometry":{"type":"Point","coordinates":[-3.704012144195096,40.417150784223956]},"properties":{"id":"4c7ef76836f5821e","tipo":"competencia","nombre":"AINELEC LM","direccion":"MADRID · 1 victoria en Andalucía · €36k total · CPV 34928500","municipio":"Madrid","provincia":"(otra)","cp":null,"telefono":null,"email":null,"web":null,"etapas":null,"fuente":"placsp_adjudicaciones","confianza":"alta"}},{"type":"Feature","geometry":{"type":"Point","coordinates":[-5.997443877004887,37.388577750933464]},"properties":{"id":"e261c0c19229c6f4","tipo":"competencia","nombre":"ASISTENCIA Y AYUDA SATENUR SL","direccion":"SEVILLA · 1 victoria en Andalucía · €36k total · CPV 34928470","municipio":"Sevilla","provincia":"(otra)","cp":null,"telefono":null,"email":null,"web":null,"etapas":null,"fuente":"placsp_adjudicaciones","confianza":"alta"}},{"type":"Feature","geometry":{"type":"Point","coordinates":[-4.442350929789761,36.763695790193566]},"properties":{"id":"73916023f05f4f7a","tipo":"competencia","nombre":"IURBAN DIGITAL TOURISM, S.L.","direccion":"Málaga · 1 victoria en Andalucía · €33k total · CPV 34928400","municipio":"Málaga","provincia":"Málaga","cp":null,"telefono":null,"email":null,"web":null,"etapas":null,"fuente":"placsp_adjudicaciones","confianza":"alta"}},{"type":"Feature","geometry":{"type":"Point","coordinates":[-5.825710785235382,37.609671740168245]},"properties":{"id":"b8a7e21c467cea6d","tipo":"competencia","nombre":"SEÑALIZACIONES JICA ANDALUZA S.L.","direccion":"CANTILLANA · 1 victoria en Andalucía · €33k total · CPV 34928470","municipio":"Cantillana","provincia":"Sevilla","cp":null,"telefono":null,"email":null,"web":null,"etapas":null,"fuente":"placsp_adjudicaciones","confianza":"alta"}},{"type":"Feature","geometry":{"type":"Point","coordinates":[-5.781308053752473,37.18168467750909]},"properties":{"id":"fd4f6ec09540294f","tipo":"competencia","nombre":"UTREMULTIGESTION.S.L","direccion":"UTRERA · 1 victoria en Andalucía · €33k total · CPV 30192700","municipio":"Utrera","provincia":"Sevilla","cp":null,"telefono":null,"email":null,"web":null,"etapas":null,"fuente":"placsp_adjudicaciones","confianza":"alta"}},{"type":"Feature","geometry":{"type":"Point","coordinates":[-6.369803960147281,39.4740448817955]},"properties":{"id":"d355214b69968f1b","tipo":"competencia","nombre":"OFICACERES, S.L.","direccion":"Cáceres · 1 victoria en Andalucía · €32k total · CPV 39100000","municipio":"Cáceres","provincia":"(otra)","cp":null,"telefono":null,"email":null,"web":null,"etapas":null,"fuente":"placsp_adjudicaciones","confianza":"alta"}},{"type":"Feature","geometry":{"type":"Point","coordinates":[-3.808381425328382,37.96921405705818]},"properties":{"id":"d60d8f5a1dcbbd12","tipo":"competencia","nombre":"AstroAndalus, S.L.","direccion":"Mengíbar · 1 victoria en Andalucía · €32k total · CPV 34928400","municipio":"Mengíbar","provincia":"Jaén","cp":null,"telefono":null,"email":null,"web":null,"etapas":null,"fuente":"placsp_adjudicaciones","confianza":"alta"}},{"type":"Feature","geometry":{"type":"Point","coordinates":[-3.765674189709913,40.32898195594108]},"properties":{"id":"22dffd967f9398ca","tipo":"competencia","nombre":"Mecalux Servis S.A.","direccion":"Leganés · 1 victoria en Andalucía · €31k total · CPV 39151100","municipio":"Leganés","provincia":"(otra)","cp":null,"telefono":null,"email":null,"web":null,"etapas":null,"fuente":"placsp_adjudicaciones","confianza":"alta"}},{"type":"Feature","geometry":{"type":"Point","coordinates":[-2.4403694086545684,36.88271323343636]},"properties":{"id":"8f1a8fb84e5f37f7","tipo":"competencia","nombre":"MIRAS INSTALACIONES, TECNOLOGIA Y PROYECTOS, S.A.L","direccion":"Huércal de Almería · 1 victoria en Andalucía · €30k total · CPV 34928500","municipio":"Huércal de Almería","provincia":"(otra)","cp":null,"telefono":null,"email":null,"web":null,"etapas":null,"fuente":"placsp_adjudicaciones","confianza":"alta"}},{"type":"Feature","geometry":{"type":"Point","coordinates":[-5.994104772676626,37.38717750067973]},"properties":{"id":"536696705da3afcb","tipo":"competencia","nombre":"MARANZA DISTRIBUCIONES Y SERVICIOS S.L.","direccion":"SEVILLA · 1 victoria en Andalucía · €30k total · CPV 39100000","municipio":"Sevilla","provincia":"(otra)","cp":null,"telefono":null,"email":null,"web":null,"etapas":null,"fuente":"placsp_adjudicaciones","confianza":"alta"}},{"type":"Feature","geometry":{"type":"Point","coordinates":[-5.994756722935417,37.38830830732817]},"properties":{"id":"5fcb1e868b19e057","tipo":"competencia","nombre":"MUESTRATE EVENTOS SL","direccion":"Sevilla · 1 victoria en Andalucía · €27k total · CPV 39150000","municipio":"Sevilla","provincia":"Sevilla","cp":null,"telefono":null,"email":null,"web":null,"etapas":null,"fuente":"placsp_adjudicaciones","confianza":"alta"}},{"type":"Feature","geometry":{"type":"Point","coordinates":[-5.972452283221855,42.633837058838104]},"properties":{"id":"c8d878ad1acad2c7","tipo":"competencia","nombre":"GLOBALIA URBANISMO INTEGRAL, S.L.","direccion":"León · 1 victoria en Andalucía · €26k total · CPV 34928400","municipio":"León","provincia":"(otra)","cp":null,"telefono":null,"email":null,"web":null,"etapas":null,"fuente":"placsp_adjudicaciones","confianza":"alta"}},{"type":"Feature","geometry":{"type":"Point","coordinates":[-3.704829975971496,40.417349533591796]},"properties":{"id":"30735b1262d3e2af","tipo":"competencia","nombre":"HISPÁNICA DEL LED, S.L.","direccion":"MADRID · 1 victoria en Andalucía · €26k total · CPV 34928530","municipio":"Madrid","provincia":"(otra)","cp":null,"telefono":null,"email":null,"web":null,"etapas":null,"fuente":"placsp_adjudicaciones","confianza":"alta"}},{"type":"Feature","geometry":{"type":"Point","coordinates":[-0.8405526913064614,38.43818806965018]},"properties":{"id":"11a4183954036128","tipo":"competencia","nombre":"DREAMGYM FITNESS SL","direccion":"MONOVAR · 1 victoria en Andalucía · €25k total · CPV 37442000","municipio":"Monovar","provincia":"(otra)","cp":null,"telefono":null,"email":null,"web":null,"etapas":null,"fuente":"placsp_adjudicaciones","confianza":"alta"}},{"type":"Feature","geometry":{"type":"Point","coordinates":[-5.9389271218696145,36.98150947477417]},"properties":{"id":"36eb9df2e41abbc0","tipo":"competencia","nombre":"PEDRO MONTES GUIJO","direccion":"LAS CABEZAS DE SAN JUAN · 1 victoria en Andalucía · €23k total · CPV 43325000","municipio":"Las Cabezas De San Juan","provincia":"(otra)","cp":null,"telefono":null,"email":null,"web":null,"etapas":null,"fuente":"placsp_adjudicaciones","confianza":"alta"}},{"type":"Feature","geometry":{"type":"Point","coordinates":[-4.442785281747178,36.76341885501369]},"properties":{"id":"cee7c32ef3245dad","tipo":"competencia","nombre":"DEPORTE INTERNACIONAL, S.A.","direccion":"Málaga · 1 victoria en Andalucía · €23k total · CPV 34928200","municipio":"Málaga","provincia":"Málaga","cp":null,"telefono":null,"email":null,"web":null,"etapas":null,"fuente":"placsp_adjudicaciones","confianza":"alta"}},{"type":"Feature","geometry":{"type":"Point","coordinates":[-3.026818243803,42.26088794680169]},"properties":{"id":"29d2f4bbf6f38d68","tipo":"competencia","nombre":"Euroseating International S.A","direccion":"ezcaray · 1 victoria en Andalucía · €21k total · CPV 39100000","municipio":"Ezcaray","provincia":"(otra)","cp":null,"telefono":null,"email":null,"web":null,"etapas":null,"fuente":"placsp_adjudicaciones","confianza":"alta"}},{"type":"Feature","geometry":{"type":"Point","coordinates":[-3.6355535813208744,40.53824917260315]},"properties":{"id":"f026450adf48a53e","tipo":"competencia","nombre":"TARGET TECNOLOGIA, S.A.","direccion":"Alcobendas · 1 victoria en Andalucía · €21k total · CPV 34928300","municipio":"Alcobendas","provincia":"(otra)","cp":null,"telefono":null,"email":null,"web":null,"etapas":null,"fuente":"placsp_adjudicaciones","confianza":"alta"}},{"type":"Feature","geometry":{"type":"Point","coordinates":[-0.37684115326214096,39.46949592374506]},"properties":{"id":"614d9d1a505c0ea4","tipo":"competencia","nombre":"ARCOTECTURA ESPACIO CREATIVO SL","direccion":"VALENCIA · 1 victoria en Andalucía · €20k total · CPV 39100000","municipio":"Valencia","provincia":"(otra)","cp":null,"telefono":null,"email":null,"web":null,"etapas":null,"fuente":"placsp_adjudicaciones","confianza":"alta"}},{"type":"Feature","geometry":{"type":"Point","coordinates":[-6.198758882879154,36.4634120542181]},"properties":{"id":"0247389e0066a64d","tipo":"competencia","nombre":"TOMAS MARTIN S.L.","direccion":"SAN FERNANDO · 1 victoria en Andalucía · €20k total · CPV 34928400","municipio":"San Fernando","provincia":"Cádiz","cp":null,"telefono":null,"email":null,"web":null,"etapas":null,"fuente":"placsp_adjudicaciones","confianza":"alta"}},{"type":"Feature","geometry":{"type":"Point","coordinates":[-6.033058898867964,37.402546144112634]},"properties":{"id":"5171324c6f51b0ab","tipo":"competencia","nombre":"LANPEZ EQUIPAMIENTOS Y SERVICIOS, S. L.","direccion":"CAMAS · 1 victoria en Andalucía · €18k total · CPV 43325000","municipio":"Camas","provincia":"(otra)","cp":null,"telefono":null,"email":null,"web":null,"etapas":null,"fuente":"placsp_adjudicaciones","confianza":"alta"}},{"type":"Feature","geometry":{"type":"Point","coordinates":[-1.2400576650818964,38.05136723865905]},"properties":{"id":"7d6cbdefd4aa2aa3","tipo":"competencia","nombre":"HERMANOS IZQUIERDO MIÑANO, S.L.","direccion":"ALGUAZAS · 1 victoria en Andalucía · €17k total · CPV 30190000","municipio":"Alguazas","provincia":"(otra)","cp":null,"telefono":null,"email":null,"web":null,"etapas":null,"fuente":"placsp_adjudicaciones","confianza":"alta"}},{"type":"Feature","geometry":{"type":"Point","coordinates":[-3.8662854259519044,40.32283173278576]},"properties":{"id":"985877a058dbb964","tipo":"competencia","nombre":"SALTOKI CENTRO SA","direccion":"MOSTOLES · 1 victoria en Andalucía · €17k total · CPV 34928510","municipio":"Mostoles","provincia":"(otra)","cp":null,"telefono":null,"email":null,"web":null,"etapas":null,"fuente":"placsp_adjudicaciones","confianza":"alta"}},{"type":"Feature","geometry":{"type":"Point","coordinates":[-3.477730734044704,40.4591640123799]},"properties":{"id":"4ece093f1879a9e1","tipo":"competencia","nombre":"Instalaciones Integrales Leds, S.L.","direccion":"Torrejón de Ardoz · 1 victoria en Andalucía · €16k total · CPV 34928400","municipio":"Torrejón de Ardoz","provincia":"(otra)","cp":null,"telefono":null,"email":null,"web":null,"etapas":null,"fuente":"placsp_adjudicaciones","confianza":"alta"}},{"type":"Feature","geometry":{"type":"Point","coordinates":[-4.774989282555681,37.88540688847836]},"properties":{"id":"7f18184e7cbaffb8","tipo":"competencia","nombre":"DISTRIBUCIONES ELECTRICAS CORDOBA S.L.","direccion":"CORDOBA · 1 victoria en Andalucía · €16k total · CPV 34928530","municipio":"Cordoba","provincia":"(otra)","cp":null,"telefono":null,"email":null,"web":null,"etapas":null,"fuente":"placsp_adjudicaciones","confianza":"alta"}},{"type":"Feature","geometry":{"type":"Point","coordinates":[-5.080163122888168,37.54045576375062]},"properties":{"id":"30acca2c1e183a9c","tipo":"competencia","nombre":"SUMINISTROS ELECTRICOS COTO, S.L.","direccion":"ECIJA · 1 victoria en Andalucía · €15k total · CPV 34928500","municipio":"Ecija","provincia":"(otra)","cp":null,"telefono":null,"email":null,"web":null,"etapas":null,"fuente":"placsp_adjudicaciones","confianza":"alta"}},{"type":"Feature","geometry":{"type":"Point","coordinates":[-4.442138574357225,36.764210530515086]},"properties":{"id":"2074e92c6a5af10a","tipo":"competencia","nombre":"OFIBURO SL","direccion":"MALAGA · 1 victoria en Andalucía · €12k total · CPV 39110000","municipio":"Malaga","provincia":"Málaga","cp":null,"telefono":null,"email":null,"web":null,"etapas":null,"fuente":"placsp_adjudicaciones","confianza":"alta"}},{"type":"Feature","geometry":{"type":"Point","coordinates":[-4.641375229155004,37.57983777347348]},"properties":{"id":"08b31d7f8b3bec54","tipo":"competencia","nombre":"EQUIPAMIENTO Y SERVICIOS ADISMA SL","direccion":"MONTILLA · 1 victoria en Andalucía · €11k total · CPV 34928310","municipio":"Montilla","provincia":"(otra)","cp":null,"telefono":null,"email":null,"web":null,"etapas":null,"fuente":"placsp_adjudicaciones","confianza":"alta"}},{"type":"Feature","geometry":{"type":"Point","coordinates":[-5.311244875269912,37.22209476197209]},"properties":{"id":"e8fe779f470d2b64","tipo":"competencia","nombre":"IMPRENTA LIBRERIA SAN JOSE S.L.","direccion":"LA PUEBLA DE CAZALLA · 1 victoria en Andalucía · €11k total · CPV 30192000","municipio":"La Puebla De Cazalla","provincia":"(otra)","cp":null,"telefono":null,"email":null,"web":null,"etapas":null,"fuente":"placsp_adjudicaciones","confianza":"alta"}},{"type":"Feature","geometry":{"type":"Point","coordinates":[-5.994638743309193,37.38721403124601]},"properties":{"id":"5870c818c1a2bb76","tipo":"competencia","nombre":"COMVENCER","direccion":"Sevilla · 1 victoria en Andalucía · €11k total · CPV 30190000","municipio":"Sevilla","provincia":"Sevilla","cp":null,"telefono":null,"email":null,"web":null,"etapas":null,"fuente":"placsp_adjudicaciones","confianza":"alta"}},{"type":"Feature","geometry":{"type":"Point","coordinates":[-5.995959875168294,37.38816664165269]},"properties":{"id":"8def9edc47bbbd92","tipo":"competencia","nombre":"Renta de Maquinaria, S.L.U.","direccion":"Sevilla · 1 victoria en Andalucía · €11k total · CPV 34928400","municipio":"Sevilla","provincia":"(otra)","cp":null,"telefono":null,"email":null,"web":null,"etapas":null,"fuente":"placsp_adjudicaciones","confianza":"alta"}},{"type":"Feature","geometry":{"type":"Point","coordinates":[-1.2091335219946235,38.05622389258036]},"properties":{"id":"8ab1c9d81ebf79af","tipo":"competencia","nombre":"INNOVACIONES PLASTICAS DEL LEVANTE SL","direccion":"MOLINA DE SEGURA · 1 victoria en Andalucía · €11k total · CPV 34928480","municipio":"Molina De Segura","provincia":"(otra)","cp":null,"telefono":null,"email":null,"web":null,"etapas":null,"fuente":"placsp_adjudicaciones","confianza":"alta"}},{"type":"Feature","geometry":{"type":"Point","coordinates":[-1.210525979098777,38.05831729768106]},"properties":{"id":"d87fc9d99896a231","tipo":"competencia","nombre":"INNOVACIONES PLASTICAS DEL LEVANTE SL","direccion":"MOLINA DE SEGURA · 1 victoria en Andalucía · €11k total · CPV 34928480","municipio":"Molina De Segura","provincia":"(otra)","cp":null,"telefono":null,"email":null,"web":null,"etapas":null,"fuente":"placsp_adjudicaciones","confianza":"alta"}},{"type":"Feature","geometry":{"type":"Point","coordinates":[-6.225604983537403,36.601479865270626]},"properties":{"id":"708b43267dbb1fe1","tipo":"competencia","nombre":"Susana Acedo Avila","direccion":"El Puerto de Santa Maria · 1 victoria en Andalucía · €10k total · CPV 34928200","municipio":"El Puerto de Santa Maria","provincia":"Cádiz","cp":null,"telefono":null,"email":null,"web":null,"etapas":null,"fuente":"placsp_adjudicaciones","confianza":"alta"}},{"type":"Feature","geometry":{"type":"Point","coordinates":[-5.941105740495362,37.486197389604186]},"properties":{"id":"92cf8fff2018a952","tipo":"competencia","nombre":"juan lerida 17","direccion":"SAN JOSE DE LA RINCONADA · 1 victoria en Andalucía · €10k total · CPV 34928200","municipio":"San Jose De La Rinconada","provincia":"Sevilla","cp":null,"telefono":null,"email":null,"web":null,"etapas":null,"fuente":"placsp_adjudicaciones","confianza":"alta"}},{"type":"Feature","geometry":{"type":"Point","coordinates":[-7.777143816986243,42.34934605600358]},"properties":{"id":"f862ff57e8cf6f7e","tipo":"competencia","nombre":"GALMEDICA SL","direccion":"Pereiro de Aguiar (Ourense) · 1 victoria en Andalucía · €9k total · CPV 39151100","municipio":"Pereiro de Aguiar (Ourense)","provincia":"(otra)","cp":null,"telefono":null,"email":null,"web":null,"etapas":null,"fuente":"placsp_adjudicaciones","confianza":"alta"}},{"type":"Feature","geometry":{"type":"Point","coordinates":[-2.3106856828505173,36.867287410048164]},"properties":{"id":"0d9bec78b1e5f378","tipo":"competencia","nombre":"JARQUIL VERDE SL","direccion":"ALMERIA · 1 victoria en Andalucía · €9k total · CPV 39100000","municipio":"Almeria","provincia":"(otra)","cp":null,"telefono":null,"email":null,"web":null,"etapas":null,"fuente":"placsp_adjudicaciones","confianza":"alta"}},{"type":"Feature","geometry":{"type":"Point","coordinates":[-2.3098824941909304,36.86900009022747]},"properties":{"id":"de90745969e8d2f1","tipo":"competencia","nombre":"SERVITEC SL","direccion":"ALMERIA · 1 victoria en Andalucía · €7k total · CPV 39100000","municipio":"Almeria","provincia":"Almería","cp":null,"telefono":null,"email":null,"web":null,"etapas":null,"fuente":"placsp_adjudicaciones","confianza":"alta"}},{"type":"Feature","geometry":{"type":"Point","coordinates":[-3.670318939995645,40.189178582298446]},"properties":{"id":"aa4e75098856f94b","tipo":"competencia","nombre":"AGUDEL,S.L.","direccion":"VALDEMORO · 1 victoria en Andalucía · €7k total · CPV 39100000","municipio":"Valdemoro","provincia":"(otra)","cp":null,"telefono":null,"email":null,"web":null,"etapas":null,"fuente":"placsp_adjudicaciones","confianza":"alta"}},{"type":"Feature","geometry":{"type":"Point","coordinates":[2.3252215930956055,41.58653547795451]},"properties":{"id":"a8afc0b5e675ade9","tipo":"competencia","nombre":"DESARROLLOS EMPRESARIALES NEBRIJA SL","direccion":"LA ROCA DEL VALLES · 1 victoria en Andalucía · €5k total · CPV 34928200","municipio":"La Roca Del Valles","provincia":"(otra)","cp":null,"telefono":null,"email":null,"web":null,"etapas":null,"fuente":"placsp_adjudicaciones","confianza":"alta"}},{"type":"Feature","geometry":{"type":"Point","coordinates":[-1.1140253617311469,37.935036568022404]},"properties":{"id":"0f096098a332a69b","tipo":"competencia","nombre":"EVENTOS PAQUI","direccion":"MURCIA · 1 victoria en Andalucía · €5k total · CPV 34928200","municipio":"Murcia","provincia":"(otra)","cp":null,"telefono":null,"email":null,"web":null,"etapas":null,"fuente":"placsp_adjudicaciones","confianza":"alta"}},{"type":"Feature","geometry":{"type":"Point","coordinates":[-3.361972434887757,40.48226882640301]},"properties":{"id":"702518bad7dfe278","tipo":"competencia","nombre":"VETOCU SL","direccion":"Alcala de Henares · 1 victoria en Andalucía · €4k total · CPV 30192000","municipio":"Alcala de Henares","provincia":"(otra)","cp":null,"telefono":null,"email":null,"web":null,"etapas":null,"fuente":"placsp_adjudicaciones","confianza":"alta"}},{"type":"Feature","geometry":{"type":"Point","coordinates":[-5.810123072892273,36.752428737707866]},"properties":{"id":"cc59ef14694a4ba0","tipo":"competencia","nombre":"APLICATIONS ANDALUSIAN OF ENERGY S.L.","direccion":"ARCOS DE LA FRONTERA · 1 victoria en Andalucía · €1k total · CPV 39151000","municipio":"Arcos De La Frontera","provincia":"Cádiz","cp":null,"telefono":null,"email":null,"web":null,"etapas":null,"fuente":"placsp_adjudicaciones","confianza":"alta"}},{"type":"Feature","geometry":{"type":"Point","coordinates":[-4.7739895395479275,37.88465211625229]},"properties":{"id":"c84d2d0498a6c4b8","tipo":"competencia","nombre":"OFICINAS Y TABIQUES DE CORDOBA 2004, S.L","direccion":"CORDOBA · 1 victoria en Andalucía · €0k total · CPV 39100000","municipio":"Cordoba","provincia":"(otra)","cp":null,"telefono":null,"email":null,"web":null,"etapas":null,"fuente":"placsp_adjudicaciones","confianza":"alta"}},{"type":"Feature","geometry":{"type":"Point","coordinates":[-2.610518532008792,36.761619041233644]},"properties":{"id":"df379deb37abbac5","tipo":"competencia","nombre":"Ruiz Ortego S.L.","direccion":"Roquetas de Mar · 1 victoria en Andalucía · €0k total · CPV 34928400","municipio":"Roquetas de Mar","provincia":"Almería","cp":null,"telefono":null,"email":null,"web":null,"etapas":null,"fuente":"placsp_adjudicaciones","confianza":"alta"}},{"type":"Feature","geometry":{"type":"Point","coordinates":[-6.228449963663996,36.60022923209718]},"properties":{"id":"add65aefa9c61308","tipo":"competencia","nombre":"Ofisal Oficinas S.L","direccion":"El Puerto Sta. Maria · 1 victoria en Andalucía · €0k total · CPV 39100000","municipio":"El Puerto Sta. Maria","provincia":"(otra)","cp":null,"telefono":null,"email":null,"web":null,"etapas":null,"fuente":"placsp_adjudicaciones","confianza":"alta"}},{"type":"Feature","geometry":{"type":"Point","coordinates":[-3.703614534773366,40.41854985649916]},"properties":{"id":"1b62fa4c741726fc","tipo":"competencia","nombre":"BEYOND SOLUCIONES Y SERVICIOS S.L.","direccion":"MADRID · 1 victoria en Andalucía · €0k total · CPV 39151100","municipio":"Madrid","provincia":"(otra)","cp":null,"telefono":null,"email":null,"web":null,"etapas":null,"fuente":"placsp_adjudicaciones","confianza":"alta"}},{"type":"Feature","geometry":{"type":"Point","coordinates":[-4.804021403716668,36.50772679570528]},"properties":{"id":"f914cbfaa8a7723c","tipo":"competencia","nombre":"Marbair 360","direccion":"Marbella · 1 victoria en Andalucía · CPV 34928200","municipio":"Marbella","provincia":"Málaga","cp":null,"telefono":null,"email":null,"web":null,"etapas":null,"fuente":"placsp_adjudicaciones","confianza":"alta"}},{"type":"Feature","geometry":{"type":"Point","coordinates":[-5.921345631888223,37.28365587124067]},"properties":{"id":"29aea0c95956b0d7","tipo":"competencia","nombre":"IRMASOL ANDALUCIA SA","direccion":"Dos Hermanas, Sevilla. · 1 victoria en Andalucía · CPV 34928480","municipio":"Dos Hermanas, Sevilla.","provincia":"Sevilla","cp":null,"telefono":null,"email":null,"web":null,"etapas":null,"fuente":"placsp_adjudicaciones","confianza":"alta"}},{"type":"Feature","geometry":{"type":"Point","coordinates":[-4.7761252661569955,37.883535914927165]},"properties":{"id":"2475ab241f8b3f0d","tipo":"competencia","nombre":"RECUTON I S.L.","direccion":"CORDOBA · 1 victoria en Andalucía · CPV 30192000","municipio":"Cordoba","provincia":"Córdoba","cp":null,"telefono":null,"email":null,"web":null,"etapas":null,"fuente":"placsp_adjudicaciones","confianza":"alta"}},{"type":"Feature","geometry":{"type":"Point","coordinates":[-4.777454067322053,37.8844000263432]},"properties":{"id":"625897a4308b20f2","tipo":"competencia","nombre":"EVENTS SAN CRISTOBAL, SLU","direccion":"CORDOBA · 1 victoria en Andalucía · CPV 39110000","municipio":"Cordoba","provincia":"(otra)","cp":null,"telefono":null,"email":null,"web":null,"etapas":null,"fuente":"placsp_adjudicaciones","confianza":"alta"}},{"type":"Feature","geometry":{"type":"Point","coordinates":[-4.774755416776245,37.88499841445898]},"properties":{"id":"308d9d1df6fdf4d5","tipo":"competencia","nombre":"Fernández Cantero Servicios Andaluces S.L.","direccion":"Córdoba · 1 victoria en Andalucía · CPV 34928400","municipio":"Córdoba","provincia":"(otra)","cp":null,"telefono":null,"email":null,"web":null,"etapas":null,"fuente":"placsp_adjudicaciones","confianza":"alta"}},{"type":"Feature","geometry":{"type":"Point","coordinates":[-3.970438369917268,37.72076112010937]},"properties":{"id":"78fe62cc2641cacb","tipo":"competencia","nombre":"CRUZ DEL LLORO SL","direccion":"MARTOS · 1 victoria en Andalucía · CPV 34928400","municipio":"Martos","provincia":"Jaén","cp":null,"telefono":null,"email":null,"web":null,"etapas":null,"fuente":"placsp_adjudicaciones","confianza":"alta"}},{"type":"Feature","geometry":{"type":"Point","coordinates":[-3.7028353422643274,40.416818957732616]},"properties":{"id":"aacb1d458fc2f89c","tipo":"competencia","nombre":"Comercial de Suministros para la Informatica","direccion":"Madrid · 1 victoria en Andalucía · CPV 30192000","municipio":"Madrid","provincia":"(otra)","cp":null,"telefono":null,"email":null,"web":null,"etapas":null,"fuente":"placsp_adjudicaciones","confianza":"alta"}},{"type":"Feature","geometry":{"type":"Point","coordinates":[-0.4353999880706762,38.39975748427985]},"properties":{"id":"c267bb2c6f30f140","tipo":"competencia","nombre":"DVIAL TRAFFIC AND HUMAN SAFETY SLU","direccion":"SAN JUAN DE ALICANTE · 1 victoria en Andalucía · CPV 34928200","municipio":"San Juan De Alicante","provincia":"(otra)","cp":null,"telefono":null,"email":null,"web":null,"etapas":null,"fuente":"placsp_adjudicaciones","confianza":"alta"}},{"type":"Feature","geometry":{"type":"Point","coordinates":[-1.1138549577843495,37.934966976976874]},"properties":{"id":"3cab3cea7d10f14f","tipo":"competencia","nombre":"EQUIPAMIENTOS PARA ENTORNO URBANO, S.L.U.","direccion":"Murcia · 1 victoria en Andalucía · CPV 37535200","municipio":"Murcia","provincia":"(otra)","cp":null,"telefono":null,"email":null,"web":null,"etapas":null,"fuente":"placsp_adjudicaciones","confianza":"alta"}},{"type":"Feature","geometry":{"type":"Point","coordinates":[-5.92417944143489,37.15682029592304]},"properties":{"id":"47be20f6d8af4440","tipo":"competencia","nombre":"OCO NEGRO S.L.","direccion":"LOS PALACIOS Y VILLAFRANCA · 1 victoria en Andalucía · CPV 34928200","municipio":"Los Palacios Y Villafranca","provincia":"(otra)","cp":null,"telefono":null,"email":null,"web":null,"etapas":null,"fuente":"placsp_adjudicaciones","confianza":"alta"}}]}